record_type,timestamp_us,sample_index,emg_timer_gap,imu_sample_index,imu_timer_gap,ads_raw,ads_voltage,ac_voltage,envelope_raw,envelope_voltage,adaptive_on_voltage,adaptive_off_voltage,fixed_on_voltage,fixed_off_voltage,detector_state,leads,lo_minus,lo_plus,motion,fixed_active,adaptive_active,fixed_event,adaptive_event,fixed_release,adaptive_release,ax,ay,az,gx,gy,gz,phase,repetition,intensity,on_coefficient,off_coefficient,motion_gyro_dps,motion_accel_delta_g
emg,6223267227,5349214,1,,,13316,1.6645,0.020273692497233098,99.49443817138672,0.01243680477142334,0.13077943420410157,0.0772412567138672,0.135212890625,0.08000169372558594,REST,0,0,0,0,False,False,False,False,False,False,,,,,,,,,,6.0,3.0,20.0,0.25
emg,6223371828,5349304,1,,,13159,1.644875,0.000822865886589641,83.84040832519531,0.010480051040649415,0.13077943420410157,0.0772412567138672,0.135212890625,0.08000169372558594,CALIBRATING,0,0,0,0,False,False,False,False,False,False,,,,,,,,,,6.0,3.0,20.0,0.25
emg,6223476505,5349394,1,,,13280,1.6600000000000001,0.015912117971495388,108.22468566894531,0.013528085708618165,0.13077943420410157,0.0772412567138672,0.135212890625,0.08000169372558594,CALIBRATING,0,0,0,0,False,False,False,False,False,False,,,,,,,,,,6.0,3.0,20.0,0.25
emg,6223581178,5349484,1,,,13003,1.625375,-0.018513003250212767,79.5973129272461,0.009949664115905761,0.13077943420410157,0.0772412567138672,0.135212890625,0.08000169372558594,CALIBRATING,0,0,0,0,False,False,False,False,False,False,,,,,,,,,,6.0,3.0,20.0,0.25
emg,6223686418,5349574,1,,,13142,1.64275,-0.0010339866437887313,60.06315612792969,0.007507894515991211,0.13077943420410157,0.0772412567138672,0.135212890625,0.08000169372558594,CALIBRATING,0,0,0,0,False,False,False,False,False,False,,,,,,,,,,6.0,3.0,20.0,0.25
emg,6223790529,5349664,1,,,13214,1.65175,0.007716057819386224,58.45826721191406,0.007307283401489258,0.13077943420410157,0.0772412567138672,0.135212890625,0.08000169372558594,CALIBRATING,0,0,0,0,False,False,False,False,False,False,,,,,,,,,,6.0,3.0,20.0,0.25
emg,6223895185,5349754,1,,,13205,1.650625,0.006682727021490642,113.58460998535156,0.014198076248168946,0.13077943420410157,0.0772412567138672,0.135212890625,0.08000169372558594,CALIBRATING,0,0,0,0,False,False,False,False,False,False,,,,,,,,,,6.0,3.0,20.0,0.25
emg,6223999857,5349844,1,,,13083,1.635375,-0.008945844542565196,122.66175842285156,0.015332719802856446,0.13077943420410157,0.0772412567138672,0.135212890625,0.08000169372558594,CALIBRATING,0,0,0,0,False,False,False,False,False,False,,,,,,,,,,6.0,3.0,20.0,0.25
emg,6224105243,5349934,1,,,13071,1.633875,-0.010470583037033077,71.74209594726562,0.008967761993408204,0.13077943420410157,0.0772412567138672,0.135212890625,0.08000169372558594,CALIBRATING,0,0,0,0,False,False,False,False,False,False,,,,,,,,,,6.0,3.0,20.0,0.25
emg,6224197605,5350014,1,,,13296,1.6620000000000001,0.0178591281943854,83.83892059326172,0.010479865074157714,0.13077943420410157,0.0772412567138672,0.135212890625,0.08000169372558594,CALIBRATING,0,0,0,0,False,False,False,False,False,False,,,,,,,,,,6.0,3.0,20.0,0.25
imu,6224280426,,,622014,1,,,,,,,,,,,,,,,,,,,,,-0.17724609375,-0.07666015625,0.9102783203125,0.007633587786259542,0.10687022900763359,0.05343511450381679,,,,6.0,3.0,20.0,0.25
emg,6224418535,5350204,1,,,13358,1.66975,0.02466459638604701,97.9530258178711,0.012244128227233886,0.13077943420410157,0.0772412567138672,0.135212890625,0.08000169372558594,CALIBRATING,0,0,0,0,False,False,False,False,False,False,,,,,,,,,,6.0,3.0,20.0,0.25
emg,6224511581,5350284,1,,,13217,1.652125,0.006735731061118244,65.66608428955078,0.008208260536193848,0.13077943420410157,0.0772412567138672,0.135212890625,0.08000169372558594,CALIBRATING,0,0,0,0,False,False,False,False,False,False,,,,,,,,,,6.0,3.0,20.0,0.25
emg,6224616556,5350374,1,,,13063,1.632875,-0.012752615539642909,159.6534423828125,0.019956680297851564,0.13077943420410157,0.0772412567138672,0.135212890625,0.08000169372558594,CALIBRATING,0,0,0,0,False,False,False,False,False,False,,,,,,,,,,6.0,3.0,20.0,0.25
emg,6224720921,5350464,1,,,13016,1.627,-0.019079724751406957,109.43647766113281,0.013679559707641602,0.13077943420410157,0.0772412567138672,0.135212890625,0.08000169372558594,CALIBRATING,0,0,0,0,False,False,False,False,False,False,,,,,,,,,,6.0,3.0,20.0,0.25
imu,6224800431,,,622066,1,,,,,,,,,,,,,,,,,,,,,-0.17529296875,-0.0753173828125,0.9119873046875,-0.030534351145038167,0.09923664122137404,0.0916030534351145,,,,6.0,3.0,20.0,0.25
emg,6224933395,5350645,1,,,13311,1.663875,0.01776058070717812,76.20232391357422,0.009525290489196777,0.13077943420410157,0.0772412567138672,0.135212890625,0.08000169372558594,CALIBRATING,0,0,0,0,False,False,False,False,False,False,,,,,,,,,,6.0,3.0,20.0,0.25
emg,6225036110,5350735,1,,,13324,1.6655,0.019505547964257408,79.5567855834961,0.009944598197937011,0.13077943420410157,0.0772412567138672,0.135212890625,0.08000169372558594,CALIBRATING,0,0,0,0,False,False,False,False,False,False,,,,,,,,,,6.0,3.0,20.0,0.25
emg,6225140755,5350825,1,,,13189,1.648625,0.002291908133242204,98.71195220947266,0.012338994026184082,0.13077943420410157,0.0772412567138672,0.135212890625,0.08000169372558594,CALIBRATING,0,0,0,0,False,False,False,False,False,False,,,,,,,,,,6.0,3.0,20.0,0.25
emg,6225245428,5350915,1,,,13149,1.6436250000000001,-0.003099057453352927,90.817626953125,0.011352203369140626,0.13077943420410157,0.0772412567138672,0.135212890625,0.08000169372558594,CALIBRATING,0,0,0,0,False,False,False,False,False,False,,,,,,,,,,6.0,3.0,20.0,0.25
emg,6225350104,5351005,1,,,13171,1.6463750000000001,-0.0005679890058203352,70.28609466552734,0.008785761833190919,0.13077943420410157,0.0772412567138672,0.135212890625,0.08000169372558594,CALIBRATING,0,0,0,0,False,False,False,False,False,False,,,,,,,,,,6.0,3.0,20.0,0.25
emg,6225455131,5351095,1,,,13279,1.659875,0.012046168220016584,125.94878387451172,0.015743597984313965,0.13077943420410157,0.0772412567138672,0.135212890625,0.08000169372558594,CALIBRATING,0,0,0,0,False,False,False,False,False,False,,,,,,,,,,6.0,3.0,20.0,0.25
emg,6225559444,5351185,1,,,13396,1.6745,0.026251507244796857,101.81534576416016,0.01272691822052002,0.13077943420410157,0.0772412567138672,0.135212890625,0.08000169372558594,CALIBRATING,0,0,0,0,False,False,False,False,False,False,,,,,,,,,,6.0,3.0,20.0,0.25
emg,6225664110,5351275,1,,,13151,1.643875,-0.0047104470800767295,48.91808319091797,0.006114760398864746,0.13077943420410157,0.0772412567138672,0.135212890625,0.08000169372558594,CALIBRATING,0,0,0,0,False,False,False,False,False,False,,,,,,,,,,6.0,3.0,20.0,0.25
emg,6225768771,5351365,1,,,13111,1.638875,-0.00955527894749908,129.85450744628906,0.016231813430786134,0.13077943420410157,0.0772412567138672,0.135212890625,0.08000169372558594,CALIBRATING,0,0,0,0,False,False,False,False,False,False,,,,,,,,,,6.0,3.0,20.0,0.25
emg,6225873448,5351455,1,,,13039,1.629875,-0.018452582891302916,81.06553649902344,0.01013319206237793,0.13077943420410157,0.0772412567138672,0.135212890625,0.08000169372558594,CALIBRATING,0,0,0,0,False,False,False,False,False,False,,,,,,,,,,6.0,3.0,20.0,0.25
emg,6225978144,5351545,1,,,13464,1.683,0.03483031946201409,125.2227783203125,0.015652847290039063,0.13077943420410157,0.0772412567138672,0.135212890625,0.08000169372558594,CALIBRATING,0,0,0,0,False,False,False,False,False,False,,,,,,,,,,6.0,3.0,20.0,0.25
emg,6226082785,5351635,1,,,13215,1.651875,0.0038762175495650197,75.86990356445312,0.00948373794555664,0.13077943420410157,0.0772412567138672,0.135212890625,0.08000169372558594,CALIBRATING,0,0,0,0,False,False,False,False,False,False,,,,,,,,,,6.0,3.0,20.0,0.25
emg,6226189781,5351726,1,,,13037,1.629625,-0.01814601861069276,112.92394256591797,0.014115492820739746,0.13077943420410157,0.0772412567138672,0.135212890625,0.08000169372558594,CALIBRATING,0,0,0,0,False,False,False,False,False,False,,,,,,,,,,6.0,3.0,20.0,0.25
emg,6226293284,5351816,1,,,13165,1.6456250000000001,-0.0018841609466762055,97.93147277832031,0.01224143409729004,0.13077943420410157,0.0772412567138672,0.135212890625,0.08000169372558594,CALIBRATING,0,0,0,0,False,False,False,False,False,False,,,,,,,,,,6.0,3.0,20.0,0.25
imu,6226360426,,,622222,1,,,,,,,,,,,,,,,,,,,,,-0.1759033203125,-0.076904296875,0.90673828125,-0.030534351145038167,0.030534351145038167,0.07633587786259542,,,,6.0,3.0,20.0,0.25
emg,6226503794,5351997,1,,,13189,1.648625,0.0015329120213867231,80.45494079589844,0.010056867599487304,0.13077943420410157,0.0772412567138672,0.135212890625,0.08000169372558594,CALIBRATING,0,0,0,0,False,False,False,False,False,False,,,,,,,,,,6.0,3.0,20.0,0.25
emg,6226608464,5352087,1,,,13118,1.63975,-0.007764040402223227,121.624267578125,0.015203033447265625,0.13077943420410157,0.0772412567138672,0.135212890625,0.08000169372558594,CALIBRATING,0,0,0,0,False,False,False,False,False,False,,,,,,,,,,6.0,3.0,20.0,0.25
emg,6226701507,5352167,1,,,13140,1.6425,-0.005032470458432359,77.59193420410156,0.009698991775512696,0.13077943420410157,0.0772412567138672,0.135212890625,0.08000169372558594,CALIBRATING,0,0,0,0,False,False,False,False,False,False,,,,,,,,,,6.0,3.0,20.0,0.25
emg,6226806756,5352257,1,,,13128,1.641,-0.0066969353875325766,88.60095977783203,0.011075119972229003,0.13077943420410157,0.0772412567138672,0.135212890625,0.08000169372558594,CALIBRATING,0,0,0,0,False,False,False,False,False,False,,,,,,,,,,6.0,3.0,20.0,0.25
imu,6226880429,,,622274,1,,,,,,,,,,,,,,,,,,,,,-0.176025390625,-0.07373046875,0.91259765625,-0.08396946564885496,0.07633587786259542,0.07633587786259542,,,,6.0,3.0,20.0,0.25
emg,6227027144,5352447,1,,,13199,1.649875,0.0012381446758746861,130.55206298828125,0.016319007873535157,0.13077943420410157,0.0772412567138672,0.135212890625,0.08000169372558594,CALIBRATING,0,0,0,0,False,False,False,False,False,False,,,,,,,,,,6.0,3.0,20.0,0.25
emg,6227120184,5352527,1,,,13398,1.67475,0.025169652127865927,152.5140380859375,0.019064254760742187,0.13077943420410157,0.0772412567138672,0.135212890625,0.08000169372558594,CALIBRATING,0,0,0,0,False,False,False,False,False,False,,,,,,,,,,6.0,3.0,20.0,0.25
emg,6227224860,5352617,1,,,13246,1.65575,0.005291491118825764,133.68954467773438,0.0167111930847168,0.13077943420410157,0.0772412567138672,0.135212890625,0.08000169372558594,CALIBRATING,0,0,0,0,False,False,False,False,False,False,,,,,,,,,,6.0,3.0,20.0,0.25
emg,6227329560,5352707,1,,,13095,1.636875,-0.013557397920922698,61.979793548583984,0.007747474193572999,0.13077943420410157,0.0772412567138672,0.135212890625,0.08000169372558594,CALIBRATING,0,0,0,0,False,False,False,False,False,False,,,,,,,,,,6.0,3.0,20.0,0.25
emg,6227434191,5352797,1,,,13334,1.66675,0.016673918014715072,103.95655822753906,0.012994569778442383,0.13077943420410157,0.0772412567138672,0.135212890625,0.08000169372558594,CALIBRATING,0,0,0,0,False,False,False,False,False,False,,,,,,,,,,6.0,3.0,20.0,0.25
emg,6227538862,5352887,1,,,13219,1.652375,0.0022411631468712834,70.2701644897461,0.008783770561218263,0.13077943420410157,0.0772412567138672,0.135212890625,0.08000169372558594,CALIBRATING,0,0,0,0,False,False,False,False,False,False,,,,,,,,,,6.0,3.0,20.0,0.25
emg,6227645271,5352978,1,,,13175,1.646875,-0.0038947149000905235,74.70536804199219,0.009338171005249024,0.13077943420410157,0.0772412567138672,0.135212890625,0.08000169372558594,CALIBRATING,0,0,0,0,False,False,False,False,False,False,,,,,,,,,,6.0,3.0,20.0,0.25
emg,6227750536,5353069,1,,,13296,1.6620000000000001,0.01089513477247439,125.25685119628906,0.015657106399536134,0.13077943420410157,0.0772412567138672,0.135212890625,0.08000169372558594,CALIBRATING,0,0,0,0,False,False,False,False,False,False,,,,,,,,,,6.0,3.0,20.0,0.25
emg,6227855200,5353159,1,,,13226,1.65325,0.0021585125511409675,120.71842956542969,0.015089803695678711,0.13077943420410157,0.0772412567138672,0.135212890625,0.08000169372558594,CALIBRATING,0,0,0,0,False,False,False,False,False,False,,,,,,,,,,6.0,3.0,20.0,0.25
emg,6227959876,5353249,1,,,13098,1.63725,-0.012992484416706862,91.9184799194336,0.0114898099899292,0.13077943420410157,0.0772412567138672,0.135212890625,0.08000169372558594,CALIBRATING,0,0,0,0,False,False,False,False,False,False,,,,,,,,,,6.0,3.0,20.0,0.25
emg,6228065114,5353339,1,,,13072,1.6340000000000001,-0.015512981613095889,76.5152816772461,0.009564410209655762,0.13077943420410157,0.0772412567138672,0.135212890625,0.08000169372558594,CALIBRATING,0,0,0,0,False,False,False,False,False,False,,,,,,,,,,6.0,3.0,20.0,0.25
emg,6228169218,5353429,1,,,12988,1.6235,-0.024945089520215902,103.49998474121094,0.012937498092651368,0.13077943420410157,0.0772412567138672,0.135212890625,0.08000169372558594,CALIBRATING,0,0,0,0,False,False,False,False,False,False,,,,,,,,,,6.0,3.0,20.0,0.25
emg,6228273880,5353519,1,,,13148,1.6435,-0.003651936350516971,87.58008575439453,0.010947510719299317,0.13077943420410157,0.0772412567138672,0.135212890625,0.08000169372558594,CALIBRATING,0,0,0,0,False,False,False,False,False,False,,,,,,,,,,6.0,3.0,20.0,0.25
emg,6228378545,5353609,1,,,13197,1.6496250000000001,0.0033407932438778154,106.0263671875,0.0132532958984375,0.13077943420410157,0.0772412567138672,0.135212890625,0.08000169372558594,CALIBRATING,0,0,0,0,False,False,False,False,False,False,,,,,,,,,,6.0,3.0,20.0,0.25
emg,6228483220,5353699,1,,,13032,1.629,-0.016607081342812968,67.39710998535156,0.008424638748168945,0.13077943420410157,0.0772412567138672,0.135212890625,0.08000169372558594,CALIBRATING,0,0,0,0,False,False,False,False,False,False,,,,,,,,,,6.0,3.0,20.0,0.25
emg,6228587909,5353789,1,,,13050,1.63125,-0.013839206667817017,95.19703674316406,0.011899629592895509,0.13077943420410157,0.0772412567138672,0.135212890625,0.08000169372558594,CALIBRATING,0,0,0,0,False,False,False,False,False,False,,,,,,,,,,6.0,3.0,20.0,0.25
emg,6228692557,5353879,1,,,13073,1.634125,-0.01056512161836487,85.79728698730469,0.010724660873413085,0.13077943420410157,0.0772412567138672,0.135212890625,0.08000169372558594,CALIBRATING,0,0,0,0,False,False,False,False,False,False,,,,,,,,,,6.0,3.0,20.0,0.25
emg,6228797227,5353969,1,,,13264,1.6580000000000001,0.013469163544048701,76.98905944824219,0.009623632431030274,0.13077943420410157,0.0772412567138672,0.135212890625,0.08000169372558594,CALIBRATING,0,0,0,0,False,False,False,False,False,False,,,,,,,,,,6.0,3.0,20.0,0.25
emg,6228903065,5354060,1,,,13100,1.6375,-0.007825194313995532,119.24515533447266,0.014905644416809083,0.13077943420410157,0.0772412567138672,0.135212890625,0.08000169372558594,CALIBRATING,0,0,0,0,False,False,False,False,False,False,,,,,,,,,,6.0,3.0,20.0,0.25
imu,6228960442,,,622482,1,,,,,,,,,,,,,,,,,,,,,-0.1689453125,-0.075439453125,0.9100341796875,-0.015267175572519083,0.08396946564885496,0.030534351145038167,,,,6.0,3.0,20.0,0.25
emg,6229113568,5354241,1,,,13218,1.65225,0.006273837858535858,68.75177001953125,0.008593971252441407,0.13077943420410157,0.0772412567138672,0.135212890625,0.08000169372558594,CALIBRATING,0,0,0,0,False,False,False,False,False,False,,,,,,,,,,6.0,3.0,20.0,0.25
emg,6229218238,5354331,1,,,13124,1.6405,-0.005070223464897161,75.87486267089844,0.009484357833862304,0.13077943420410157,0.0772412567138672,0.135212890625,0.08000169372558594,CALIBRATING,0,0,0,0,False,False,False,False,False,False,,,,,,,,,,6.0,3.0,20.0,0.25
emg,6229311276,5354411,1,,,12830,1.60375,-0.040254974849076364,175.8545379638672,0.021981817245483398,0.13077943420410157,0.0772412567138672,0.135212890625,0.08000169372558594,CALIBRATING,0,0,0,0,False,False,False,False,False,False,,,,,,,,,,6.0,3.0,20.0,0.25
emg,6229416637,5354501,1,,,12999,1.624875,-0.015982477527936245,234.86346435546875,0.029357933044433595,0.13077943420410157,0.0772412567138672,0.135212890625,0.08000169372558594,CALIBRATING,0,0,0,0,False,False,False,False,False,False,,,,,,,,,,6.0,3.0,20.0,0.25
imu,6229480431,,,622534,1,,,,,,,,,,,,,,,,,,,,,-0.1790771484375,-0.0706787109375,0.9158935546875,1.1526717557251909,0.2748091603053435,0.32061068702290074,,,,6.0,3.0,20.0,0.25
emg,6229625286,5354681,1,,,13150,1.64375,0.005589969300600295,86.82936096191406,0.010853670120239259,0.13077943420410157,0.0772412567138672,0.135212890625,0.08000169372558594,CALIBRATING,0,0,0,0,False,False,False,False,False,False,,,,,,,,,,6.0,3.0,20.0,0.25
emg,6229729956,5354771,1,,,13162,1.64525,0.006490433836858545,94.46185302734375,0.011807731628417969,0.13077943420410157,0.0772412567138672,0.135212890625,0.08000169372558594,CALIBRATING,0,0,0,0,False,False,False,False,False,False,,,,,,,,,,6.0,3.0,20.0,0.25
emg,6229834632,5354861,1,,,13340,1.6675,0.027231455217643585,143.4207763671875,0.017927597045898438,0.13077943420410157,0.0772412567138672,0.135212890625,0.08000169372558594,CALIBRATING,0,0,0,0,False,False,False,False,False,False,,,,,,,,,,6.0,3.0,20.0,0.25
emg,6229939549,5354951,1,,,13490,1.68625,0.044785925064299015,190.18087768554688,0.02377260971069336,0.13077943420410157,0.0772412567138672,0.135212890625,0.08000169372558594,CALIBRATING,0,0,0,0,False,False,False,False,False,False,,,,,,,,,,6.0,3.0,20.0,0.25
emg,6230043966,5355041,1,,,13164,1.6455,0.002513486676836374,154.48460388183594,0.019310575485229492,0.13077943420410157,0.0772412567138672,0.135212890625,0.08000169372558594,CALIBRATING,0,0,0,0,False,False,False,False,False,False,,,,,,,,,,6.0,3.0,20.0,0.25
emg,6230149799,5355132,1,,,13214,1.65175,0.008274777529211352,60.94035720825195,0.007617544651031494,0.13077943420410157,0.0772412567138672,0.135212890625,0.08000169372558594,CALIBRATING,0,0,0,0,False,False,False,False,False,False,,,,,,,,,,6.0,3.0,20.0,0.25
emg,6230256990,5355223,1,,,13252,1.6565,0.012733818350767923,116.46990203857422,0.014558737754821778,0.13077943420410157,0.0772412567138672,0.135212890625,0.08000169372558594,CALIBRATING,0,0,0,0,False,False,False,False,False,False,,,,,,,,,,6.0,3.0,20.0,0.25
emg,6230360308,5355313,1,,,13347,1.668375,0.024381124729804915,146.03823852539062,0.01825477981567383,0.13077943420410157,0.0772412567138672,0.135212890625,0.08000169372558594,CALIBRATING,0,0,0,0,False,False,False,False,False,False,,,,,,,,,,6.0,3.0,20.0,0.25
emg,6230464972,5355403,1,,,12890,1.61125,-0.03288595557395446,136.56939697265625,0.01707117462158203,0.13077943420410157,0.0772412567138672,0.135212890625,0.08000169372558594,CALIBRATING,0,0,0,0,False,False,False,False,False,False,,,,,,,,,,6.0,3.0,20.0,0.25
emg,6230569642,5355493,1,,,12998,1.6247500000000001,-0.01956853169321815,124.47309875488281,0.015559137344360352,0.13077943420410157,0.0772412567138672,0.135212890625,0.08000169372558594,CALIBRATING,0,0,0,0,False,False,False,False,False,False,,,,,,,,,,6.0,3.0,20.0,0.25
emg,6230674871,5355583,1,,,13254,1.65675,0.01243523872684782,144.31617736816406,0.01803952217102051,0.13077943420410157,0.0772412567138672,0.135212890625,0.08000169372558594,CALIBRATING,0,0,0,0,False,False,False,False,False,False,,,,,,,,,,6.0,3.0,20.0,0.25
emg,6230778990,5355673,1,,,13342,1.66775,0.022936609281682285,136.94569396972656,0.01711821174621582,0.13077943420410157,0.0772412567138672,0.135212890625,0.08000169372558594,CALIBRATING,0,0,0,0,False,False,False,False,False,False,,,,,,,,,,6.0,3.0,20.0,0.25
emg,6230883651,5355763,1,,,13196,1.6495,0.004398709293097269,141.99649047851562,0.017749561309814452,0.13077943420410157,0.0772412567138672,0.135212890625,0.08000169372558594,CALIBRATING,0,0,0,0,False,False,False,False,False,False,,,,,,,,,,6.0,3.0,20.0,0.25
emg,6230988322,5355853,1,,,13200,1.6500000000000001,0.0044652344070528205,72.37870025634766,0.009047337532043457,0.13077943420410157,0.0772412567138672,0.135212890625,0.08000169372558594,CALIBRATING,0,0,0,0,False,False,False,False,False,False,,,,,,,,,,6.0,3.0,20.0,0.25
emg,6231092992,5355943,1,,,13150,1.64375,-0.002349558083106773,183.8585662841797,0.02298232078552246,0.13077943420410157,0.0772412567138672,0.135212890625,0.08000169372558594,CALIBRATING,0,0,0,0,False,False,False,False,False,False,,,,,,,,,,6.0,3.0,20.0,0.25
emg,6231197680,5356033,1,,,13268,1.6585,0.011682948395474568,114.69190216064453,0.014336487770080567,0.13077943420410157,0.0772412567138672,0.135212890625,0.08000169372558594,CALIBRATING,0,0,0,0,False,False,False,False,False,False,,,,,,,,,,6.0,3.0,20.0,0.25
emg,6231302338,5356123,1,,,13229,1.6536250000000001,0.006032829403686213,71.70732116699219,0.008963415145874024,0.13077943420410157,0.0772412567138672,0.135212890625,0.08000169372558594,CALIBRATING,0,0,0,0,False,False,False,False,False,False,,,,,,,,,,6.0,3.0,20.0,0.25
emg,6231407000,5356213,1,,,13172,1.6465,-0.0019565176956373165,97.68226623535156,0.012210283279418945,0.13077943420410157,0.0772412567138672,0.135212890625,0.08000169372558594,CALIBRATING,0,0,0,0,False,False,False,False,False,False,,,,,,,,,,6.0,3.0,20.0,0.25
imu,6231520426,,,622738,1,,,,,,,,,,,,,,,,,,,,,-0.176513671875,-0.0755615234375,0.9095458984375,-0.07633587786259542,0.06870229007633588,0.11450381679389313,,,,6.0,3.0,20.0,0.25
imu,6231560426,,,622742,1,,,,,,,,,,,,,,,,,,,,,-0.1787109375,-0.0755615234375,0.9105224609375,-0.09923664122137404,0.04580152671755725,-0.015267175572519083,,,,6.0,3.0,20.0,0.25
emg,6231721014,5356483,1,,,13090,1.63625,-0.01381123504535453,113.26953887939453,0.014158692359924317,0.13077943420410157,0.0772412567138672,0.135212890625,0.08000169372558594,CALIBRATING,0,0,0,0,False,False,False,False,False,False,,,,,,,,,,6.0,3.0,20.0,0.25
emg,6231814055,5356563,1,,,13383,1.6728750000000001,0.022189405408499896,94.33120727539062,0.011791400909423828,0.13077943420410157,0.0772412567138672,0.135212890625,0.08000169372558594,CALIBRATING,0,0,0,0,False,False,False,False,False,False,,,,,,,,,,6.0,3.0,20.0,0.25
emg,6231918717,5356653,1,,,13322,1.6652500000000001,0.013599443684995105,109.66133880615234,0.013707667350769044,0.13077943420410157,0.0772412567138672,0.135212890625,0.08000169372558594,CALIBRATING,0,0,0,0,False,False,False,False,False,False,,,,,,,,,,6.0,3.0,20.0,0.25
emg,6232023389,5356743,1,,,13234,1.65425,0.0018672007041018457,107.31114959716797,0.013413893699645997,0.13077943420410157,0.0772412567138672,0.135212890625,0.08000169372558594,CALIBRATING,0,0,0,0,False,False,False,False,False,False,,,,,,,,,,6.0,3.0,20.0,0.25
emg,6232128107,5356833,1,,,13192,1.649,-0.004359081016990007,129.55189514160156,0.016193986892700196,0.13077943420410157,0.0772412567138672,0.135212890625,0.08000169372558594,CALIBRATING,0,0,0,0,False,False,False,False,False,False,,,,,,,,,,6.0,3.0,20.0,0.25
emg,6232232727,5356923,1,,,13321,1.665125,0.010561128736878755,193.1113739013672,0.024138921737670897,0.13077943420410157,0.0772412567138672,0.135212890625,0.08000169372558594,CALIBRATING,0,0,0,0,False,False,False,False,False,False,,,,,,,,,,6.0,3.0,20.0,0.25
emg,6232337399,5357013,1,,,13452,1.6815,0.02622823741956881,146.41964721679688,0.01830245590209961,0.13077943420410157,0.0772412567138672,0.135212890625,0.08000169372558594,CALIBRATING,0,0,0,0,False,False,False,False,False,False,,,,,,,,,,6.0,3.0,20.0,0.25
emg,6232442072,5357103,1,,,13316,1.6645,0.008703082473481505,101.6099624633789,0.012701245307922363,0.13077943420410157,0.0772412567138672,0.135212890625,0.08000169372558594,CALIBRATING,0,0,0,0,False,False,False,False,False,False,,,,,,,,,,6.0,3.0,20.0,0.25
emg,6232546742,5357193,1,,,13059,1.6323750000000001,-0.023095546050948546,87.0918197631836,0.01088647747039795,0.13077943420410157,0.0772412567138672,0.135212890625,0.08000169372558594,CALIBRATING,0,0,0,0,False,False,False,False,False,False,,,,,,,,,,6.0,3.0,20.0,0.25
emg,6232653738,5357284,1,,,13205,1.650625,-0.004146041279492918,110.75485229492188,0.013844356536865235,0.13077943420410157,0.0772412567138672,0.135212890625,0.08000169372558594,CALIBRATING,0,0,0,0,False,False,False,False,False,False,,,,,,,,,,6.0,3.0,20.0,0.25
emg,6232757238,5357374,1,,,13296,1.6620000000000001,0.008070100840059657,125.46361541748047,0.01568295192718506,0.13077943420410157,0.0772412567138672,0.135212890625,0.08000169372558594,CALIBRATING,0,0,0,0,False,False,False,False,False,False,,,,,,,,,,6.0,3.0,20.0,0.25
emg,6232861915,5357464,1,,,13169,1.646125,-0.007048079193700207,82.95877075195312,0.01036984634399414,0.13077943420410157,0.0772412567138672,0.135212890625,0.08000169372558594,CALIBRATING,0,0,0,0,False,False,False,False,False,False,,,,,,,,,,6.0,3.0,20.0,0.25
emg,6232968319,5357555,1,,,13052,1.6315,-0.021352208994712685,122.82650756835938,0.015353313446044922,0.13077943420410157,0.0772412567138672,0.135212890625,0.08000169372558594,CALIBRATING,0,0,0,0,False,False,False,False,False,False,,,,,,,,,,6.0,3.0,20.0,0.25
emg,6233072437,5357645,1,,,13295,1.661875,0.009494279908646819,60.6646842956543,0.007583085536956787,0.13077943420410157,0.0772412567138672,0.135212890625,0.08000169372558594,CALIBRATING,0,0,0,0,False,False,False,False,False,False,,,,,,,,,,6.0,3.0,20.0,0.25
emg,6233177088,5357735,1,,,13218,1.65225,0.00010224902435518324,156.6920623779297,0.01958650779724121,0.13077943420410157,0.0772412567138672,0.135212890625,0.08000169372558594,CALIBRATING,0,0,0,0,False,False,False,False,False,False,,,,,,,,,,6.0,3.0,20.0,0.25
emg,6233281753,5357825,1,,,13069,1.633625,-0.01753761239160112,129.82723999023438,0.016228404998779297,0.13077943420410157,0.0772412567138672,0.135212890625,0.08000169372558594,CALIBRATING,0,0,0,0,False,False,False,False,False,False,,,,,,,,,,6.0,3.0,20.0,0.25
emg,6233437608,5357959,1,,,13256,1.657,0.006335365603556076,137.7855682373047,0.017223196029663088,0.038548782348632814,0.025776268005371094,0.038548782348632814,0.025776268005371094,REST,0,0,0,0,False,False,False,False,False,False,,,,,,,,,,6.0,3.0,20.0,0.25
emg,6233542270,5358049,1,,,13234,1.65425,0.0038959704363727976,96.5430908203125,0.012067886352539062,0.038557640075683595,0.025783634185791018,0.038548782348632814,0.025776268005371094,REST,0,0,0,0,False,False,False,False,False,False,,,,,,,,,,6.0,3.0,20.0,0.25
emg,6233646947,5358139,1,,,12949,1.618625,-0.031036040935587872,159.1186065673828,0.01988982582092285,0.038557640075683595,0.025783634185791018,0.038548782348632814,0.025776268005371094,REST,0,0,0,0,False,False,False,False,False,False,,,,,,,,,,6.0,3.0,20.0,0.25
emg,6233752223,5358229,1,,,12972,1.6215,-0.02732979734987362,198.5559539794922,0.024819494247436524,0.038557640075683595,0.025783634185791018,0.038548782348632814,0.025776268005371094,REST,0,0,0,0,False,False,False,False,False,False,,,,,,,,,,6.0,3.0,20.0,0.25
emg,6233856307,5358319,1,,,13363,1.670375,0.022247415260924885,138.52806091308594,0.017316007614135744,0.038557640075683595,0.025783634185791018,0.038548782348632814,0.025776268005371094,REST,0,0,0,0,False,False,False,False,False,False,,,,,,,,,,6.0,3.0,20.0,0.25
emg,6233963274,5358410,1,,,12990,1.62375,-0.023928644441059355,80.26006317138672,0.01003250789642334,0.038557640075683595,0.025783634185791018,0.038548782348632814,0.025776268005371094,REST,0,0,0,0,False,False,False,False,False,False,,,,,,,,,,6.0,3.0,20.0,0.25
emg,6234066778,5358500,1,,,13077,1.634625,-0.012799871488885284,112.64085388183594,0.014080106735229492,0.038557640075683595,0.025783634185791018,0.038548782348632814,0.025776268005371094,REST,0,0,0,0,False,False,False,False,False,False,,,,,,,,,,6.0,3.0,20.0,0.25
emg,6234172635,5358591,1,,,13202,1.65025,0.0032226482391062294,191.07156372070312,0.023883945465087892,0.038557640075683595,0.025783634185791018,0.038548782348632814,0.025776268005371094,REST,0,0,0,0,False,False,False,False,False,False,,,,,,,,,,6.0,3.0,20.0,0.25
emg,6234277284,5358681,1,,,13260,1.6575,0.010764578960782867,182.4103546142578,0.022801294326782226,0.038557640075683595,0.025783634185791018,0.038548782348632814,0.025776268005371094,REST,0,0,0,0,False,False,False,False,False,False,,,,,,,,,,6.0,3.0,20.0,0.25
emg,6234381956,5358771,1,,,13171,1.6463750000000001,0.00013918477487862013,96.47025299072266,0.012058781623840333,0.038557640075683595,0.025783634185791018,0.038548782348632814,0.025776268005371094,REST,0,0,0,0,False,False,False,False,False,False,,,,,,,,,,6.0,3.0,20.0,0.25
emg,6234486626,5358861,1,,,13091,1.6363750000000001,-0.009808366530624557,61.787052154541016,0.007723381519317627,0.038557640075683595,0.025783634185791018,0.038548782348632814,0.025776268005371094,REST,0,0,0,0,False,False,False,False,False,False,,,,,,,,,,6.0,3.0,20.0,0.25
emg,6234591291,5358951,1,,,13411,1.676375,0.030322377186571714,134.40396118164062,0.01680049514770508,0.0387330551147461,0.0259021110534668,0.038548782348632814,0.025776268005371094,REST,0,0,0,0,False,False,False,False,False,False,,,,,,,,,,6.0,3.0,20.0,0.25
imu,6234640426,,,623050,1,,,,,,,,,,,,,,,,,,,,,-0.175537109375,-0.0765380859375,0.9080810546875,-0.03816793893129771,0.08396946564885496,0.061068702290076333,,,,6.0,3.0,20.0,0.25
emg,6234800636,5359131,1,,,13252,1.6565,0.010592738836684212,83.91915893554688,0.01048989486694336,0.0387330551147461,0.0259021110534668,0.038548782348632814,0.025776268005371094,REST,0,0,0,0,False,False,False,False,False,False,,,,,,,,,,6.0,3.0,20.0,0.25
emg,6234905306,5359221,1,,,13108,1.6385,-0.0075934388423199994,106.44029235839844,0.013305036544799805,0.0387330551147461,0.0259021110534668,0.038548782348632814,0.025776268005371094,REST,0,0,0,0,False,False,False,False,False,False,,,,,,,,,,6.0,3.0,20.0,0.25
emg,6235009976,5359311,1,,,13079,1.634875,-0.011071859377269178,109.33515167236328,0.01366689395904541,0.0387330551147461,0.0259021110534668,0.038548782348632814,0.025776268005371094,REST,0,0,0,0,False,False,False,False,False,False,,,,,,,,,,6.0,3.0,20.0,0.25
imu,6235120426,,,623098,1,,,,,,,,,,,,,,,,,,,,,-0.1748046875,-0.0732421875,0.9075927734375,-0.05343511450381679,0.0916030534351145,0.0,,,,6.0,3.0,20.0,0.25
imu,6235160429,,,623102,1,,,,,,,,,,,,,,,,,,,,,-0.1776123046875,-0.0731201171875,0.9063720703125,-0.09923664122137404,0.06870229007633588,0.030534351145038167,,,,6.0,3.0,20.0,0.25
emg,6235323988,5359581,1,,,13148,1.6435,-0.0027847571027852513,180.91758728027344,0.02261469841003418,0.0387330551147461,0.0259021110534668,0.038548782348632814,0.025776268005371094,REST,0,0,0,0,False,False,False,False,False,False,,,,,,,,,,6.0,3.0,20.0,0.25
emg,6235418191,5359662,1,,,13136,1.6420000000000001,-0.0035171473505315465,122.85421752929688,0.015356777191162109,0.0387330551147461,0.0259021110534668,0.038548782348632814,0.025776268005371094,REST,0,0,0,0,False,False,False,False,False,False,,,,,,,,,,6.0,3.0,20.0,0.25
emg,6235523613,5359752,1,,,13166,1.64575,0.0004716790957133288,90.86038970947266,0.011357548713684083,0.038999324798583986,0.02607543754577637,0.038548782348632814,0.025776268005371094,REST,0,0,0,0,False,False,False,False,False,False,,,,,,,,,,6.0,3.0,20.0,0.25
emg,6235627551,5359842,1,,,13131,1.641375,-0.003906194974675703,109.75871276855469,0.013719839096069336,0.038999324798583986,0.02607543754577637,0.038548782348632814,0.025776268005371094,REST,0,0,0,0,False,False,False,False,False,False,,,,,,,,,,6.0,3.0,20.0,0.25
emg,6235732199,5359932,1,,,13094,1.63675,-0.008607039898444802,118.24932861328125,0.014781166076660156,0.038999324798583986,0.02607543754577637,0.038548782348632814,0.025776268005371094,REST,0,0,0,0,False,False,False,False,False,False,,,,,,,,,,6.0,3.0,20.0,0.25
emg,6235836871,5360022,1,,,13252,1.6565,0.011137002042046484,83.07135772705078,0.010383919715881347,0.038999324798583986,0.02607543754577637,0.038548782348632814,0.025776268005371094,REST,0,0,0,0,False,False,False,False,False,False,,,,,,,,,,6.0,3.0,20.0,0.25
emg,6235941545,5360112,1,,,13039,1.629875,-0.015421126357776815,72.81095886230469,0.009101369857788087,0.038999324798583986,0.02607543754577637,0.038548782348632814,0.025776268005371094,REST,0,0,0,0,False,False,False,False,False,False,,,,,,,,,,6.0,3.0,20.0,0.25
emg,6236046529,5360202,1,,,13098,1.63725,-0.008078830248081648,156.02989196777344,0.01950373649597168,0.038999324798583986,0.02607543754577637,0.038548782348632814,0.025776268005371094,REST,0,0,0,0,False,False,False,False,False,False,,,,,,,,,,6.0,3.0,20.0,0.25
emg,6236150885,5360292,1,,,13320,1.665,0.01973284395343522,187.017333984375,0.023377166748046876,0.038999324798583986,0.02607543754577637,0.038548782348632814,0.025776268005371094,REST,0,0,0,0,False,False,False,False,False,False,,,,,,,,,,6.0,3.0,20.0,0.25
emg,6236255549,5360382,1,,,13181,1.6476250000000001,0.0024205543841548938,79.82514190673828,0.009978142738342285,0.038999324798583986,0.02607543754577637,0.038548782348632814,0.025776268005371094,REST,0,0,0,0,False,False,False,False,False,False,,,,,,,,,,6.0,3.0,20.0,0.25
emg,6236360222,5360472,1,,,13185,1.648125,0.0029595941593545394,96.1546401977539,0.012019330024719239,0.038999324798583986,0.02607543754577637,0.038548782348632814,0.025776268005371094,REST,0,0,0,0,False,False,False,False,False,False,,,,,,,,,,6.0,3.0,20.0,0.25
emg,6236465450,5360562,1,,,13038,1.62975,-0.01509939010005601,111.20384216308594,0.013900480270385743,0.038999324798583986,0.02607543754577637,0.038548782348632814,0.025776268005371094,REST,0,0,0,0,False,False,False,False,False,False,,,,,,,,,,6.0,3.0,20.0,0.25
emg,6236570727,5360653,1,,,13105,1.638125,-0.006434909390626187,91.8998031616211,0.011487475395202637,0.0392111701965332,0.026217533111572267,0.038548782348632814,0.025776268005371094,REST,0,0,0,0,False,False,False,False,False,False,,,,,,,,,,6.0,3.0,20.0,0.25
emg,6236676552,5360744,1,,,13128,1.641,-0.003408812305978337,98.19418334960938,0.012274272918701172,0.0392111701965332,0.026217533111572267,0.038548782348632814,0.025776268005371094,REST,0,0,0,0,False,False,False,False,False,False,,,,,,,,,,6.0,3.0,20.0,0.25
emg,6236781784,5360834,1,,,13415,1.6768750000000001,0.03222540784340189,148.0657196044922,0.018508214950561524,0.0392111701965332,0.026217533111572267,0.038548782348632814,0.025776268005371094,REST,0,0,0,0,False,False,False,False,False,False,,,,,,,,,,6.0,3.0,20.0,0.25
emg,6236887055,5360925,1,,,25750,3.21875,1.5418475937834546,6775.63037109375,0.8469537963867187,0.0392111701965332,0.026217533111572267,0.038548782348632814,0.025776268005371094,CANDIDATE,0,0,0,0,False,False,False,False,False,False,,,,,,,,,,6.0,3.0,20.0,0.25
emg,6236991728,5361015,1,,,12067,1.508375,-0.1657234307917539,3033.5986328125,0.3791998291015625,0.0392111701965332,0.026217533111572267,0.038548782348632814,0.025776268005371094,ACTIVE,0,0,0,0,True,True,False,False,False,False,,,,,,,,,,6.0,3.0,20.0,0.25
emg,6237096398,5361105,1,,,12490,1.56125,-0.09847649157834382,957.65234375,0.11970654296875,0.0392111701965332,0.026217533111572267,0.038548782348632814,0.025776268005371094,ACTIVE,0,0,0,0,True,True,False,False,False,False,,,,,,,,,,6.0,3.0,20.0,0.25
emg,6237201063,5361195,1,,,12920,1.615,-0.036824334797621594,508.4524841308594,0.06355656051635743,0.0392111701965332,0.026217533111572267,0.038548782348632814,0.025776268005371094,ACTIVE,0,0,0,0,True,True,False,False,False,False,,,,,,,,,,6.0,3.0,20.0,0.25
imu,6237240426,,,623310,1,,,,,,,,,,,,,,,,,,,,,-0.1746826171875,-0.076171875,0.9124755859375,0.07633587786259542,0.08396946564885496,0.08396946564885496,,,,6.0,3.0,20.0,0.25
emg,6237410410,5361375,1,,,12900,1.6125,-0.03270627371105528,227.05816650390625,0.028382270812988282,0.0392111701965332,0.026217533111572267,0.038548782348632814,0.025776268005371094,ACTIVE,0,0,0,0,True,True,False,False,False,False,,,,,,,,,,6.0,3.0,20.0,0.25
emg,6237515071,5361465,1,,,13180,1.6475,0.004420950496400788,199.76824951171875,0.024971031188964845,0.0392111701965332,0.026217533111572267,0.038548782348632814,0.025776268005371094,ACTIVE,0,0,0,0,True,True,False,False,False,False,,,,,,,,,,6.0,3.0,20.0,0.25
emg,6237608118,5361545,1,,,12857,1.6071250000000001,-0.03493970660403156,149.1307373046875,0.01864134216308594,0.0392111701965332,0.026217533111572267,0.038548782348632814,0.025776268005371094,REFRACTORY,0,0,0,0,False,False,False,False,False,False,,,,,,,,,,6.0,3.0,20.0,0.25
imu,6237720426,,,623358,1,,,,,,,,,,,,,,,,,,,,,-0.177490234375,-0.0745849609375,0.9088134765625,-0.030534351145038167,0.07633587786259542,0.05343511450381679,,,,6.0,3.0,20.0,0.25
imu,6237760431,,,623362,1,,,,,,,,,,,,,,,,,,,,,-0.1737060546875,-0.0740966796875,0.9068603515625,-0.030534351145038167,0.05343511450381679,0.04580152671755725,,,,6.0,3.0,20.0,0.25
emg,6237922128,5361815,1,,,13142,1.64275,0.0023944183310613543,105.45719146728516,0.013182148933410645,0.0392111701965332,0.026217533111572267,0.038548782348632814,0.025776268005371094,REST,0,0,0,0,False,False,False,False,False,False,,,,,,,,,,6.0,3.0,20.0,0.25
emg,6238026800,5361905,1,,,13207,1.650875,0.01130826389447348,79.0974349975586,0.009887179374694825,0.0392111701965332,0.026217533111572267,0.038548782348632814,0.025776268005371094,REST,0,0,0,0,False,False,False,False,False,False,,,,,,,,,,6.0,3.0,20.0,0.25
emg,6238131471,5361995,1,,,13228,1.6535,0.013822777205140468,187.93934631347656,0.02349241828918457,0.0392111701965332,0.026217533111572267,0.038548782348632814,0.025776268005371094,REST,0,0,0,0,False,False,False,False,False,False,,,,,,,,,,6.0,3.0,20.0,0.25
emg,6238236705,5362085,1,,,13170,1.64625,0.007175076186718421,112.56929016113281,0.014071161270141602,0.0392111701965332,0.026217533111572267,0.038548782348632814,0.025776268005371094,REST,0,0,0,0,False,False,False,False,False,False,,,,,,,,,,6.0,3.0,20.0,0.25
emg,6238340808,5362175,1,,,13127,1.640875,0.0020562377969892687,116.88621520996094,0.014610776901245117,0.0392111701965332,0.026217533111572267,0.038548782348632814,0.025776268005371094,REST,0,0,0,0,False,False,False,False,False,False,,,,,,,,,,6.0,3.0,20.0,0.25
emg,6238445478,5362265,1,,,13084,1.6355,-0.003310478067771516,83.18053436279297,0.010397566795349122,0.0392111701965332,0.026217533111572267,0.038548782348632814,0.025776268005371094,REST,0,0,0,0,False,False,False,False,False,False,,,,,,,,,,6.0,3.0,20.0,0.25
emg,6238550143,5362355,1,,,13126,1.64075,0.0017945055716286351,120.57275390625,0.01507159423828125,0.0392111701965332,0.026217533111572267,0.038548782348632814,0.025776268005371094,REST,0,0,0,0,False,False,False,False,False,False,,,,,,,,,,6.0,3.0,20.0,0.25
emg,6238654824,5362445,1,,,13212,1.6515,0.012102890922935039,118.45199584960938,0.014806499481201172,0.03941745758056641,0.026361043930053712,0.038548782348632814,0.025776268005371094,REST,0,0,0,0,False,False,False,False,False,False,,,,,,,,,,6.0,3.0,20.0,0.25
emg,6238759547,5362535,1,,,13279,1.659875,0.020018593115402883,89.09989929199219,0.011137487411499024,0.03941745758056641,0.026361043930053712,0.038548782348632814,0.025776268005371094,REST,0,0,0,0,False,False,False,False,False,False,,,,,,,,,,6.0,3.0,20.0,0.25
emg,6238864151,5362625,1,,,13219,1.652375,0.011719257194981347,135.30186462402344,0.01691273307800293,0.03941745758056641,0.026361043930053712,0.038548782348632814,0.025776268005371094,REST,0,0,0,0,False,False,False,False,False,False,,,,,,,,,,6.0,3.0,20.0,0.25
emg,6238968828,5362715,1,,,13074,1.63425,-0.007094524529482449,112.69671630859375,0.014087089538574219,0.03941745758056641,0.026361043930053712,0.038548782348632814,0.025776268005371094,REST,0,0,0,0,False,False,False,False,False,False,,,,,,,,,,6.0,3.0,20.0,0.25
emg,6239073501,5362805,1,,,13056,1.6320000000000001,-0.010138084295753913,137.9627227783203,0.01724534034729004,0.03941745758056641,0.026361043930053712,0.038548782348632814,0.025776268005371094,REST,0,0,0,0,False,False,False,False,False,False,,,,,,,,,,6.0,3.0,20.0,0.25
emg,6239179356,5362896,1,,,13131,1.641375,-0.001387215539813802,152.2294921875,0.0190286865234375,0.03941745758056641,0.026361043930053712,0.038548782348632814,0.025776268005371094,REST,0,0,0,0,False,False,False,False,False,False,,,,,,,,,,6.0,3.0,20.0,0.25
emg,6239286327,5362987,1,,,13225,1.653125,0.009796226117173346,97.55758666992188,0.012194698333740235,0.03941745758056641,0.026361043930053712,0.038548782348632814,0.025776268005371094,REST,0,0,0,0,False,False,False,False,False,False,,,,,,,,,,6.0,3.0,20.0,0.25
emg,6239389840,5363077,1,,,13097,1.637125,-0.006782699228151889,121.11857604980469,0.015139822006225587,0.03941745758056641,0.026361043930053712,0.038548782348632814,0.025776268005371094,REST,0,0,0,0,False,False,False,False,False,False,,,,,,,,,,6.0,3.0,20.0,0.25
emg,6239495689,5363168,1,,,13267,1.658375,0.013830654940388598,119.99092102050781,0.014998865127563477,0.03941745758056641,0.026361043930053712,0.038548782348632814,0.025776268005371094,REST,0,0,0,0,False,False,False,False,False,False,,,,,,,,,,6.0,3.0,20.0,0.25
emg,6239600340,5363258,1,,,13215,1.651875,0.007270507083219746,80.86502075195312,0.01010812759399414,0.03956939315795899,0.026484279632568358,0.038548782348632814,0.025776268005371094,REST,0,0,0,0,False,False,False,False,False,False,,,,,,,,,,6.0,3.0,20.0,0.25
emg,6239705007,5363348,1,,,13114,1.63925,-0.005316531972564098,89.36611938476562,0.011170764923095704,0.03956939315795899,0.026484279632568358,0.038548782348632814,0.025776268005371094,REST,0,0,0,0,False,False,False,False,False,False,,,,,,,,,,6.0,3.0,20.0,0.25
imu,6239800426,,,623566,1,,,,,,,,,,,,,,,,,,,,,-0.1766357421875,-0.0755615234375,0.906494140625,0.0,0.061068702290076333,0.022900763358778626,,,,6.0,3.0,20.0,0.25
imu,6239840426,,,623570,1,,,,,,,,,,,,,,,,,,,,,-0.1732177734375,-0.0740966796875,0.9061279296875,0.03816793893129771,0.11450381679389313,0.030534351145038167,,,,6.0,3.0,20.0,0.25
emg,6240019022,5363618,1,,,13220,1.6525,0.008074013454562046,52.694889068603516,0.006586861133575439,0.03956939315795899,0.026484279632568358,0.038548782348632814,0.025776268005371094,REST,0,0,0,0,False,False,False,False,False,False,,,,,,,,,,6.0,3.0,20.0,0.25
emg,6240112061,5363698,1,,,12992,1.624,-0.020856978094963674,128.388427734375,0.016048553466796876,0.03956939315795899,0.026484279632568358,0.038548782348632814,0.025776268005371094,REST,0,0,0,0,False,False,False,False,False,False,,,,,,,,,,6.0,3.0,20.0,0.25
emg,6240216727,5363788,1,,,13180,1.6475,0.002191100027018278,108.93494415283203,0.013616868019104004,0.03956939315795899,0.026484279632568358,0.038548782348632814,0.025776268005371094,REST,0,0,0,0,False,False,False,False,False,False,,,,,,,,,,6.0,3.0,20.0,0.25
imu,6240320431,,,623618,1,,,,,,,,,,,,,,,,,,,,,-0.1754150390625,-0.073486328125,0.9075927734375,-0.10687022900763359,0.03816793893129771,0.007633587786259542,,,,6.0,3.0,20.0,0.25
emg,6240428396,5363969,1,,,13058,1.63225,-0.013504081945874047,163.1739959716797,0.020396749496459962,0.03956939315795899,0.026484279632568358,0.038548782348632814,0.025776268005371094,REST,0,0,0,0,False,False,False,False,False,False,,,,,,,,,,6.0,3.0,20.0,0.25
emg,6240531900,5364059,1,,,13147,1.643375,-0.0028634261652482618,80.46342468261719,0.010057928085327149,0.03956939315795899,0.026484279632568358,0.038548782348632814,0.025776268005371094,REST,0,0,0,0,False,False,False,False,False,False,,,,,,,,,,6.0,3.0,20.0,0.25
emg,6240637730,5364150,1,,,13115,1.639375,-0.007269310005159069,65.55870819091797,0.008194838523864746,0.039579639434814455,0.026538194656372072,0.038548782348632814,0.025776268005371094,REST,0,0,0,0,False,False,False,False,False,False,,,,,,,,,,6.0,3.0,20.0,0.25
emg,6240742411,5364240,1,,,13230,1.65375,0.0069506510998824655,84.56456756591797,0.010570570945739747,0.039579639434814455,0.026538194656372072,0.038548782348632814,0.025776268005371094,REST,0,0,0,0,False,False,False,False,False,False,,,,,,,,,,6.0,3.0,20.0,0.25
emg,6240847221,5364330,1,,,13018,1.62725,-0.019672399004207808,83.42032623291016,0.010427540779113769,0.039579639434814455,0.026538194656372072,0.038548782348632814,0.025776268005371094,REST,0,0,0,0,False,False,False,False,False,False,,,,,,,,,,6.0,3.0,20.0,0.25
emg,6240951736,5364420,1,,,13163,1.645375,-0.0020274643682294258,68.94287109375,0.00861785888671875,0.039579639434814455,0.026538194656372072,0.038548782348632814,0.025776268005371094,REST,0,0,0,0,False,False,False,False,False,False,,,,,,,,,,6.0,3.0,20.0,0.25
emg,6241056411,5364510,1,,,13284,1.6605,0.012614698377821476,70.72366333007812,0.008840457916259765,0.039579639434814455,0.026538194656372072,0.038548782348632814,0.025776268005371094,REST,0,0,0,0,False,False,False,False,False,False,,,,,,,,,,6.0,3.0,20.0,0.25
emg,6241161089,5364600,1,,,13161,1.645125,-0.0030399665568250356,110.8758316040039,0.013859478950500489,0.039579639434814455,0.026538194656372072,0.038548782348632814,0.025776268005371094,REST,0,0,0,0,False,False,False,False,False,False,,,,,,,,,,6.0,3.0,20.0,0.25
emg,6241266314,5364690,1,,,13208,1.651,0.0027304797498897138,83.52122497558594,0.010440153121948242,0.039579639434814455,0.026538194656372072,0.038548782348632814,0.025776268005371094,REST,0,0,0,0,False,False,False,False,False,False,,,,,,,,,,6.0,3.0,20.0,0.25
emg,6241370430,5364780,1,,,13162,1.64525,-0.003102952771748768,67.29989624023438,0.008412487030029297,0.039579639434814455,0.026538194656372072,0.038548782348632814,0.025776268005371094,REST,0,0,0,0,False,False,False,False,False,False,,,,,,,,,,6.0,3.0,20.0,0.25
emg,6241475093,5364870,1,,,13141,1.642625,-0.005660160345809961,61.72555923461914,0.007715694904327393,0.039579639434814455,0.026538194656372072,0.038548782348632814,0.025776268005371094,REST,0,0,0,0,False,False,False,False,False,False,,,,,,,,,,6.0,3.0,20.0,0.25
emg,6241579763,5364960,1,,,13267,1.658375,0.010540540478135796,127.89546203613281,0.0159869327545166,0.039579639434814455,0.026538194656372072,0.038548782348632814,0.025776268005371094,REST,0,0,0,0,False,False,False,False,False,False,,,,,,,,,,6.0,3.0,20.0,0.25
emg,6241685243,5365050,1,,,13169,1.646125,-0.0015276266269390604,120.18016052246094,0.015022520065307618,0.03944609069824219,0.026485645294189453,0.038548782348632814,0.025776268005371094,REST,0,0,0,0,False,False,False,False,False,False,,,,,,,,,,6.0,3.0,20.0,0.25
emg,6241789125,5365140,1,,,13215,1.651875,0.004374740190220994,109.5908203125,0.0136988525390625,0.03944609069824219,0.026485645294189453,0.038548782348632814,0.025776268005371094,REST,0,0,0,0,False,False,False,False,False,False,,,,,,,,,,6.0,3.0,20.0,0.25
emg,6241894934,5365231,1,,,13088,1.6360000000000001,-0.011053301533312299,104.21160888671875,0.013026451110839844,0.03944609069824219,0.026485645294189453,0.038548782348632814,0.025776268005371094,REST,0,0,0,0,False,False,False,False,False,False,,,,,,,,,,6.0,3.0,20.0,0.25
emg,6242002685,5365322,1,,,13266,1.65825,0.011587984973826737,90.43438720703125,0.011304298400878907,0.03944609069824219,0.026485645294189453,0.038548782348632814,0.025776268005371094,REST,0,0,0,0,False,False,False,False,False,False,,,,,,,,,,6.0,3.0,20.0,0.25
emg,6242105463,5365412,1,,,13113,1.639125,-0.007070620078119205,76.72605895996094,0.009590757369995118,0.03944609069824219,0.026485645294189453,0.038548782348632814,0.025776268005371094,REST,0,0,0,0,False,False,False,False,False,False,,,,,,,,,,6.0,3.0,20.0,0.25
emg,6242210104,5365502,1,,,13110,1.63875,-0.007444191534442091,63.82737731933594,0.007978422164916992,0.03944609069824219,0.026485645294189453,0.038548782348632814,0.025776268005371094,REST,0,0,0,0,False,False,False,False,False,False,,,,,,,,,,6.0,3.0,20.0,0.25
emg,6242303149,5365582,1,,,13206,1.65075,0.004693998157917045,131.33863830566406,0.016417329788208007,0.03944609069824219,0.026485645294189453,0.038548782348632814,0.025776268005371094,REST,0,0,0,0,False,False,False,False,False,False,,,,,,,,,,6.0,3.0,20.0,0.25
imu,6242400426,,,623826,1,,,,,,,,,,,,,,,,,,,,,-0.1761474609375,-0.0751953125,0.9080810546875,-0.09923664122137404,0.07633587786259542,0.030534351145038167,,,,6.0,3.0,20.0,0.25
imu,6242440431,,,623830,1,,,,,,,,,,,,,,,,,,,,,-0.17578125,-0.075927734375,0.90869140625,-0.0916030534351145,0.08396946564885496,0.0916030534351145,,,,6.0,3.0,20.0,0.25
emg,6242617172,5365852,1,,,13086,1.63575,-0.009710244815843927,111.48475646972656,0.013935594558715821,0.03915877914428711,0.026340728759765626,0.038548782348632814,0.025776268005371094,REST,0,0,0,0,False,False,False,False,False,False,,,,,,,,,,6.0,3.0,20.0,0.25
emg,6242721831,5365942,1,,,13260,1.6575,0.01227017444793388,55.383094787597656,0.006922886848449707,0.03915877914428711,0.026340728759765626,0.038548782348632814,0.025776268005371094,REST,0,0,0,0,False,False,False,False,False,False,,,,,,,,,,6.0,3.0,20.0,0.25
emg,6242826494,5366032,1,,,13070,1.63375,-0.011895234799505161,112.00045013427734,0.014000056266784668,0.03915877914428711,0.026340728759765626,0.038548782348632814,0.025776268005371094,REST,0,0,0,0,False,False,False,False,False,False,,,,,,,,,,6.0,3.0,20.0,0.25
emg,6242931750,5366122,1,,,13114,1.63925,-0.0066961579907207636,102.78168487548828,0.012847710609436035,0.03915877914428711,0.026340728759765626,0.038548782348632814,0.025776268005371094,REST,0,0,0,0,False,False,False,False,False,False,,,,,,,,,,6.0,3.0,20.0,0.25
emg,6243035874,5366212,1,,,13082,1.63525,-0.010946706429184605,125.67134857177734,0.015708918571472167,0.03915877914428711,0.026340728759765626,0.038548782348632814,0.025776268005371094,REST,0,0,0,0,False,False,False,False,False,False,,,,,,,,,,6.0,3.0,20.0,0.25
emg,6243141667,5366303,1,,,13260,1.6575,0.011181934262834758,70.49313354492188,0.008811641693115234,0.03915877914428711,0.026340728759765626,0.038548782348632814,0.025776268005371094,REST,0,0,0,0,False,False,False,False,False,False,,,,,,,,,,6.0,3.0,20.0,0.25
emg,6243246344,5366393,1,,,13182,1.64775,0.001204738092576374,118.87248992919922,0.014859061241149902,0.03915877914428711,0.026340728759765626,0.038548782348632814,0.025776268005371094,REST,0,0,0,0,False,False,False,False,False,False,,,,,,,,,,6.0,3.0,20.0,0.25
emg,6243351007,5366483,1,,,13116,1.6395,-0.007069109731901557,87.73548126220703,0.01096693515777588,0.03915877914428711,0.026340728759765626,0.038548782348632814,0.025776268005371094,REST,0,0,0,0,False,False,False,False,False,False,,,,,,,,,,6.0,3.0,20.0,0.25
emg,6243456631,5366573,1,,,13063,1.632875,-0.013502898178374023,164.85987854003906,0.020607484817504882,0.03915877914428711,0.026340728759765626,0.038548782348632814,0.025776268005371094,REST,0,0,0,0,False,False,False,False,False,False,,,,,,,,,,6.0,3.0,20.0,0.25
emg,6243560354,5366663,1,,,13315,1.664375,0.01814511133973351,178.4702606201172,0.02230878257751465,0.03915877914428711,0.026340728759765626,0.038548782348632814,0.025776268005371094,REST,0,0,0,0,False,False,False,False,False,False,,,,,,,,,,6.0,3.0,20.0,0.25
emg,6243665015,5366753,1,,,13185,1.648125,0.0022351934246149785,86.18327331542969,0.010772909164428711,0.038788677215576176,0.026140480041503905,0.038548782348632814,0.025776268005371094,REST,0,0,0,0,False,False,False,False,False,False,,,,,,,,,,6.0,3.0,20.0,0.25
emg,6243769692,5366843,1,,,12994,1.62425,-0.021363534561720243,67.44088745117188,0.008430110931396485,0.038788677215576176,0.026140480041503905,0.038548782348632814,0.025776268005371094,REST,0,0,0,0,False,False,False,False,False,False,,,,,,,,,,6.0,3.0,20.0,0.25
emg,6243874368,5366933,1,,,13092,1.6365,-0.008821814101586334,136.5204315185547,0.017065053939819337,0.038788677215576176,0.026140480041503905,0.038548782348632814,0.025776268005371094,REST,0,0,0,0,False,False,False,False,False,False,,,,,,,,,,6.0,3.0,20.0,0.25
emg,6243979604,5367023,1,,,13283,1.660375,0.014973989493011208,118.5633773803711,0.014820422172546387,0.038788677215576176,0.026140480041503905,0.038548782348632814,0.025776268005371094,REST,0,0,0,0,False,False,False,False,False,False,,,,,,,,,,6.0,3.0,20.0,0.25
emg,6244083702,5367113,1,,,13412,1.6765,0.03128017427856378,137.2510223388672,0.017156377792358398,0.038788677215576176,0.026140480041503905,0.038548782348632814,0.025776268005371094,REST,0,0,0,0,False,False,False,False,False,False,,,,,,,,,,6.0,3.0,20.0,0.25
emg,6244188372,5367203,1,,,13077,1.634625,-0.010230151663788156,102.27983856201172,0.012784979820251466,0.038788677215576176,0.026140480041503905,0.038548782348632814,0.025776268005371094,REST,0,0,0,0,False,False,False,False,False,False,,,,,,,,,,6.0,3.0,20.0,0.25
emg,6244293045,5367293,1,,,13277,1.6596250000000001,0.01492963710591444,94.96788787841797,0.011870985984802246,0.038788677215576176,0.026140480041503905,0.038548782348632814,0.025776268005371094,REST,0,0,0,0,False,False,False,False,False,False,,,,,,,,,,6.0,3.0,20.0,0.25
emg,6244398291,5367383,1,,,13234,1.65425,0.009364674443042453,129.86062622070312,0.01623257827758789,0.038788677215576176,0.026140480041503905,0.038548782348632814,0.025776268005371094,REST,0,0,0,0,False,False,False,False,False,False,,,,,,,,,,6.0,3.0,20.0,0.25
imu,6244480426,,,624034,1,,,,,,,,,,,,,,,,,,,,,-0.174560546875,-0.0738525390625,0.908203125,-0.030534351145038167,0.06870229007633588,0.08396946564885496,,,,6.0,3.0,20.0,0.25
emg,6244608215,5367564,1,,,13142,1.64275,-0.0020170686237643842,75.52801513671875,0.009441001892089844,0.038788677215576176,0.026140480041503905,0.038548782348632814,0.025776268005371094,REST,0,0,0,0,False,False,False,False,False,False,,,,,,,,,,6.0,3.0,20.0,0.25
emg,6244714623,5367655,1,,,13150,1.64375,-0.0012754995125057178,101.23614501953125,0.012654518127441406,0.038387485504150394,0.025919958114624025,0.038548782348632814,0.025776268005371094,REST,0,0,0,0,False,False,False,False,False,False,,,,,,,,,,6.0,3.0,20.0,0.25
emg,6244807139,5367735,1,,,13196,1.6495,0.0037724423996217116,102.62107849121094,0.012827634811401367,0.038387485504150394,0.025919958114624025,0.038548782348632814,0.025776268005371094,REST,0,0,0,0,False,False,False,False,False,False,,,,,,,,,,6.0,3.0,20.0,0.25
emg,6244911753,5367825,1,,,13093,1.636625,-0.009565110055796744,105.77812957763672,0.01322226619720459,0.038387485504150394,0.025919958114624025,0.038548782348632814,0.025776268005371094,REST,0,0,0,0,False,False,False,False,False,False,,,,,,,,,,6.0,3.0,20.0,0.25
imu,6245000496,,,624086,1,,,,,,,,,,,,,,,,,,,,,-0.17529296875,-0.072021484375,0.9100341796875,-0.04580152671755725,0.061068702290076333,0.05343511450381679,,,,6.0,3.0,20.0,0.25
emg,6245121104,5368005,1,,,17304,2.1630000000000003,0.5135509891202639,921.1650390625,0.1151456298828125,0.038387485504150394,0.025919958114624025,0.038548782348632814,0.025776268005371094,CANDIDATE,0,0,0,0,False,False,False,False,False,False,,,,,,,,,,6.0,3.0,20.0,0.25
emg,6245225849,5368095,1,,,11840,1.48,-0.20208381644656703,2176.542724609375,0.2720678405761719,0.038387485504150394,0.025919958114624025,0.038548782348632814,0.025776268005371094,ACTIVE,0,0,0,0,True,True,False,False,False,False,,,,,,,,,,6.0,3.0,20.0,0.25
emg,6245330443,5368185,1,,,12235,1.529375,-0.1407097694759849,1820.243408203125,0.22753042602539064,0.038387485504150394,0.025919958114624025,0.038548782348632814,0.025776268005371094,ACTIVE,0,0,0,0,True,True,False,False,False,False,,,,,,,,,,6.0,3.0,20.0,0.25
emg,6245435108,5368275,1,,,12314,1.53925,-0.11880485028712773,827.92626953125,0.10349078369140625,0.038387485504150394,0.025919958114624025,0.038548782348632814,0.025776268005371094,ACTIVE,0,0,0,0,True,True,False,False,False,False,,,,,,,,,,6.0,3.0,20.0,0.25
emg,6245539784,5368365,1,,,12965,1.620625,-0.03019015117054913,486.4009094238281,0.060800113677978516,0.038387485504150394,0.025919958114624025,0.038548782348632814,0.025776268005371094,ACTIVE,0,0,0,0,True,True,False,False,False,False,,,,,,,,,,6.0,3.0,20.0,0.25
emg,6245645016,5368455,1,,,13053,1.631625,-0.015433384977757925,255.79898071289062,0.03197487258911133,0.038387485504150394,0.025919958114624025,0.038548782348632814,0.025776268005371094,ACTIVE,0,0,0,0,True,True,False,False,False,False,,,,,,,,,,6.0,3.0,20.0,0.25
emg,6245749122,5368545,1,,,13062,1.63275,-0.011779450652570356,198.7203369140625,0.024840042114257815,0.038387485504150394,0.025919958114624025,0.038548782348632814,0.025776268005371094,ACTIVE,0,0,0,0,True,True,False,False,False,False,,,,,,,,,,6.0,3.0,20.0,0.25
emg,6245853785,5368635,1,,,13021,1.627625,-0.015522671013294076,104.4159164428711,0.013051989555358887,0.038387485504150394,0.025919958114624025,0.038548782348632814,0.025776268005371094,REFRACTORY,0,0,0,0,False,False,False,False,False,False,,,,,,,,,,6.0,3.0,20.0,0.25
emg,6245958455,5368725,1,,,13110,1.63875,-0.0036059942387605126,108.00574493408203,0.013500718116760254,0.038387485504150394,0.025919958114624025,0.038548782348632814,0.025776268005371094,REFRACTORY,0,0,0,0,False,False,False,False,False,False,,,,,,,,,,6.0,3.0,20.0,0.25
emg,6246063128,5368815,1,,,13321,1.665125,0.023730002464392053,113.04068756103516,0.014130085945129395,0.038387485504150394,0.025919958114624025,0.038548782348632814,0.025776268005371094,REFRACTORY,0,0,0,0,False,False,False,False,False,False,,,,,,,,,,6.0,3.0,20.0,0.25
emg,6246167813,5368905,1,,,13310,1.66375,0.022809062760761112,153.6593475341797,0.019207418441772463,0.038387485504150394,0.025919958114624025,0.038548782348632814,0.025776268005371094,REFRACTORY,0,0,0,0,False,False,False,False,False,False,,,,,,,,,,6.0,3.0,20.0,0.25
emg,6246272463,5368995,1,,,13136,1.6420000000000001,0.0013874690122750444,64.53997039794922,0.008067496299743652,0.038387485504150394,0.025919958114624025,0.038548782348632814,0.025776268005371094,REST,0,0,0,0,False,False,False,False,False,False,,,,,,,,,,6.0,3.0,20.0,0.25
emg,6246377138,5369085,1,,,12989,1.623625,-0.016987941331279455,103.57395935058594,0.012946744918823243,0.038387485504150394,0.025919958114624025,0.038548782348632814,0.025776268005371094,REST,0,0,0,0,False,False,False,False,False,False,,,,,,,,,,6.0,3.0,20.0,0.25
emg,6246481808,5369175,1,,,13205,1.650625,0.009302001892281364,115.12580108642578,0.014390725135803223,0.038387485504150394,0.025919958114624025,0.038548782348632814,0.025776268005371094,REST,0,0,0,0,False,False,False,False,False,False,,,,,,,,,,6.0,3.0,20.0,0.25
emg,6246586473,5369265,1,,,13353,1.669125,0.0271044999570369,201.75140380859375,0.025218925476074218,0.038387485504150394,0.025919958114624025,0.038548782348632814,0.025776268005371094,REST,0,0,0,0,False,False,False,False,False,False,,,,,,,,,,6.0,3.0,20.0,0.25
emg,6246691154,5369355,1,,,13237,1.654625,0.011475602831576559,126.77042388916016,0.01584630298614502,0.03789646911621094,0.025647140502929686,0.038548782348632814,0.025776268005371094,REST,0,0,0,0,False,False,False,False,False,False,,,,,,,,,,6.0,3.0,20.0,0.25
emg,6246795818,5369445,1,,,13107,1.6383750000000001,-0.005808551140231932,84.97203063964844,0.010621503829956054,0.03789646911621094,0.025647140502929686,0.038548782348632814,0.025776268005371094,REST,0,0,0,0,False,False,False,False,False,False,,,,,,,,,,6.0,3.0,20.0,0.25
emg,6246900485,5369535,1,,,13540,1.6925000000000001,0.047159050410152004,153.6016387939453,0.019200204849243164,0.03789646911621094,0.025647140502929686,0.038548782348632814,0.025776268005371094,REST,0,0,0,0,False,False,False,False,False,False,,,,,,,,,,6.0,3.0,20.0,0.25
emg,6246994697,5369615,1,,,13524,1.6905000000000001,0.044451080497176054,105.02074432373047,0.013127593040466309,0.03789646911621094,0.025647140502929686,0.038548782348632814,0.025776268005371094,REST,0,0,0,0,False,False,False,False,False,False,,,,,,,,,,6.0,3.0,20.0,0.25
imu,6247080426,,,624294,1,,,,,,,,,,,,,,,,,,,,,-0.171630859375,-0.0760498046875,0.9117431640625,-0.030534351145038167,0.06870229007633588,0.05343511450381679,,,,6.0,3.0,20.0,0.25
emg,6247215661,5369806,1,,,12774,1.5967500000000001,-0.04895634284686046,266.715087890625,0.03333938598632812,0.03789646911621094,0.025647140502929686,0.038548782348632814,0.025776268005371094,REST,0,0,0,0,False,False,False,False,False,False,,,,,,,,,,6.0,3.0,20.0,0.25
emg,6247320331,5369896,1,,,13183,1.647875,0.0019436576107101367,323.1548767089844,0.04039435958862305,0.03789646911621094,0.025647140502929686,0.038548782348632814,0.025776268005371094,CANDIDATE,0,0,0,0,False,False,False,False,False,False,,,,,,,,,,6.0,3.0,20.0,0.25
emg,6247413371,5369976,1,,,13214,1.65175,0.005566089798018092,139.28985595703125,0.017411231994628906,0.03789646911621094,0.025647140502929686,0.038548782348632814,0.025776268005371094,REST,0,0,0,0,False,False,False,False,False,False,,,,,,,,,,6.0,3.0,20.0,0.25
emg,6247518961,5370066,1,,,13279,1.659875,0.0130746307856624,114.16658020019531,0.014270822525024414,0.03789646911621094,0.025647140502929686,0.038548782348632814,0.025776268005371094,REST,0,0,0,0,False,False,False,False,False,False,,,,,,,,,,6.0,3.0,20.0,0.25
imu,6247600431,,,624346,1,,,,,,,,,,,,,,,,,,,,,-0.17578125,-0.0753173828125,0.91015625,-0.030534351145038167,0.08396946564885496,0.10687022900763359,,,,6.0,3.0,20.0,0.25
emg,6247727378,5370246,1,,,13137,1.642125,-0.006536822211314908,135.0806121826172,0.01688507652282715,0.03764634704589844,0.025510002136230468,0.038548782348632814,0.025776268005371094,REST,0,0,0,0,False,False,False,False,False,False,,,,,,,,,,6.0,3.0,20.0,0.25
emg,6247832051,5370336,1,,,13105,1.638125,-0.01096574756548141,153.50816345214844,0.019188520431518554,0.03764634704589844,0.025510002136230468,0.038548782348632814,0.025776268005371094,REST,0,0,0,0,False,False,False,False,False,False,,,,,,,,,,6.0,3.0,20.0,0.25
emg,6247936727,5370426,1,,,13104,1.6380000000000001,-0.010847758053678325,188.73899841308594,0.023592374801635743,0.03764634704589844,0.025510002136230468,0.038548782348632814,0.025776268005371094,REST,0,0,0,0,False,False,False,False,False,False,,,,,,,,,,6.0,3.0,20.0,0.25
emg,6248041950,5370516,1,,,13236,1.6545,0.006485814181927729,179.32044982910156,0.022415056228637695,0.03764634704589844,0.025510002136230468,0.038548782348632814,0.025776268005371094,REST,0,0,0,0,False,False,False,False,False,False,,,,,,,,,,6.0,3.0,20.0,0.25
emg,6248146061,5370606,1,,,12824,1.603,-0.04462086953988065,190.9846954345703,0.02387308692932129,0.03764634704589844,0.025510002136230468,0.038548782348632814,0.025776268005371094,REST,0,0,0,0,False,False,False,False,False,False,,,,,,,,,,6.0,3.0,20.0,0.25
emg,6248250731,5370696,1,,,12968,1.621,-0.026222710834842955,101.94634246826172,0.012743292808532715,0.03764634704589844,0.025510002136230468,0.038548782348632814,0.025776268005371094,REST,0,0,0,0,False,False,False,False,False,False,,,,,,,,,,6.0,3.0,20.0,0.25
emg,6248355404,5370786,1,,,13036,1.6295,-0.01694832725943307,164.26087951660156,0.020532609939575196,0.03764634704589844,0.025510002136230468,0.038548782348632814,0.025776268005371094,REST,0,0,0,0,False,False,False,False,False,False,,,,,,,,,,6.0,3.0,20.0,0.25
emg,6248460647,5370876,1,,,13355,1.669375,0.02293608202422992,140.1054229736328,0.017513177871704103,0.03764634704589844,0.025510002136230468,0.038548782348632814,0.025776268005371094,REST,0,0,0,0,False,False,False,False,False,False,,,,,,,,,,6.0,3.0,20.0,0.25
emg,6248564763,5370966,1,,,13333,1.666625,0.02032069842357398,242.4685516357422,0.030308568954467773,0.03764634704589844,0.025510002136230468,0.038548782348632814,0.025776268005371094,REST,0,0,0,0,False,False,False,False,False,False,,,,,,,,,,6.0,3.0,20.0,0.25
emg,6248669409,5371056,1,,,13281,1.660125,0.013654329647451391,178.38941955566406,0.022298677444458008,0.03764634704589844,0.025510002136230468,0.038548782348632814,0.025776268005371094,REST,0,0,0,0,False,False,False,False,False,False,,,,,,,,,,6.0,3.0,20.0,0.25
emg,6248774076,5371146,1,,,13187,1.648375,0.0018174131157182583,242.0587921142578,0.030257349014282228,0.03764634704589844,0.025510002136230468,0.038548782348632814,0.025776268005371094,REST,0,0,0,0,False,False,False,False,False,False,,,,,,,,,,6.0,3.0,20.0,0.25
emg,6248878759,5371236,1,,,13349,1.668625,0.022199133433082885,285.1699523925781,0.03564624404907227,0.03777735137939453,0.025603694915771486,0.038548782348632814,0.025776268005371094,REST,0,0,0,0,False,False,False,False,False,False,,,,,,,,,,6.0,3.0,20.0,0.25
emg,6248983503,5371326,1,,,13323,1.665375,0.018361284160667735,171.8974151611328,0.021487176895141603,0.03777735137939453,0.025603694915771486,0.038548782348632814,0.025776268005371094,REST,0,0,0,0,False,False,False,False,False,False,,,,,,,,,,6.0,3.0,20.0,0.25
emg,6249088096,5371416,1,,,13178,1.64725,0.00036256594362549244,202.27383422851562,0.025284229278564455,0.03777735137939453,0.025603694915771486,0.038548782348632814,0.025776268005371094,REST,0,0,0,0,False,False,False,False,False,False,,,,,,,,,,6.0,3.0,20.0,0.25
emg,6249192761,5371506,1,,,13378,1.67225,0.02572810600824127,170.6873016357422,0.021335912704467774,0.03777735137939453,0.025603694915771486,0.038548782348632814,0.025776268005371094,REST,0,0,0,0,False,False,False,False,False,False,,,,,,,,,,6.0,3.0,20.0,0.25
emg,6249297437,5371596,1,,,13130,1.64125,-0.005221647470715185,166.48406982421875,0.020810508728027345,0.03777735137939453,0.025603694915771486,0.038548782348632814,0.025776268005371094,REST,0,0,0,0,False,False,False,False,False,False,,,,,,,,,,6.0,3.0,20.0,0.25
emg,6249402671,5371686,1,,,13005,1.625625,-0.021078836302320658,203.02793884277344,0.02537849235534668,0.03777735137939453,0.025603694915771486,0.038548782348632814,0.025776268005371094,REST,0,0,0,0,False,False,False,False,False,False,,,,,,,,,,6.0,3.0,20.0,0.25
emg,6249509094,5371777,1,,,12921,1.6151250000000001,-0.03190690888110348,222.51963806152344,0.02781495475769043,0.03777735137939453,0.025603694915771486,0.038548782348632814,0.025776268005371094,REST,0,0,0,0,False,False,False,False,False,False,,,,,,,,,,6.0,3.0,20.0,0.25
emg,6249600984,5371857,1,,,12942,1.61775,-0.029544101710152093,116.54187774658203,0.014567734718322754,0.03777735137939453,0.025603694915771486,0.038548782348632814,0.025776268005371094,REST,0,0,0,0,False,False,False,False,False,False,,,,,,,,,,6.0,3.0,20.0,0.25
imu,6249680426,,,624554,1,,,,,,,,,,,,,,,,,,,,,-0.175537109375,-0.0772705078125,0.9078369140625,-0.06870229007633588,0.11450381679389313,0.015267175572519083,,,,6.0,3.0,20.0,0.25
emg,6249825430,5372049,1,,,13479,1.6848750000000001,0.03636788669803259,345.2118835449219,0.043151485443115235,0.03777735137939453,0.025603694915771486,0.038548782348632814,0.025776268005371094,CANDIDATE,0,0,0,0,False,False,False,False,False,False,,,,,,,,,,6.0,3.0,20.0,0.25
emg,6249917316,5372129,1,,,13128,1.641,-0.007790152831676833,210.42529296875,0.02630316162109375,0.038340686798095706,0.025938859939575197,0.038548782348632814,0.025776268005371094,REST,0,0,0,0,False,False,False,False,False,False,,,,,,,,,,6.0,3.0,20.0,0.25
emg,6250021980,5372219,1,,,13316,1.6645,0.01598078152190774,191.46026611328125,0.023932533264160158,0.038340686798095706,0.025938859939575197,0.038548782348632814,0.025776268005371094,REST,0,0,0,0,False,False,False,False,False,False,,,,,,,,,,6.0,3.0,20.0,0.25
emg,6250126647,5372309,1,,,13276,1.6595,0.01088334164713678,190.72715759277344,0.02384089469909668,0.038340686798095706,0.025938859939575197,0.038548782348632814,0.025776268005371094,REST,0,0,0,0,False,False,False,False,False,False,,,,,,,,,,6.0,3.0,20.0,0.25
emg,6250231334,5372399,1,,,13104,1.6380000000000001,-0.010549160980588779,249.0897674560547,0.031136220932006835,0.038340686798095706,0.025938859939575197,0.038548782348632814,0.025776268005371094,REST,0,0,0,0,False,False,False,False,False,False,,,,,,,,,,6.0,3.0,20.0,0.25
emg,6250335990,5372489,1,,,13072,1.6340000000000001,-0.014339438055852805,254.86849975585938,0.031858562469482425,0.038340686798095706,0.025938859939575197,0.038548782348632814,0.025776268005371094,REST,0,0,0,0,False,False,False,False,False,False,,,,,,,,,,6.0,3.0,20.0,0.25
emg,6250440657,5372579,1,,,13268,1.6585,0.010310992339891412,157.41366577148438,0.019676708221435548,0.038340686798095706,0.025938859939575197,0.038548782348632814,0.025776268005371094,REST,0,0,0,0,False,False,False,False,False,False,,,,,,,,,,6.0,3.0,20.0,0.25
emg,6250545330,5372669,1,,,13173,1.646625,-0.0014171805242988444,131.60350036621094,0.016450437545776367,0.038340686798095706,0.025938859939575197,0.038548782348632814,0.025776268005371094,REST,0,0,0,0,False,False,False,False,False,False,,,,,,,,,,6.0,3.0,20.0,0.25
emg,6250650006,5372759,1,,,13039,1.629875,-0.017604632809241183,141.21405029296875,0.017651756286621093,0.038340686798095706,0.025938859939575197,0.038548782348632814,0.025776268005371094,REST,0,0,0,0,False,False,False,False,False,False,,,,,,,,,,6.0,3.0,20.0,0.25
emg,6250754670,5372849,1,,,13469,1.683625,0.03637598193436187,190.3242950439453,0.023790536880493166,0.038340686798095706,0.025938859939575197,0.038548782348632814,0.025776268005371094,REST,0,0,0,0,False,False,False,False,False,False,,,,,,,,,,6.0,3.0,20.0,0.25
emg,6250860498,5372940,1,,,12971,1.621375,-0.026008793415774223,241.52508544921875,0.030190635681152343,0.038340686798095706,0.025938859939575197,0.038548782348632814,0.025776268005371094,REST,0,0,0,0,False,False,False,False,False,False,,,,,,,,,,6.0,3.0,20.0,0.25
emg,6250966342,5373031,1,,,13041,1.630125,-0.01681916597699118,163.08290100097656,0.02038536262512207,0.039493961334228514,0.02659489631652832,0.038548782348632814,0.025776268005371094,REST,0,0,0,0,False,False,False,False,False,False,,,,,,,,,,6.0,3.0,20.0,0.25
emg,6251071175,5373121,1,,,13181,1.6476250000000001,0.0005718799037308653,185.40892028808594,0.023176115036010744,0.039493961334228514,0.02659489631652832,0.038548782348632814,0.025776268005371094,REST,0,0,0,0,False,False,False,False,False,False,,,,,,,,,,6.0,3.0,20.0,0.25
emg,6251175678,5373211,1,,,13234,1.65425,0.007440549706823951,197.49795532226562,0.024687244415283204,0.039493961334228514,0.02659489631652832,0.038548782348632814,0.025776268005371094,REST,0,0,0,0,False,False,False,False,False,False,,,,,,,,,,6.0,3.0,20.0,0.25
emg,6251280343,5373301,1,,,12802,1.60025,-0.04644820719265219,241.689697265625,0.030211212158203125,0.039493961334228514,0.02659489631652832,0.038548782348632814,0.025776268005371094,REST,0,0,0,0,False,False,False,False,False,False,,,,,,,,,,6.0,3.0,20.0,0.25
emg,6251385019,5373391,1,,,13285,1.660625,0.013883461360868266,167.10789489746094,0.020888486862182618,0.039493961334228514,0.02659489631652832,0.038548782348632814,0.025776268005371094,REST,0,0,0,0,False,False,False,False,False,False,,,,,,,,,,6.0,3.0,20.0,0.25
emg,6251490244,5373481,1,,,13030,1.6287500000000001,-0.0181624257955475,194.96156311035156,0.024370195388793946,0.039493961334228514,0.02659489631652832,0.038548782348632814,0.025776268005371094,REST,0,0,0,0,False,False,False,False,False,False,,,,,,,,,,6.0,3.0,20.0,0.25
emg,6251594364,5373571,1,,,13057,1.632125,-0.015116022862261769,138.34579467773438,0.0172932243347168,0.039493961334228514,0.02659489631652832,0.038548782348632814,0.025776268005371094,REST,0,0,0,0,False,False,False,False,False,False,,,,,,,,,,6.0,3.0,20.0,0.25
emg,6251699026,5373661,1,,,13012,1.6265,-0.020576402936790972,135.84910583496094,0.016981138229370116,0.039493961334228514,0.02659489631652832,0.038548782348632814,0.025776268005371094,REST,0,0,0,0,False,False,False,False,False,False,,,,,,,,,,6.0,3.0,20.0,0.25
imu,6251760552,,,624762,1,,,,,,,,,,,,,,,,,,,,,-0.176025390625,-0.0772705078125,0.9139404296875,-0.08396946564885496,0.08396946564885496,0.05343511450381679,,,,6.0,3.0,20.0,0.25
emg,6251909199,5373841,1,,,13074,1.63425,-0.01309805561344457,110.85204315185547,0.013856505393981934,0.039493961334228514,0.02659489631652832,0.038548782348632814,0.025776268005371094,REST,0,0,0,0,False,False,False,False,False,False,,,,,,,,,,6.0,3.0,20.0,0.25
emg,6252013055,5373931,1,,,13104,1.6380000000000001,-0.009115219767841909,183.38156127929688,0.02292269515991211,0.041160083770751955,0.027549415588378905,0.038548782348632814,0.025776268005371094,REST,0,0,0,0,False,False,False,False,False,False,,,,,,,,,,6.0,3.0,20.0,0.25
emg,6252106088,5374011,1,,,13093,1.636625,-0.010073747834223878,138.1224822998047,0.017265310287475587,0.041160083770751955,0.027549415588378905,0.038548782348632814,0.025776268005371094,REST,0,0,0,0,False,False,False,False,False,False,,,,,,,,,,6.0,3.0,20.0,0.25
emg,6252211909,5374102,1,,,13099,1.637375,-0.009717051172268398,140.16070556640625,0.01752008819580078,0.041160083770751955,0.027549415588378905,0.038548782348632814,0.025776268005371094,REST,0,0,0,0,False,False,False,False,False,False,,,,,,,,,,6.0,3.0,20.0,0.25
imu,6252280431,,,624814,1,,,,,,,,,,,,,,,,,,,,,-0.1761474609375,-0.07421875,0.909912109375,-0.05343511450381679,0.08396946564885496,0.0916030534351145,,,,6.0,3.0,20.0,0.25
emg,6252422418,5374283,1,,,13463,1.6828750000000001,0.03564227893287253,136.37464904785156,0.017046831130981446,0.041160083770751955,0.027549415588378905,0.038548782348632814,0.025776268005371094,REST,0,0,0,0,False,False,False,False,False,False,,,,,,,,,,6.0,3.0,20.0,0.25
emg,6252527082,5374373,1,,,13225,1.653125,0.005027354275620954,122.88389587402344,0.01536048698425293,0.041160083770751955,0.027549415588378905,0.038548782348632814,0.025776268005371094,REST,0,0,0,0,False,False,False,False,False,False,,,,,,,,,,6.0,3.0,20.0,0.25
emg,6252631752,5374463,1,,,13058,1.63225,-0.01628114400681624,164.89999389648438,0.020612499237060548,0.041160083770751955,0.027549415588378905,0.038548782348632814,0.025776268005371094,REST,0,0,0,0,False,False,False,False,False,False,,,,,,,,,,6.0,3.0,20.0,0.25
emg,6252736417,5374553,1,,,13003,1.625375,-0.023460131858441535,166.1151885986328,0.0207643985748291,0.041160083770751955,0.027549415588378905,0.038548782348632814,0.025776268005371094,REST,0,0,0,0,False,False,False,False,False,False,,,,,,,,,,6.0,3.0,20.0,0.25
emg,6252841095,5374643,1,,,13068,1.6335,-0.015090933391803008,107.90782165527344,0.01348847770690918,0.041160083770751955,0.027549415588378905,0.038548782348632814,0.025776268005371094,REST,0,0,0,0,False,False,False,False,False,False,,,,,,,,,,6.0,3.0,20.0,0.25
emg,6252945764,5374733,1,,,13135,1.641875,-0.006461442594830391,135.64805603027344,0.01695600700378418,0.041160083770751955,0.027549415588378905,0.038548782348632814,0.025776268005371094,REST,0,0,0,0,False,False,False,False,False,False,,,,,,,,,,6.0,3.0,20.0,0.25
emg,6253050425,5374823,1,,,13003,1.625375,-0.023107744417355747,196.6394805908203,0.02457993507385254,0.0429604377746582,0.028612030029296874,0.038548782348632814,0.025776268005371094,REST,0,0,0,0,False,False,False,False,False,False,,,,,,,,,,6.0,3.0,20.0,0.25
emg,6253155102,5374913,1,,,16588,2.0735,0.4220093486472891,933.774658203125,0.11672183227539062,0.0429604377746582,0.028612030029296874,0.038548782348632814,0.025776268005371094,CANDIDATE,0,0,0,0,False,False,False,False,False,False,,,,,,,,,,6.0,3.0,20.0,0.25
emg,6253259778,5375003,1,,,12423,1.552875,-0.1322639586300265,2635.573974609375,0.32944674682617187,0.0429604377746582,0.028612030029296874,0.038548782348632814,0.025776268005371094,ACTIVE,0,0,0,0,True,True,False,False,False,False,,,,,,,,,,6.0,3.0,20.0,0.25
emg,6253364446,5375093,1,,,12272,1.534,-0.1337174301159243,1375.8955078125,0.1719869384765625,0.0429604377746582,0.028612030029296874,0.038548782348632814,0.025776268005371094,ACTIVE,0,0,0,0,True,True,False,False,False,False,,,,,,,,,,6.0,3.0,20.0,0.25
emg,6253469112,5375183,1,,,12589,1.573625,-0.08339885373352196,598.5709838867188,0.07482137298583985,0.0429604377746582,0.028612030029296874,0.038548782348632814,0.025776268005371094,ACTIVE,0,0,0,0,True,True,False,False,False,False,,,,,,,,,,6.0,3.0,20.0,0.25
emg,6253573782,5375273,1,,,12775,1.596875,-0.05525687190891748,330.7762145996094,0.04134702682495117,0.0429604377746582,0.028612030029296874,0.038548782348632814,0.025776268005371094,ACTIVE,0,0,0,0,True,True,False,False,False,False,,,,,,,,,,6.0,3.0,20.0,0.25
emg,6253678455,5375363,1,,,13144,1.643,-0.005859623468916553,202.57232666015625,0.025321540832519532,0.0429604377746582,0.028612030029296874,0.038548782348632814,0.025776268005371094,ACTIVE,0,0,0,0,True,True,False,False,False,False,,,,,,,,,,6.0,3.0,20.0,0.25
emg,6253783687,5375453,1,,,13026,1.62825,-0.01867204522829624,347.53619384765625,0.043442024230957034,0.0429604377746582,0.028612030029296874,0.038548782348632814,0.025776268005371094,ACTIVE,0,0,0,0,True,True,False,False,False,False,,,,,,,,,,6.0,3.0,20.0,0.25
emg,6253887819,5375543,1,,,13135,1.641875,-0.0032046120431405978,238.66893005371094,0.02983361625671387,0.0429604377746582,0.028612030029296874,0.038548782348632814,0.025776268005371094,ACTIVE,0,0,0,0,True,True,False,False,False,False,,,,,,,,,,6.0,3.0,20.0,0.25
emg,6253992459,5375633,1,,,13152,1.6440000000000001,0.00028101358010634847,229.6940155029297,0.028711751937866212,0.0429604377746582,0.028612030029296874,0.038548782348632814,0.025776268005371094,ACTIVE,0,0,0,0,True,True,False,False,False,False,,,,,,,,,,6.0,3.0,20.0,0.25
emg,6254097127,5375723,1,,,12654,1.58175,-0.061129885039611365,204.15771484375,0.02551971435546875,0.0429604377746582,0.028612030029296874,0.038548782348632814,0.025776268005371094,ACTIVE,0,0,0,0,True,True,False,False,False,False,,,,,,,,,,6.0,3.0,20.0,0.25
emg,6254201808,5375813,1,,,13373,1.6716250000000001,0.02928672629333051,296.08856201171875,0.03701107025146484,0.0429604377746582,0.028612030029296874,0.038548782348632814,0.025776268005371094,ACTIVE,0,0,0,0,True,True,False,False,False,False,,,,,,,,,,6.0,3.0,20.0,0.25
imu,6254320426,,,625018,1,,,,,,,,,,,,,,,,,,,,,-0.17626953125,-0.072021484375,0.90966796875,-0.03816793893129771,0.04580152671755725,0.1297709923664122,,,,6.0,3.0,20.0,0.25
imu,6254360426,,,625022,1,,,,,,,,,,,,,,,,,,,,,-0.1776123046875,-0.0750732421875,0.90771484375,-0.04580152671755725,0.11450381679389313,0.08396946564885496,,,,6.0,3.0,20.0,0.25
emg,6254515812,5376083,1,,,13207,1.650875,0.009314791973748626,62.63998031616211,0.007829997539520264,0.0429604377746582,0.028612030029296874,0.038548782348632814,0.025776268005371094,REFRACTORY,0,0,0,0,True,False,False,False,False,False,,,,,,,,,,6.0,3.0,20.0,0.25
emg,6254608860,5376163,1,,,13393,1.674125,0.032010796160688804,194.11459350585938,0.024264324188232423,0.0429604377746582,0.028612030029296874,0.038548782348632814,0.025776268005371094,REFRACTORY,0,0,0,0,True,False,False,False,False,False,,,,,,,,,,6.0,3.0,20.0,0.25
emg,6254714716,5376254,1,,,13259,1.657375,0.014261773125531674,135.73622131347656,0.01696702766418457,0.0429604377746582,0.028612030029296874,0.038548782348632814,0.025776268005371094,REFRACTORY,0,0,0,0,True,False,False,False,False,False,,,,,,,,,,6.0,3.0,20.0,0.25
emg,6254820518,5376344,1,,,13163,1.645375,0.0016534231794980148,85.8412094116211,0.010730151176452637,0.0429604377746582,0.028612030029296874,0.038548782348632814,0.025776268005371094,REST,0,0,0,0,True,False,False,False,False,False,,,,,,,,,,6.0,3.0,20.0,0.25
emg,6254925194,5376435,1,,,13296,1.6620000000000001,0.01748081723922379,96.7740249633789,0.012096753120422363,0.0429604377746582,0.028612030029296874,0.038548782348632814,0.025776268005371094,REST,0,0,0,0,True,False,False,False,False,False,,,,,,,,,,6.0,3.0,20.0,0.25
emg,6255030423,5376525,1,,,13177,1.647125,0.0018514756818921452,122.05970764160156,0.015257463455200196,0.0429604377746582,0.028612030029296874,0.038548782348632814,0.025776268005371094,REST,0,0,0,0,True,False,False,False,False,False,,,,,,,,,,6.0,3.0,20.0,0.25
emg,6255134536,5376615,1,,,13110,1.63875,-0.0071144935653344454,255.9832763671875,0.031997909545898436,0.0429604377746582,0.028612030029296874,0.038548782348632814,0.025776268005371094,REST,0,0,0,0,True,False,False,False,False,False,,,,,,,,,,6.0,3.0,20.0,0.25
emg,6255239198,5376705,1,,,13205,1.650625,0.004014002360961166,202.49673461914062,0.02531209182739258,0.0429604377746582,0.028612030029296874,0.038548782348632814,0.025776268005371094,REST,0,0,0,0,True,False,False,False,False,False,,,,,,,,,,6.0,3.0,20.0,0.25
emg,6255343861,5376795,1,,,13317,1.664625,0.017223457825613187,162.0856475830078,0.020260705947875976,0.0429604377746582,0.028612030029296874,0.038548782348632814,0.025776268005371094,REST,0,0,0,0,True,False,False,False,False,False,,,,,,,,,,6.0,3.0,20.0,0.25
emg,6255449197,5376885,1,,,13486,1.68575,0.03786108687302092,317.8671875,0.0397333984375,0.0429604377746582,0.028612030029296874,0.038548782348632814,0.025776268005371094,REST,0,0,0,0,True,False,False,False,False,False,,,,,,,,,,6.0,3.0,20.0,0.25
emg,6255553229,5376975,1,,,12967,1.620875,-0.02713431439591707,132.96112060546875,0.016620140075683593,0.0429604377746582,0.028612030029296874,0.038548782348632814,0.025776268005371094,REST,0,0,0,0,True,False,False,False,False,False,,,,,,,,,,6.0,3.0,20.0,0.25
emg,6255657875,5377065,1,,,13123,1.6403750000000001,-0.008119612552423439,133.31982421875,0.01666497802734375,0.04514838790893555,0.029955324172973634,0.038548782348632814,0.025776268005371094,REST,0,0,0,0,True,False,False,False,False,False,,,,,,,,,,6.0,3.0,20.0,0.25
emg,6255762548,5377155,1,,,13044,1.6305,-0.018410195979106314,121.50801086425781,0.015188501358032227,0.04514838790893555,0.029955324172973634,0.038548782348632814,0.025776268005371094,REST,0,0,0,0,False,False,False,False,False,False,,,,,,,,,,6.0,3.0,20.0,0.25
emg,6255867213,5377245,1,,,13247,1.655875,0.00692867522630114,164.9219970703125,0.02061524963378906,0.04514838790893555,0.029955324172973634,0.038548782348632814,0.025776268005371094,REST,0,0,0,0,False,False,False,False,False,False,,,,,,,,,,6.0,3.0,20.0,0.25
emg,6255974220,5377336,1,,,13182,1.64775,-0.0014130442465427606,92.02783966064453,0.011503479957580567,0.04514838790893555,0.029955324172973634,0.038548782348632814,0.025776268005371094,REST,0,0,0,0,False,False,False,False,False,False,,,,,,,,,,6.0,3.0,20.0,0.25
emg,6256077718,5377426,1,,,13027,1.6283750000000001,-0.020950961140208335,169.1671905517578,0.02114589881896973,0.04514838790893555,0.029955324172973634,0.038548782348632814,0.025776268005371094,REST,0,0,0,0,False,False,False,False,False,False,,,,,,,,,,6.0,3.0,20.0,0.25
emg,6256183552,5377517,1,,,12902,1.6127500000000001,-0.03612336995351906,207.53538513183594,0.025941923141479493,0.04514838790893555,0.029955324172973634,0.038548782348632814,0.025776268005371094,REST,0,0,0,0,False,False,False,False,False,False,,,,,,,,,,6.0,3.0,20.0,0.25
emg,6256288226,5377607,1,,,12771,1.596375,-0.05258419630731215,192.9479217529297,0.02411849021911621,0.04514838790893555,0.029955324172973634,0.038548782348632814,0.025776268005371094,REST,0,0,0,0,False,False,False,False,False,False,,,,,,,,,,6.0,3.0,20.0,0.25
emg,6256393613,5377697,1,,,13296,1.6620000000000001,0.013130726550530714,233.6821746826172,0.02921027183532715,0.04514838790893555,0.029955324172973634,0.038548782348632814,0.025776268005371094,REST,0,0,0,0,False,False,False,False,False,False,,,,,,,,,,6.0,3.0,20.0,0.25
imu,6256440426,,,625230,1,,,,,,,,,,,,,,,,,,,,,-0.1751708984375,-0.07275390625,0.9122314453125,-0.022900763358778626,0.11450381679389313,0.09923664122137404,,,,6.0,3.0,20.0,0.25
emg,6256602234,5377877,1,,,13200,1.6500000000000001,0.001005438407812198,277.06915283203125,0.03463364410400391,0.04514838790893555,0.029955324172973634,0.038548782348632814,0.025776268005371094,REST,0,0,0,0,False,False,False,False,False,False,,,,,,,,,,6.0,3.0,20.0,0.25
emg,6256706902,5377967,1,,,13343,1.667875,0.018469908998018703,225.13011169433594,0.028141263961791993,0.04738153839111328,0.03135878562927246,0.038548782348632814,0.025776268005371094,REST,0,0,0,0,False,False,False,False,False,False,,,,,,,,,,6.0,3.0,20.0,0.25
emg,6256799950,5378047,1,,,13475,1.684375,0.03527553148036122,162.63623046875,0.02032952880859375,0.04738153839111328,0.03135878562927246,0.038548782348632814,0.025776268005371094,REST,0,0,0,0,False,False,False,False,False,False,,,,,,,,,,6.0,3.0,20.0,0.25
imu,6256920426,,,625278,1,,,,,,,,,,,,,,,,,,,,,-0.1744384765625,-0.0758056640625,0.90869140625,-0.05343511450381679,0.03816793893129771,0.05343511450381679,,,,6.0,3.0,20.0,0.25
imu,6256960429,,,625282,1,,,,,,,,,,,,,,,,,,,,,-0.17724609375,-0.07177734375,0.9112548828125,-0.08396946564885496,0.11450381679389313,0.05343511450381679,,,,6.0,3.0,20.0,0.25
emg,6257125584,5378327,1,,,13200,1.6500000000000001,0.00011788823069158738,176.60032653808594,0.022075040817260742,0.04738153839111328,0.03135878562927246,0.038548782348632814,0.025776268005371094,REST,0,0,0,0,False,False,False,False,False,False,,,,,,,,,,6.0,3.0,20.0,0.25
emg,6257218634,5378407,1,,,13045,1.630625,-0.019367623903211006,156.43540954589844,0.019554426193237304,0.04738153839111328,0.03135878562927246,0.038548782348632814,0.025776268005371094,REST,0,0,0,0,False,False,False,False,False,False,,,,,,,,,,6.0,3.0,20.0,0.25
emg,6257323854,5378497,1,,,13258,1.6572500000000001,0.00740503751856858,239.21348571777344,0.029901685714721682,0.04738153839111328,0.03135878562927246,0.038548782348632814,0.025776268005371094,REST,0,0,0,0,False,False,False,False,False,False,,,,,,,,,,6.0,3.0,20.0,0.25
emg,6257429124,5378588,1,,,13161,1.645125,-0.005075956137252202,155.48194885253906,0.019435243606567384,0.04738153839111328,0.03135878562927246,0.038548782348632814,0.025776268005371094,REST,0,0,0,0,False,False,False,False,False,False,,,,,,,,,,6.0,3.0,20.0,0.25
emg,6257533797,5378678,1,,,12983,1.622875,-0.02721228921545804,215.14199829101562,0.026892749786376954,0.04738153839111328,0.03135878562927246,0.038548782348632814,0.025776268005371094,REST,0,0,0,0,False,False,False,False,False,False,,,,,,,,,,6.0,3.0,20.0,0.25
emg,6257638473,5378768,1,,,13117,1.639625,-0.010323975634451754,137.35935974121094,0.017169919967651368,0.04738153839111328,0.03135878562927246,0.038548782348632814,0.025776268005371094,REST,0,0,0,0,False,False,False,False,False,False,,,,,,,,,,6.0,3.0,20.0,0.25
emg,6257743505,5378858,1,,,13223,1.652875,0.003100299810990803,187.79071044921875,0.023473838806152343,0.04904001617431641,0.03247903442382812,0.038548782348632814,0.025776268005371094,REST,0,0,0,0,False,False,False,False,False,False,,,,,,,,,,6.0,3.0,20.0,0.25
emg,6257847812,5378948,1,,,13138,1.64225,-0.00754871686039249,175.0296173095703,0.02187870216369629,0.04904001617431641,0.03247903442382812,0.038548782348632814,0.025776268005371094,REST,0,0,0,0,False,False,False,False,False,False,,,,,,,,,,6.0,3.0,20.0,0.25
emg,6257952479,5379038,1,,,13037,1.629625,-0.02036720772909928,213.87098693847656,0.02673387336730957,0.04904001617431641,0.03247903442382812,0.038548782348632814,0.025776268005371094,REST,0,0,0,0,False,False,False,False,False,False,,,,,,,,,,6.0,3.0,20.0,0.25
emg,6258057150,5379128,1,,,12697,1.5871250000000001,-0.06289560019703067,219.44358825683594,0.027430448532104492,0.04904001617431641,0.03247903442382812,0.038548782348632814,0.025776268005371094,REST,0,0,0,0,False,False,False,False,False,False,,,,,,,,,,6.0,3.0,20.0,0.25
emg,6258162379,5379218,1,,,13294,1.66175,0.01131516950457545,123.87503814697266,0.015484379768371583,0.04904001617431641,0.03247903442382812,0.038548782348632814,0.025776268005371094,REST,0,0,0,0,False,False,False,False,False,False,,,,,,,,,,6.0,3.0,20.0,0.25
emg,6258266516,5379308,1,,,13383,1.6728750000000001,0.02252851505166409,278.6224365234375,0.034827804565429686,0.04904001617431641,0.03247903442382812,0.038548782348632814,0.025776268005371094,REST,0,0,0,0,False,False,False,False,False,False,,,,,,,,,,6.0,3.0,20.0,0.25
emg,6258371156,5379398,1,,,13202,1.65025,0.0002379605938100937,237.23487854003906,0.029654359817504885,0.04904001617431641,0.03247903442382812,0.038548782348632814,0.025776268005371094,REST,0,0,0,0,False,False,False,False,False,False,,,,,,,,,,6.0,3.0,20.0,0.25
emg,6258475827,5379488,1,,,13099,1.637375,-0.012457973023484836,164.63938903808594,0.020579923629760744,0.04904001617431641,0.03247903442382812,0.038548782348632814,0.025776268005371094,REST,0,0,0,0,False,False,False,False,False,False,,,,,,,,,,6.0,3.0,20.0,0.25
emg,6258582225,5379579,1,,,12876,1.6095,-0.039987781817770296,251.19442749023438,0.0313993034362793,0.04904001617431641,0.03247903442382812,0.038548782348632814,0.025776268005371094,REST,0,0,0,0,False,False,False,False,False,False,,,,,,,,,,6.0,3.0,20.0,0.25
emg,6258686335,5379669,1,,,13277,1.6596250000000001,0.010002893306690241,143.2515411376953,0.017906442642211914,0.05061454772949219,0.03359696197509766,0.038548782348632814,0.025776268005371094,REST,0,0,0,0,False,False,False,False,False,False,,,,,,,,,,6.0,3.0,20.0,0.25
emg,6258791002,5379759,1,,,12898,1.61225,-0.037151816006901095,107.60684967041016,0.01345085620880127,0.05061454772949219,0.03359696197509766,0.038548782348632814,0.025776268005371094,REST,0,0,0,0,False,False,False,False,False,False,,,,,,,,,,6.0,3.0,20.0,0.25
emg,6258895665,5379849,1,,,13392,1.674,0.024078786578772604,229.0967559814453,0.028637094497680666,0.05061454772949219,0.03359696197509766,0.038548782348632814,0.025776268005371094,REST,0,0,0,0,False,False,False,False,False,False,,,,,,,,,,6.0,3.0,20.0,0.25
emg,6259000340,5379939,1,,,13165,1.6456250000000001,-0.004009261992947932,168.6123046875,0.0210765380859375,0.05061454772949219,0.03359696197509766,0.038548782348632814,0.025776268005371094,REST,0,0,0,0,False,False,False,False,False,False,,,,,,,,,,6.0,3.0,20.0,0.25
imu,6259040426,,,625490,1,,,,,,,,,,,,,,,,,,,,,-0.1746826171875,-0.0732421875,0.9091796875,-0.0916030534351145,0.061068702290076333,0.05343511450381679,,,,6.0,3.0,20.0,0.25
emg,6259209675,5380119,1,,,13237,1.654625,0.0052680138590019965,165.60142517089844,0.020700178146362304,0.05061454772949219,0.03359696197509766,0.038548782348632814,0.025776268005371094,REST,0,0,0,0,False,False,False,False,False,False,,,,,,,,,,6.0,3.0,20.0,0.25
emg,6259314350,5380209,1,,,13177,1.647125,-0.0016889972683153953,299.8863220214844,0.03748579025268555,0.05061454772949219,0.03359696197509766,0.038548782348632814,0.025776268005371094,REST,0,0,0,0,False,False,False,False,False,False,,,,,,,,,,6.0,3.0,20.0,0.25
emg,6259407390,5380289,1,,,13261,1.6576250000000001,0.008835194901426036,215.91604614257812,0.026989505767822265,0.05061454772949219,0.03359696197509766,0.038548782348632814,0.025776268005371094,REST,0,0,0,0,False,False,False,False,False,False,,,,,,,,,,6.0,3.0,20.0,0.25
imu,6259520426,,,625538,1,,,,,,,,,,,,,,,,,,,,,-0.1744384765625,-0.0732421875,0.9139404296875,-0.08396946564885496,0.04580152671755725,0.015267175572519083,,,,6.0,3.0,20.0,0.25
imu,6259560431,,,625542,1,,,,,,,,,,,,,,,,,,,,,-0.1756591796875,-0.073974609375,0.910888671875,0.022900763358778626,0.04580152671755725,0.061068702290076333,,,,6.0,3.0,20.0,0.25
emg,6259721400,5380559,1,,,13307,1.663375,0.015074195048510042,207.13153076171875,0.025891441345214844,0.052091003417968754,0.03466247177124023,0.038548782348632814,0.025776268005371094,REST,0,0,0,0,False,False,False,False,False,False,,,,,,,,,,6.0,3.0,20.0,0.25
emg,6259826067,5380649,1,,,13243,1.655375,0.007473194114076209,265.7837829589844,0.033222972869873045,0.052091003417968754,0.03466247177124023,0.038548782348632814,0.025776268005371094,REST,0,0,0,0,False,False,False,False,False,False,,,,,,,,,,6.0,3.0,20.0,0.25
emg,6259931909,5380740,1,,,13181,1.6476250000000001,-0.00036629988207970143,292.5172424316406,0.03656465530395508,0.052091003417968754,0.03466247177124023,0.038548782348632814,0.025776268005371094,REST,0,0,0,0,False,False,False,False,False,False,,,,,,,,,,6.0,3.0,20.0,0.25
emg,6260037139,5380830,1,,,13198,1.64975,0.0018925182039493116,169.93017578125,0.02124127197265625,0.052091003417968754,0.03466247177124023,0.038548782348632814,0.025776268005371094,REST,0,0,0,0,False,False,False,False,False,False,,,,,,,,,,6.0,3.0,20.0,0.25
emg,6260141243,5380920,1,,,13239,1.654875,0.006789006591312985,159.44586181640625,0.01993073272705078,0.052091003417968754,0.03466247177124023,0.038548782348632814,0.025776268005371094,REST,0,0,0,0,False,False,False,False,False,False,,,,,,,,,,6.0,3.0,20.0,0.25
emg,6260245913,5381010,1,,,13243,1.655375,0.00754574394664842,232.84010314941406,0.029105012893676757,0.052091003417968754,0.03466247177124023,0.038548782348632814,0.025776268005371094,REST,0,0,0,0,False,False,False,False,False,False,,,,,,,,,,6.0,3.0,20.0,0.25
emg,6260350580,5381100,1,,,13045,1.630625,-0.016775488666501692,278.3127746582031,0.03478909683227539,0.052091003417968754,0.03466247177124023,0.038548782348632814,0.025776268005371094,REST,0,0,0,0,False,False,False,False,False,False,,,,,,,,,,6.0,3.0,20.0,0.25
emg,6260455939,5381190,1,,,13097,1.637125,-0.009908031899676928,246.0221710205078,0.03075277137756348,0.052091003417968754,0.03466247177124023,0.038548782348632814,0.025776268005371094,REST,0,0,0,0,False,False,False,False,False,False,,,,,,,,,,6.0,3.0,20.0,0.25
emg,6260559944,5381280,1,,,13212,1.6515,0.0048222198118965665,134.66188049316406,0.01683273506164551,0.052091003417968754,0.03466247177124023,0.038548782348632814,0.025776268005371094,REST,0,0,0,0,False,False,False,False,False,False,,,,,,,,,,6.0,3.0,20.0,0.25
emg,6260664593,5381370,1,,,13220,1.6525,0.005616666608841303,103.17391204833984,0.012896739006042482,0.052091003417968754,0.03466247177124023,0.038548782348632814,0.025776268005371094,REST,0,0,0,0,False,False,False,False,False,False,,,,,,,,,,6.0,3.0,20.0,0.25
emg,6260769263,5381460,1,,,13294,1.66175,0.015196891522883504,157.74765014648438,0.019718456268310546,0.05348165893554688,0.03565547943115235,0.038548782348632814,0.025776268005371094,REST,0,0,0,0,False,False,False,False,False,False,,,,,,,,,,6.0,3.0,20.0,0.25
emg,6260873939,5381550,1,,,12877,1.609625,-0.03710250661166459,169.97947692871094,0.021247434616088866,0.05348165893554688,0.03565547943115235,0.038548782348632814,0.025776268005371094,REST,0,0,0,0,False,False,False,False,False,False,,,,,,,,,,6.0,3.0,20.0,0.25
emg,6260978851,5381640,1,,,13392,1.674,0.026853902571591703,158.46829223632812,0.019808536529541017,0.05348165893554688,0.03565547943115235,0.038548782348632814,0.025776268005371094,REST,0,0,0,0,False,False,False,False,False,False,,,,,,,,,,6.0,3.0,20.0,0.25
emg,6261083279,5381730,1,,,12603,1.575375,-0.07209261135467804,180.74732971191406,0.02259341621398926,0.05348165893554688,0.03565547943115235,0.038548782348632814,0.025776268005371094,REST,0,0,0,0,False,False,False,False,False,False,,,,,,,,,,6.0,3.0,20.0,0.25
emg,6261189101,5381821,1,,,13757,1.719625,0.07000103678306369,728.0106811523438,0.09100133514404297,0.05348165893554688,0.03565547943115235,0.038548782348632814,0.025776268005371094,CANDIDATE,0,0,0,0,False,False,False,False,False,False,,,,,,,,,,6.0,3.0,20.0,0.25
emg,6261297273,5381913,1,,,11310,1.41375,-0.2757190026738878,7830.08154296875,0.9787601928710937,0.05348165893554688,0.03565547943115235,0.038548782348632814,0.025776268005371094,ACTIVE,0,0,0,0,True,True,False,False,False,False,,,,,,,,,,6.0,3.0,20.0,0.25
emg,6261400772,5382003,1,,,12624,1.578,-0.09576650240150775,1632.568359375,0.204071044921875,0.05348165893554688,0.03565547943115235,0.038548782348632814,0.025776268005371094,ACTIVE,0,0,0,0,True,True,False,False,False,False,,,,,,,,,,6.0,3.0,20.0,0.25
emg,6261505439,5382093,1,,,13590,1.69875,0.03599701421870605,750.7232055664062,0.09384040069580078,0.05348165893554688,0.03565547943115235,0.038548782348632814,0.025776268005371094,ACTIVE,0,0,0,0,True,True,False,False,False,False,,,,,,,,,,6.0,3.0,20.0,0.25
imu,6261600426,,,625746,1,,,,,,,,,,,,,,,,,,,,,-0.178955078125,-0.07470703125,0.9083251953125,-0.09923664122137404,0.06870229007633588,0.05343511450381679,,,,6.0,3.0,20.0,0.25
imu,6261640426,,,625750,1,,,,,,,,,,,,,,,,,,,,,-0.1728515625,-0.074462890625,0.90869140625,-0.08396946564885496,0.007633587786259542,0.061068702290076333,,,,6.0,3.0,20.0,0.25
emg,6261819449,5382363,1,,,12833,1.604125,-0.045242478141183984,309.212646484375,0.03865158081054688,0.05348165893554688,0.03565547943115235,0.038548782348632814,0.025776268005371094,ACTIVE,0,0,0,0,True,True,False,False,False,False,,,,,,,,,,6.0,3.0,20.0,0.25
emg,6261912498,5382443,1,,,12708,1.5885,-0.05877948269838962,230.88368225097656,0.028860460281372072,0.05348165893554688,0.03565547943115235,0.038548782348632814,0.025776268005371094,ACTIVE,0,0,0,0,True,True,False,False,False,False,,,,,,,,,,6.0,3.0,20.0,0.25
emg,6262017162,5382533,1,,,13371,1.671375,0.025398290241107846,247.41323852539062,0.03092665481567383,0.05348165893554688,0.03565547943115235,0.038548782348632814,0.025776268005371094,ACTIVE,0,0,0,0,True,True,False,False,False,False,,,,,,,,,,6.0,3.0,20.0,0.25
imu,6262120431,,,625798,1,,,,,,,,,,,,,,,,,,,,,-0.176513671875,-0.0765380859375,0.9097900390625,-0.13740458015267176,0.06870229007633588,0.0916030534351145,,,,6.0,3.0,20.0,0.25
emg,6262226523,5382713,1,,,13208,1.651,0.005198411204125675,188.36351013183594,0.023545438766479493,0.05348165893554688,0.03565547943115235,0.038548782348632814,0.025776268005371094,ACTIVE,0,0,0,0,True,True,False,False,False,False,,,,,,,,,,6.0,3.0,20.0,0.25
emg,6262331174,5382803,1,,,12808,1.601,-0.04484810040177645,197.4559783935547,0.024681997299194337,0.05348165893554688,0.03565547943115235,0.038548782348632814,0.025776268005371094,REFRACTORY,0,0,0,0,True,False,False,False,False,False,,,,,,,,,,6.0,3.0,20.0,0.25
emg,6262435841,5382893,1,,,13043,1.6303750000000001,-0.015308362217608895,221.11317443847656,0.02763914680480957,0.05348165893554688,0.03565547943115235,0.038548782348632814,0.025776268005371094,REFRACTORY,0,0,0,0,True,False,False,False,False,False,,,,,,,,,,6.0,3.0,20.0,0.25
emg,6262540509,5382983,1,,,13553,1.694125,0.04804307423230725,275.3747863769531,0.03442184829711914,0.05348165893554688,0.03565547943115235,0.038548782348632814,0.025776268005371094,REFRACTORY,0,0,0,0,True,False,False,False,False,False,,,,,,,,,,6.0,3.0,20.0,0.25
emg,6262645190,5383073,1,,,13600,1.7,0.05422731783308743,284.3057861328125,0.03553822326660156,0.05348165893554688,0.03565547943115235,0.038548782348632814,0.025776268005371094,REST,0,0,0,0,True,False,False,False,False,False,,,,,,,,,,6.0,3.0,20.0,0.25
emg,6262749856,5383163,1,,,13121,1.640125,-0.0054803858473921885,203.02752685546875,0.025378440856933596,0.05348165893554688,0.03565547943115235,0.038548782348632814,0.025776268005371094,REST,0,0,0,0,True,False,False,False,False,False,,,,,,,,,,6.0,3.0,20.0,0.25
emg,6262854524,5383253,1,,,12921,1.6151250000000001,-0.02990394409051622,249.46380615234375,0.03118297576904297,0.05348165893554688,0.03565547943115235,0.038548782348632814,0.025776268005371094,REST,0,0,0,0,True,False,False,False,False,False,,,,,,,,,,6.0,3.0,20.0,0.25
emg,6262959194,5383343,1,,,11674,1.45925,-0.175557178243412,1134.7222900390625,0.14184028625488282,0.05348165893554688,0.03565547943115235,0.038548782348632814,0.025776268005371094,ACTIVE,0,0,0,0,True,True,False,False,False,False,,,,,,,,,,6.0,3.0,20.0,0.25
emg,6263063868,5383433,1,,,11534,1.44175,-0.18063835455307786,956.1718139648438,0.11952147674560547,0.05348165893554688,0.03565547943115235,0.038548782348632814,0.025776268005371094,ACTIVE,0,0,0,0,True,True,False,False,False,False,,,,,,,,,,6.0,3.0,20.0,0.25
emg,6263169092,5383523,1,,,12254,1.53175,-0.08118098486759528,697.59130859375,0.08719891357421874,0.05348165893554688,0.03565547943115235,0.038548782348632814,0.025776268005371094,ACTIVE,0,0,0,0,True,True,False,False,False,False,,,,,,,,,,6.0,3.0,20.0,0.25
emg,6263273202,5383613,1,,,12568,1.571,-0.03632672033243334,289.00604248046875,0.03612575531005859,0.05348165893554688,0.03565547943115235,0.038548782348632814,0.025776268005371094,ACTIVE,0,0,0,0,True,True,False,False,False,False,,,,,,,,,,6.0,3.0,20.0,0.25
emg,6263377872,5383703,1,,,12798,1.59975,-0.0055348654854152635,301.11846923828125,0.03763980865478516,0.05348165893554688,0.03565547943115235,0.038548782348632814,0.025776268005371094,ACTIVE,0,0,0,0,True,True,False,False,False,False,,,,,,,,,,6.0,3.0,20.0,0.25
emg,6263482537,5383793,1,,,13030,1.6287500000000001,0.022758482095677213,341.2307434082031,0.04265384292602539,0.05348165893554688,0.03565547943115235,0.038548782348632814,0.025776268005371094,ACTIVE,0,0,0,0,True,True,False,False,False,False,,,,,,,,,,6.0,3.0,20.0,0.25
emg,6263587212,5383883,1,,,13221,1.652625,0.043460546111263376,343.4295654296875,0.04292869567871094,0.05348165893554688,0.03565547943115235,0.038548782348632814,0.025776268005371094,ACTIVE,0,0,0,0,True,True,False,False,False,False,,,,,,,,,,6.0,3.0,20.0,0.25
emg,6263693046,5383974,1,,,12876,1.6095,-0.0032909273220849133,312.5906677246094,0.03907383346557617,0.05348165893554688,0.03565547943115235,0.038548782348632814,0.025776268005371094,ACTIVE,0,0,0,0,True,True,False,False,False,False,,,,,,,,,,6.0,3.0,20.0,0.25
emg,6263797715,5384064,1,,,12907,1.613375,-0.00417129595155985,426.0501403808594,0.05325626754760742,0.05348165893554688,0.03565547943115235,0.038548782348632814,0.025776268005371094,ACTIVE,0,0,0,0,True,True,False,False,False,False,,,,,,,,,,6.0,3.0,20.0,0.25
emg,6263902382,5384154,1,,,12983,1.622875,0.0002891608938517809,371.95947265625,0.04649493408203125,0.05348165893554688,0.03565547943115235,0.038548782348632814,0.025776268005371094,ACTIVE,0,0,0,0,True,True,False,False,False,False,,,,,,,,,,6.0,3.0,20.0,0.25
emg,6264007627,5384244,1,,,13533,1.691625,0.06280779758708332,551.110595703125,0.06888882446289063,0.05348165893554688,0.03565547943115235,0.038548782348632814,0.025776268005371094,ACTIVE,0,0,0,0,True,True,False,False,False,False,,,,,,,,,,6.0,3.0,20.0,0.25
emg,6264100135,5384324,1,,,13571,1.696375,0.06235612160026127,500.72955322265625,0.06259119415283203,0.05348165893554688,0.03565547943115235,0.038548782348632814,0.025776268005371094,ACTIVE,0,0,0,0,True,True,False,False,False,False,,,,,,,,,,6.0,3.0,20.0,0.25
imu,6264200456,,,626006,1,,,,,,,,,,,,,,,,,,,,,-0.1739501953125,-0.0771484375,0.9140625,-0.007633587786259542,0.07633587786259542,0.061068702290076333,,,,6.0,3.0,20.0,0.25
imu,6264240477,,,626010,1,,,,,,,,,,,,,,,,,,,,,-0.1767578125,-0.0750732421875,0.90869140625,-0.007633587786259542,0.08396946564885496,0.04580152671755725,,,,6.0,3.0,20.0,0.25
emg,6264414111,5384594,1,,,13467,1.683375,0.03443880538755528,373.01275634765625,0.04662659454345703,0.05348165893554688,0.03565547943115235,0.038548782348632814,0.025776268005371094,ACTIVE,0,0,0,0,True,True,False,False,False,False,,,,,,,,,,6.0,3.0,20.0,0.25
emg,6264518885,5384684,1,,,13383,1.6728750000000001,0.020536565822276254,351.2760314941406,0.043909503936767576,0.05348165893554688,0.03565547943115235,0.038548782348632814,0.025776268005371094,ACTIVE,0,0,0,0,True,True,False,False,False,False,,,,,,,,,,6.0,3.0,20.0,0.25
emg,6264623452,5384774,1,,,13732,1.7165000000000001,0.06241171036793958,224.41062927246094,0.028051328659057618,0.05348165893554688,0.03565547943115235,0.038548782348632814,0.025776268005371094,ACTIVE,0,0,0,0,True,True,False,False,False,False,,,,,,,,,,6.0,3.0,20.0,0.25
imu,6264720591,,,626058,1,,,,,,,,,,,,,,,,,,,,,-0.173583984375,-0.07470703125,0.90869140625,-0.061068702290076333,0.0,0.05343511450381679,,,,6.0,3.0,20.0,0.25
emg,6264832793,5384954,1,,,13166,1.64575,-0.009658786759012106,65.02029418945312,0.00812753677368164,0.05348165893554688,0.03565547943115235,0.038548782348632814,0.025776268005371094,REFRACTORY,0,0,0,0,True,False,False,False,False,False,,,,,,,,,,6.0,3.0,20.0,0.25
emg,6264938015,5385044,1,,,13203,1.650375,-0.004806869000034908,179.76577758789062,0.02247072219848633,0.05348165893554688,0.03565547943115235,0.038548782348632814,0.025776268005371094,REFRACTORY,0,0,0,0,True,False,False,False,False,False,,,,,,,,,,6.0,3.0,20.0,0.25
emg,6265044448,5385135,1,,,13058,1.63225,-0.022215868883302292,204.76690673828125,0.02559586334228516,0.05348165893554688,0.03565547943115235,0.038548782348632814,0.025776268005371094,REFRACTORY,0,0,0,0,False,False,False,False,False,False,,,,,,,,,,6.0,3.0,20.0,0.25
emg,6265147955,5385225,1,,,13367,1.670875,0.016483921197260054,195.2252655029297,0.02440315818786621,0.05348165893554688,0.03565547943115235,0.038548782348632814,0.025776268005371094,REST,0,0,0,0,False,False,False,False,False,False,,,,,,,,,,6.0,3.0,20.0,0.25
emg,6265253786,5385316,1,,,12780,1.5975000000000001,-0.0561090265820523,144.53378295898438,0.01806672286987305,0.05348165893554688,0.03565547943115235,0.038548782348632814,0.025776268005371094,REST,0,0,0,0,False,False,False,False,False,False,,,,,,,,,,6.0,3.0,20.0,0.25
emg,6265358465,5385406,1,,,13258,1.6572500000000001,0.004028551176419315,93.64899444580078,0.011706124305725098,0.05495596694946289,0.03667460632324219,0.038548782348632814,0.025776268005371094,REST,0,0,0,0,False,False,False,False,False,False,,,,,,,,,,6.0,3.0,20.0,0.25
emg,6265463131,5385496,1,,,13268,1.6585,0.006126294181813208,124.96615600585938,0.015620769500732422,0.05495596694946289,0.03667460632324219,0.038548782348632814,0.025776268005371094,REST,0,0,0,0,False,False,False,False,False,False,,,,,,,,,,6.0,3.0,20.0,0.25
emg,6265567794,5385586,1,,,13204,1.6505,-0.0010507731194380199,77.07195281982422,0.009633994102478028,0.05495596694946289,0.03667460632324219,0.038548782348632814,0.025776268005371094,REST,0,0,0,0,False,False,False,False,False,False,,,,,,,,,,6.0,3.0,20.0,0.25
emg,6265672471,5385676,1,,,13122,1.64025,-0.010999779343430882,79.95799255371094,0.009994749069213868,0.05495596694946289,0.03667460632324219,0.038548782348632814,0.025776268005371094,REST,0,0,0,0,False,False,False,False,False,False,,,,,,,,,,6.0,3.0,20.0,0.25
emg,6265777147,5385766,1,,,13121,1.640125,-0.01058395933639078,96.5298080444336,0.012066226005554199,0.05495596694946289,0.03667460632324219,0.038548782348632814,0.025776268005371094,REST,0,0,0,0,False,False,False,False,False,False,,,,,,,,,,6.0,3.0,20.0,0.25
emg,6265881811,5385856,1,,,13242,1.65525,0.004859413272603197,76.38866424560547,0.009548583030700684,0.05495596694946289,0.03667460632324219,0.038548782348632814,0.025776268005371094,REST,0,0,0,0,False,False,False,False,False,False,,,,,,,,,,6.0,3.0,20.0,0.25
emg,6265986481,5385946,1,,,13251,1.656375,0.006294172438402468,100.23007202148438,0.012528759002685547,0.05495596694946289,0.03667460632324219,0.038548782348632814,0.025776268005371094,REST,0,0,0,0,False,False,False,False,False,False,,,,,,,,,,6.0,3.0,20.0,0.25
emg,6266091151,5386036,1,,,13191,1.648875,-0.00177173206598491,116.70594024658203,0.014588242530822755,0.05495596694946289,0.03667460632324219,0.038548782348632814,0.025776268005371094,REST,0,0,0,0,False,False,False,False,False,False,,,,,,,,,,6.0,3.0,20.0,0.25
emg,6266195816,5386126,1,,,13255,1.656875,0.005155293728851262,120.4007568359375,0.015050094604492187,0.05495596694946289,0.03667460632324219,0.038548782348632814,0.025776268005371094,REST,0,0,0,0,False,False,False,False,False,False,,,,,,,,,,6.0,3.0,20.0,0.25
imu,6266280426,,,626214,1,,,,,,,,,,,,,,,,,,,,,-0.1744384765625,-0.076171875,0.910888671875,-0.06870229007633588,0.08396946564885496,0.03816793893129771,,,,6.0,3.0,20.0,0.25
emg,6266406324,5386307,1,,,13182,1.64775,-0.005055657141719072,48.40418243408203,0.006050522804260254,0.05668009567260742,0.03773888397216797,0.038548782348632814,0.025776268005371094,REST,0,0,0,0,False,False,False,False,False,False,,,,,,,,,,6.0,3.0,20.0,0.25
emg,6266512154,5386398,1,,,13085,1.635625,-0.016206380112112617,133.6697540283203,0.01670871925354004,0.05668009567260742,0.03773888397216797,0.038548782348632814,0.025776268005371094,REST,0,0,0,0,False,False,False,False,False,False,,,,,,,,,,6.0,3.0,20.0,0.25
emg,6266605952,5386478,1,,,13189,1.648625,-0.0023122113365643404,132.8995361328125,0.016612442016601562,0.05668009567260742,0.03773888397216797,0.038548782348632814,0.025776268005371094,REST,0,0,0,0,False,False,False,False,False,False,,,,,,,,,,6.0,3.0,20.0,0.25
emg,6266709908,5386568,1,,,13159,1.644875,-0.00503356263899013,101.52071380615234,0.012690089225769044,0.05668009567260742,0.03773888397216797,0.038548782348632814,0.025776268005371094,REST,0,0,0,0,False,False,False,False,False,False,,,,,,,,,,6.0,3.0,20.0,0.25
imu,6266800429,,,626266,1,,,,,,,,,,,,,,,,,,,,,-0.1754150390625,-0.0738525390625,0.9063720703125,-0.015267175572519083,0.07633587786259542,0.04580152671755725,,,,6.0,3.0,20.0,0.25
imu,6266840426,,,626270,1,,,,,,,,,,,,,,,,,,,,,-0.1763916015625,-0.0760498046875,0.9072265625,-0.15267175572519084,0.015267175572519083,0.0,,,,6.0,3.0,20.0,0.25
emg,6267023887,5386838,1,,,12863,1.607875,-0.04929932021894601,359.878173828125,0.04498477172851562,0.05668009567260742,0.03773888397216797,0.038548782348632814,0.025776268005371094,ACTIVE,0,0,0,0,True,True,False,False,False,False,,,,,,,,,,6.0,3.0,20.0,0.25
emg,6267128850,5386928,1,,,13103,1.637875,-0.015412265107083378,241.1037139892578,0.030137964248657226,0.05668009567260742,0.03773888397216797,0.038548782348632814,0.025776268005371094,ACTIVE,0,0,0,0,True,True,False,False,False,False,,,,,,,,,,6.0,3.0,20.0,0.25
emg,6267233223,5387018,1,,,12986,1.62325,-0.027994134215244548,161.3817596435547,0.020172719955444337,0.05668009567260742,0.03773888397216797,0.038548782348632814,0.025776268005371094,REFRACTORY,0,0,0,0,True,False,False,False,False,False,,,,,,,,,,6.0,3.0,20.0,0.25
emg,6267337887,5387108,1,,,13241,1.655125,0.004776935773515678,202.3072509765625,0.02528840637207031,0.05668009567260742,0.03773888397216797,0.038548782348632814,0.025776268005371094,REFRACTORY,0,0,0,0,False,False,False,False,False,False,,,,,,,,,,6.0,3.0,20.0,0.25
emg,6267442563,5387198,1,,,13383,1.6728750000000001,0.023408733074610222,204.48916625976562,0.025561145782470703,0.05668009567260742,0.03773888397216797,0.038548782348632814,0.025776268005371094,REFRACTORY,0,0,0,0,False,False,False,False,False,False,,,,,,,,,,6.0,3.0,20.0,0.25
emg,6267547787,5387288,1,,,13313,1.664125,0.01334599003059056,308.2970275878906,0.03853712844848633,0.05668009567260742,0.03773888397216797,0.038548782348632814,0.025776268005371094,REFRACTORY,0,0,0,0,False,False,False,False,False,False,,,,,,,,,,6.0,3.0,20.0,0.25
emg,6267653068,5387379,1,,,13103,1.637875,-0.012768889806115125,161.02943420410156,0.020128679275512696,0.05668009567260742,0.03773888397216797,0.038548782348632814,0.025776268005371094,REST,0,0,0,0,False,False,False,False,False,False,,,,,,,,,,6.0,3.0,20.0,0.25
emg,6267758898,5387470,1,,,12650,1.58125,-0.06883739970303626,417.7891845703125,0.05222364807128906,0.05668009567260742,0.03773888397216797,0.038548782348632814,0.025776268005371094,REST,0,0,0,0,False,False,False,False,False,False,,,,,,,,,,6.0,3.0,20.0,0.25
emg,6267863563,5387560,1,,,13191,1.648875,-0.0008231874256499072,370.6986999511719,0.046337337493896485,0.05668009567260742,0.03773888397216797,0.038548782348632814,0.025776268005371094,REST,0,0,0,0,True,False,False,False,False,False,,,,,,,,,,6.0,3.0,20.0,0.25
emg,6267968241,5387650,1,,,13271,1.658875,0.010447678817108619,267.45477294921875,0.033431846618652346,0.05668009567260742,0.03773888397216797,0.038548782348632814,0.025776268005371094,REST,0,0,0,0,True,False,False,False,False,False,,,,,,,,,,6.0,3.0,20.0,0.25
emg,6268072903,5387740,1,,,13092,1.6365,-0.010620436593958171,193.0597381591797,0.02413246726989746,0.05668009567260742,0.03773888397216797,0.038548782348632814,0.025776268005371094,REST,0,0,0,0,True,False,False,False,False,False,,,,,,,,,,6.0,3.0,20.0,0.25
emg,6268177573,5387830,1,,,12710,1.58875,-0.057535628485378076,393.0770568847656,0.049134632110595704,0.058754066467285156,0.038968795776367186,0.038548782348632814,0.025776268005371094,REST,0,0,0,0,True,False,False,False,False,False,,,,,,,,,,6.0,3.0,20.0,0.25
emg,6268282243,5387920,1,,,13162,1.64525,-0.0007273078227341134,344.62518310546875,0.04307814788818359,0.058754066467285156,0.038968795776367186,0.038548782348632814,0.025776268005371094,REST,0,0,0,0,True,False,False,False,False,False,,,,,,,,,,6.0,3.0,20.0,0.25
emg,6268386916,5388010,1,,,13081,1.635125,-0.011611610228551505,190.16419982910156,0.023770524978637696,0.058754066467285156,0.038968795776367186,0.038548782348632814,0.025776268005371094,REST,0,0,0,0,True,False,False,False,False,False,,,,,,,,,,6.0,3.0,20.0,0.25
emg,6268491585,5388100,1,,,13258,1.6572500000000001,0.01050446565676566,186.2132568359375,0.02327665710449219,0.058754066467285156,0.038968795776367186,0.038548782348632814,0.025776268005371094,REST,0,0,0,0,True,False,False,False,False,False,,,,,,,,,,6.0,3.0,20.0,0.25
emg,6268596253,5388190,1,,,13468,1.6835,0.03650582893463028,209.29444885253906,0.026161806106567383,0.058754066467285156,0.038968795776367186,0.038548782348632814,0.025776268005371094,REST,0,0,0,0,False,False,False,False,False,False,,,,,,,,,,6.0,3.0,20.0,0.25
emg,6268700923,5388280,1,,,13222,1.65275,0.005578335311450244,309.5003662109375,0.03868754577636719,0.058754066467285156,0.038968795776367186,0.038548782348632814,0.025776268005371094,REST,0,0,0,0,False,False,False,False,False,False,,,,,,,,,,6.0,3.0,20.0,0.25
emg,6268805588,5388370,1,,,12711,1.588875,-0.05726119404882568,181.74595642089844,0.022718244552612305,0.058754066467285156,0.038968795776367186,0.038548782348632814,0.025776268005371094,REST,0,0,0,0,False,False,False,False,False,False,,,,,,,,,,6.0,3.0,20.0,0.25
imu,6268880426,,,626474,1,,,,,,,,,,,,,,,,,,,,,-0.173583984375,-0.07421875,0.91162109375,-0.06870229007633588,0.08396946564885496,0.04580152671755725,,,,6.0,3.0,20.0,0.25
emg,6269016096,5388551,1,,,13498,1.6872500000000001,0.04246475317748066,174.12071228027344,0.021765089035034182,0.058754066467285156,0.038968795776367186,0.038548782348632814,0.025776268005371094,REST,0,0,0,0,False,False,False,False,False,False,,,,,,,,,,6.0,3.0,20.0,0.25
emg,6269120761,5388641,1,,,13694,1.71175,0.06754337537597022,214.7547607421875,0.026844345092773437,0.058754066467285156,0.038968795776367186,0.038548782348632814,0.025776268005371094,REST,0,0,0,0,False,False,False,False,False,False,,,,,,,,,,6.0,3.0,20.0,0.25
emg,6269213817,5388721,1,,,10029,1.253625,-0.4344876950144094,7828.8173828125,0.9786021728515625,0.058754066467285156,0.038968795776367186,0.038548782348632814,0.025776268005371094,ACTIVE,0,0,0,0,True,True,False,False,False,False,,,,,,,,,,6.0,3.0,20.0,0.25
emg,6269319039,5388811,1,,,11076,1.3845,-0.2922975342662846,1565.935791015625,0.19574197387695313,0.058754066467285156,0.038968795776367186,0.038548782348632814,0.025776268005371094,ACTIVE,0,0,0,0,True,True,False,False,False,False,,,,,,,,,,6.0,3.0,20.0,0.25
imu,6269400431,,,626526,1,,,,,,,,,,,,,,,,,,,,,-0.1767578125,-0.076171875,0.905029296875,-0.37404580152671757,0.03816793893129771,-0.015267175572519083,,,,6.0,3.0,20.0,0.25
emg,6269527816,5388991,1,,,12108,1.5135,-0.13689531053452209,519.6085205078125,0.06495106506347656,0.058754066467285156,0.038968795776367186,0.038548782348632814,0.025776268005371094,ACTIVE,0,0,0,0,True,True,False,False,False,False,,,,,,,,,,6.0,3.0,20.0,0.25
emg,6269632481,5389081,1,,,12917,1.614625,-0.029833076733702724,309.4482116699219,0.038681026458740234,0.058754066467285156,0.038968795776367186,0.038548782348632814,0.025776268005371094,ACTIVE,0,0,0,0,True,True,False,False,False,False,,,,,,,,,,6.0,3.0,20.0,0.25
emg,6269737162,5389171,1,,,12940,1.6175,-0.02366126349679254,212.58200073242188,0.026572750091552733,0.058754066467285156,0.038968795776367186,0.038548782348632814,0.025776268005371094,ACTIVE,0,0,0,0,True,True,False,False,False,False,,,,,,,,,,6.0,3.0,20.0,0.25
emg,6269841875,5389261,1,,,13206,1.65075,0.011168653614267443,131.61056518554688,0.01645132064819336,0.058754066467285156,0.038968795776367186,0.038548782348632814,0.025776268005371094,REFRACTORY,0,0,0,0,True,False,False,False,False,False,,,,,,,,,,6.0,3.0,20.0,0.25
emg,6269946491,5389351,1,,,13288,1.661,0.022391023214598516,136.19171142578125,0.017023963928222658,0.058754066467285156,0.038968795776367186,0.038548782348632814,0.025776268005371094,REFRACTORY,0,0,0,0,False,False,False,False,False,False,,,,,,,,,,6.0,3.0,20.0,0.25
emg,6270051163,5389441,1,,,12884,1.6105,-0.026940689801440598,156.15708923339844,0.019519636154174805,0.058754066467285156,0.038968795776367186,0.038548782348632814,0.025776268005371094,REFRACTORY,0,0,0,0,False,False,False,False,False,False,,,,,,,,,,6.0,3.0,20.0,0.25
emg,6270155839,5389531,1,,,13007,1.625875,-0.010221746466009263,113.53260803222656,0.01419157600402832,0.060890228271484374,0.04024801254272461,0.038548782348632814,0.025776268005371094,REST,0,0,0,0,False,False,False,False,False,False,,,,,,,,,,6.0,3.0,20.0,0.25
emg,6270261694,5389622,1,,,13262,1.65775,0.02222210479199016,120.46965026855469,0.015058706283569336,0.060890228271484374,0.04024801254272461,0.038548782348632814,0.025776268005371094,REST,0,0,0,0,False,False,False,False,False,False,,,,,,,,,,6.0,3.0,20.0,0.25
emg,6270368665,5389713,1,,,12998,1.6247500000000001,-0.010234471481572971,184.63023376464844,0.023078779220581054,0.060890228271484374,0.04024801254272461,0.038548782348632814,0.025776268005371094,REST,0,0,0,0,False,False,False,False,False,False,,,,,,,,,,6.0,3.0,20.0,0.25
emg,6270472172,5389803,1,,,12943,1.617875,-0.016783450045086523,117.42166137695312,0.014677707672119141,0.060890228271484374,0.04024801254272461,0.038548782348632814,0.025776268005371094,REST,0,0,0,0,False,False,False,False,False,False,,,,,,,,,,6.0,3.0,20.0,0.25
emg,6270577405,5389893,1,,,13006,1.62575,-0.008557892109240406,153.6879425048828,0.019210992813110353,0.060890228271484374,0.04024801254272461,0.038548782348632814,0.025776268005371094,REST,0,0,0,0,False,False,False,False,False,False,,,,,,,,,,6.0,3.0,20.0,0.25
emg,6270681519,5389983,1,,,13258,1.6572500000000001,0.02308228438492299,156.85137939453125,0.019606422424316407,0.060890228271484374,0.04024801254272461,0.038548782348632814,0.025776268005371094,REST,0,0,0,0,False,False,False,False,False,False,,,,,,,,,,6.0,3.0,20.0,0.25
emg,6270786182,5390073,1,,,13234,1.65425,0.019673285197113977,93.3057632446289,0.011663220405578614,0.060890228271484374,0.04024801254272461,0.038548782348632814,0.025776268005371094,REST,0,0,0,0,False,False,False,False,False,False,,,,,,,,,,6.0,3.0,20.0,0.25
emg,6270890845,5390163,1,,,13004,1.6255,-0.010003351582197562,136.74114990234375,0.01709264373779297,0.060890228271484374,0.04024801254272461,0.038548782348632814,0.025776268005371094,REST,0,0,0,0,False,False,False,False,False,False,,,,,,,,,,6.0,3.0,20.0,0.25
emg,6270995522,5390253,1,,,13191,1.648875,0.012461543228312832,115.61650085449219,0.014452062606811525,0.060890228271484374,0.04024801254272461,0.038548782348632814,0.025776268005371094,REST,0,0,0,0,False,False,False,False,False,False,,,,,,,,,,6.0,3.0,20.0,0.25
emg,6271100209,5390343,1,,,13099,1.637375,-0.0003257840151484892,200.17886352539062,0.02502235794067383,0.060890228271484374,0.04024801254272461,0.038548782348632814,0.025776268005371094,REST,0,0,0,0,False,False,False,False,False,False,,,,,,,,,,6.0,3.0,20.0,0.25
emg,6271204859,5390433,1,,,13402,1.6752500000000001,0.036126619723668485,180.13641357421875,0.022517051696777344,0.0626603012084961,0.04127463531494141,0.038548782348632814,0.025776268005371094,REST,0,0,0,0,False,False,False,False,False,False,,,,,,,,,,6.0,3.0,20.0,0.25
emg,6271309532,5390523,1,,,13148,1.6435,0.003045051340814453,202.5078125,0.0253134765625,0.0626603012084961,0.04127463531494141,0.038548782348632814,0.025776268005371094,REST,0,0,0,0,False,False,False,False,False,False,,,,,,,,,,6.0,3.0,20.0,0.25
emg,6271403735,5390603,1,,,13480,1.685,0.04333609787664727,150.88592529296875,0.018860740661621096,0.0626603012084961,0.04127463531494141,0.038548782348632814,0.025776268005371094,REST,0,0,0,0,False,False,False,False,False,False,,,,,,,,,,6.0,3.0,20.0,0.25
imu,6271480429,,,626734,1,,,,,,,,,,,,,,,,,,,,,-0.176513671875,-0.07275390625,0.90673828125,-0.04580152671755725,0.10687022900763359,0.07633587786259542,,,,6.0,3.0,20.0,0.25
emg,6271625868,5390795,1,,,13427,1.678375,0.032227909298456536,182.50978088378906,0.022813722610473635,0.0626603012084961,0.04127463531494141,0.038548782348632814,0.025776268005371094,REST,0,0,0,0,False,False,False,False,False,False,,,,,,,,,,6.0,3.0,20.0,0.25
emg,6271718908,5390875,1,,,13493,1.686625,0.038288070379104866,194.61270141601562,0.024326587677001955,0.0626603012084961,0.04127463531494141,0.038548782348632814,0.025776268005371094,REST,0,0,0,0,False,False,False,False,False,False,,,,,,,,,,6.0,3.0,20.0,0.25
emg,6271824747,5390966,1,,,13458,1.68225,0.03171668541330863,188.94932556152344,0.02361866569519043,0.0626603012084961,0.04127463531494141,0.038548782348632814,0.025776268005371094,REST,0,0,0,0,False,False,False,False,False,False,,,,,,,,,,6.0,3.0,20.0,0.25
emg,6271929549,5391056,1,,,13357,1.6696250000000001,0.01632687263705357,258.8414611816406,0.03235518264770508,0.0626603012084961,0.04127463531494141,0.038548782348632814,0.025776268005371094,REST,0,0,0,0,False,False,False,False,False,False,,,,,,,,,,6.0,3.0,20.0,0.25
emg,6272034078,5391146,1,,,13298,1.66225,0.005971219835416264,242.57699584960938,0.03032212448120117,0.0626603012084961,0.04127463531494141,0.038548782348632814,0.025776268005371094,REST,0,0,0,0,False,False,False,False,False,False,,,,,,,,,,6.0,3.0,20.0,0.25
emg,6272138751,5391236,1,,,13541,1.692625,0.03344413051358752,255.64849853515625,0.03195606231689453,0.0626603012084961,0.04127463531494141,0.038548782348632814,0.025776268005371094,REST,0,0,0,0,False,False,False,False,False,False,,,,,,,,,,6.0,3.0,20.0,0.25
emg,6272243427,5391326,1,,,13588,1.6985000000000001,0.03626327629012471,254.0924530029297,0.031761556625366213,0.06431241607666016,0.04224374389648437,0.038548782348632814,0.025776268005371094,REST,0,0,0,0,False,False,False,False,False,False,,,,,,,,,,6.0,3.0,20.0,0.25
emg,6272348651,5391416,1,,,13276,1.6595,-0.005161038918302996,237.4535675048828,0.02968169593811035,0.06431241607666016,0.04224374389648437,0.038548782348632814,0.025776268005371094,REST,0,0,0,0,False,False,False,False,False,False,,,,,,,,,,6.0,3.0,20.0,0.25
emg,6272452769,5391506,1,,,13519,1.689875,0.02355739342665153,158.8979949951172,0.01986224937438965,0.06431241607666016,0.04224374389648437,0.038548782348632814,0.025776268005371094,REST,0,0,0,0,False,False,False,False,False,False,,,,,,,,,,6.0,3.0,20.0,0.25
emg,6272557431,5391596,1,,,13431,1.6788750000000001,0.011590771429205393,148.39430236816406,0.018549287796020508,0.06431241607666016,0.04224374389648437,0.038548782348632814,0.025776268005371094,REST,0,0,0,0,False,False,False,False,False,False,,,,,,,,,,6.0,3.0,20.0,0.25
emg,6272662101,5391686,1,,,13350,1.66875,0.0007541671300355102,131.31964111328125,0.016414955139160158,0.06431241607666016,0.04224374389648437,0.038548782348632814,0.025776268005371094,REST,0,0,0,0,False,False,False,False,False,False,,,,,,,,,,6.0,3.0,20.0,0.25
emg,6272769327,5391777,1,,,13696,1.712,0.04269133713553419,204.72650146484375,0.02559081268310547,0.06431241607666016,0.04224374389648437,0.038548782348632814,0.025776268005371094,REST,0,0,0,0,False,False,False,False,False,False,,,,,,,,,,6.0,3.0,20.0,0.25
emg,6272872607,5391867,1,,,13355,1.669375,-0.0004935682042050971,120.34938049316406,0.015043672561645509,0.06431241607666016,0.04224374389648437,0.038548782348632814,0.025776268005371094,REST,0,0,0,0,False,False,False,False,False,False,,,,,,,,,,6.0,3.0,20.0,0.25
emg,6272977272,5391957,1,,,13156,1.6445,-0.025398153156581005,164.90635681152344,0.02061329460144043,0.06431241607666016,0.04224374389648437,0.038548782348632814,0.025776268005371094,REST,0,0,0,0,False,False,False,False,False,False,,,,,,,,,,6.0,3.0,20.0,0.25
emg,6273081941,5392047,1,,,13358,1.66975,-0.00010472897620816823,157.65895080566406,0.019707368850708007,0.06431241607666016,0.04224374389648437,0.038548782348632814,0.025776268005371094,REST,0,0,0,0,False,False,False,False,False,False,,,,,,,,,,6.0,3.0,20.0,0.25
emg,6273187172,5392137,1,,,13237,1.654625,-0.014636034683534138,129.82180786132812,0.016227725982666016,0.06601233673095704,0.0432177619934082,0.038548782348632814,0.025776268005371094,REST,0,0,0,0,False,False,False,False,False,False,,,,,,,,,,6.0,3.0,20.0,0.25
emg,6273291292,5392227,1,,,13338,1.6672500000000001,-0.0011454638707770748,117.47431945800781,0.014684289932250977,0.06601233673095704,0.0432177619934082,0.038548782348632814,0.025776268005371094,REST,0,0,0,0,False,False,False,False,False,False,,,,,,,,,,6.0,3.0,20.0,0.25
emg,6273395954,5392317,1,,,13193,1.649125,-0.018317026303755535,123.18720245361328,0.01539840030670166,0.06601233673095704,0.0432177619934082,0.038548782348632814,0.025776268005371094,REST,0,0,0,0,False,False,False,False,False,False,,,,,,,,,,6.0,3.0,20.0,0.25
emg,6273500624,5392407,1,,,13312,1.6640000000000001,-0.0020289811108835654,128.886474609375,0.016110809326171874,0.06601233673095704,0.0432177619934082,0.038548782348632814,0.025776268005371094,REST,0,0,0,0,False,False,False,False,False,False,,,,,,,,,,6.0,3.0,20.0,0.25
imu,6273560426,,,626942,1,,,,,,,,,,,,,,,,,,,,,-0.17529296875,-0.0728759765625,0.9071044921875,-0.015267175572519083,0.030534351145038167,0.03816793893129771,,,,6.0,3.0,20.0,0.25
emg,6273709983,5392587,1,,,12995,1.6243750000000001,-0.03859841315257673,155.42596435546875,0.019428245544433596,0.06601233673095704,0.0432177619934082,0.038548782348632814,0.025776268005371094,REST,0,0,0,0,False,False,False,False,False,False,,,,,,,,,,6.0,3.0,20.0,0.25
emg,6273814636,5392677,1,,,13145,1.643125,-0.018214656134122764,200.1798858642578,0.025022485733032226,0.06601233673095704,0.0432177619934082,0.038548782348632814,0.025776268005371094,REST,0,0,0,0,False,False,False,False,False,False,,,,,,,,,,6.0,3.0,20.0,0.25
emg,6273907678,5392757,1,,,13107,1.6383750000000001,-0.021748139245888254,145.1982879638672,0.0181497859954834,0.06601233673095704,0.0432177619934082,0.038548782348632814,0.025776268005371094,REST,0,0,0,0,False,False,False,False,False,False,,,,,,,,,,6.0,3.0,20.0,0.25
emg,6274012344,5392847,1,,,13022,1.62775,-0.03074261882196705,160.9633331298828,0.02012041664123535,0.06601233673095704,0.0432177619934082,0.038548782348632814,0.025776268005371094,REST,0,0,0,0,False,False,False,False,False,False,,,,,,,,,,6.0,3.0,20.0,0.25
imu,6274080460,,,626994,1,,,,,,,,,,,,,,,,,,,,,-0.173583984375,-0.073974609375,0.90869140625,-0.030534351145038167,0.061068702290076333,0.061068702290076333,,,,6.0,3.0,20.0,0.25
emg,6274222852,5393028,1,,,13388,1.6735,0.01744675610730151,126.55175018310547,0.015818968772888183,0.06689781188964844,0.04368621444702148,0.038548782348632814,0.025776268005371094,REST,0,0,0,0,False,False,False,False,False,False,,,,,,,,,,6.0,3.0,20.0,0.25
emg,6274327517,5393118,1,,,13150,1.64375,-0.011085145015581999,128.33184814453125,0.016041481018066406,0.06689781188964844,0.04368621444702148,0.038548782348632814,0.025776268005371094,REST,0,0,0,0,False,False,False,False,False,False,,,,,,,,,,6.0,3.0,20.0,0.25
emg,6274432187,5393208,1,,,13116,1.6395,-0.01403111478225072,133.796630859375,0.016724578857421877,0.06689781188964844,0.04368621444702148,0.038548782348632814,0.025776268005371094,REST,0,0,0,0,False,False,False,False,False,False,,,,,,,,,,6.0,3.0,20.0,0.25
emg,6274536860,5393298,1,,,13131,1.641375,-0.011234977220127895,166.32992553710938,0.020791240692138672,0.06689781188964844,0.04368621444702148,0.038548782348632814,0.025776268005371094,REST,0,0,0,0,False,False,False,False,False,False,,,,,,,,,,6.0,3.0,20.0,0.25
emg,6274641533,5393388,1,,,13265,1.658125,0.005895566561551657,78.8043212890625,0.009850540161132813,0.06689781188964844,0.04368621444702148,0.038548782348632814,0.025776268005371094,REST,0,0,0,0,False,False,False,False,False,False,,,,,,,,,,6.0,3.0,20.0,0.25
emg,6274746197,5393478,1,,,13180,1.6475,-0.004240638998369128,84.37950897216797,0.010547438621520997,0.06689781188964844,0.04368621444702148,0.038548782348632814,0.025776268005371094,REST,0,0,0,0,False,False,False,False,False,False,,,,,,,,,,6.0,3.0,20.0,0.25
emg,6274850867,5393568,1,,,12982,1.6227500000000001,-0.028549905524726693,113.04642486572266,0.014130803108215332,0.06689781188964844,0.04368621444702148,0.038548782348632814,0.025776268005371094,REST,0,0,0,0,False,False,False,False,False,False,,,,,,,,,,6.0,3.0,20.0,0.25
emg,6274955532,5393658,1,,,13120,1.6400000000000001,-0.010386686421534508,125.95087432861328,0.01574385929107666,0.06689781188964844,0.04368621444702148,0.038548782348632814,0.025776268005371094,REST,0,0,0,0,False,False,False,False,False,False,,,,,,,,,,6.0,3.0,20.0,0.25
emg,6275060213,5393748,1,,,13266,1.65825,0.008225509269229603,97.87866973876953,0.012234833717346192,0.06689781188964844,0.04368621444702148,0.038548782348632814,0.025776268005371094,REST,0,0,0,0,False,False,False,False,False,False,,,,,,,,,,6.0,3.0,20.0,0.25
emg,6275164877,5393838,1,,,13246,1.65575,0.005819084283960718,89.3239974975586,0.011165499687194824,0.06689781188964844,0.04368621444702148,0.038548782348632814,0.025776268005371094,REST,0,0,0,0,False,False,False,False,False,False,,,,,,,,,,6.0,3.0,20.0,0.25
emg,6275269544,5393928,1,,,13107,1.6383750000000001,-0.011384917811521955,121.32708740234375,0.01516588592529297,0.06725770568847657,0.04382367706298828,0.038548782348632814,0.025776268005371094,REST,0,0,0,0,False,False,False,False,False,False,,,,,,,,,,6.0,3.0,20.0,0.25
emg,6275377631,5394020,1,,,13097,1.637125,-0.012044934108270677,87.5942611694336,0.0109492826461792,0.06725770568847657,0.04382367706298828,0.038548782348632814,0.025776268005371094,REST,0,0,0,0,False,False,False,False,False,False,,,,,,,,,,6.0,3.0,20.0,0.25
emg,6275481245,5394110,1,,,13228,1.6535,0.0046739343298010105,90.4184799194336,0.0113023099899292,0.06725770568847657,0.04382367706298828,0.038548782348632814,0.025776268005371094,REST,0,0,0,0,False,False,False,False,False,False,,,,,,,,,,6.0,3.0,20.0,0.25
emg,6275587050,5394201,1,,,13171,1.6463750000000001,-0.00215681252780775,105.2720718383789,0.013159008979797363,0.06725770568847657,0.04382367706298828,0.038548782348632814,0.025776268005371094,REST,0,0,0,0,False,False,False,False,False,False,,,,,,,,,,6.0,3.0,20.0,0.25
emg,6275691713,5394291,1,,,13077,1.634625,-0.013430086747195036,60.045047760009766,0.007505630970001221,0.06725770568847657,0.04382367706298828,0.038548782348632814,0.025776268005371094,REST,0,0,0,0,False,False,False,False,False,False,,,,,,,,,,6.0,3.0,20.0,0.25
emg,6275796956,5394381,1,,,13009,1.626125,-0.02176553565511119,126.37765502929688,0.01579720687866211,0.06725770568847657,0.04382367706298828,0.038548782348632814,0.025776268005371094,REST,0,0,0,0,False,False,False,False,False,False,,,,,,,,,,6.0,3.0,20.0,0.25
emg,6275901083,5394471,1,,,13268,1.6585,0.011095274439900216,89.96768951416016,0.01124596118927002,0.06725770568847657,0.04382367706298828,0.038548782348632814,0.025776268005371094,REST,0,0,0,0,False,False,False,False,False,False,,,,,,,,,,6.0,3.0,20.0,0.25
emg,6276005723,5394561,1,,,13084,1.6355,-0.011682447423854159,64.34423828125,0.008043029785156251,0.06725770568847657,0.04382367706298828,0.038548782348632814,0.025776268005371094,REST,0,0,0,0,False,False,False,False,False,False,,,,,,,,,,6.0,3.0,20.0,0.25
imu,6276120426,,,627198,1,,,,,,,,,,,,,,,,,,,,,-0.1761474609375,-0.07568359375,0.9107666015625,-0.061068702290076333,0.09923664122137404,0.03816793893129771,,,,6.0,3.0,20.0,0.25
imu,6276160426,,,627202,1,,,,,,,,,,,,,,,,,,,,,-0.1776123046875,-0.0750732421875,0.9088134765625,-0.03816793893129771,0.03816793893129771,0.0916030534351145,,,,6.0,3.0,20.0,0.25
emg,6276319785,5394831,1,,,13274,1.6592500000000001,0.012145032099281083,99.81637573242188,0.012477046966552734,0.06692185211181641,0.043537830352783205,0.038548782348632814,0.025776268005371094,REST,0,0,0,0,False,False,False,False,False,False,,,,,,,,,,6.0,3.0,20.0,0.25
emg,6276412793,5394911,1,,,13266,1.65825,0.01111502197867864,109.57113647460938,0.013696392059326172,0.06692185211181641,0.043537830352783205,0.038548782348632814,0.025776268005371094,REST,0,0,0,0,False,False,False,False,False,False,,,,,,,,,,6.0,3.0,20.0,0.25
emg,6276517446,5395001,1,,,13230,1.65375,0.006673865218488784,131.37594604492188,0.016421993255615233,0.06692185211181641,0.043537830352783205,0.038548782348632814,0.025776268005371094,REST,0,0,0,0,False,False,False,False,False,False,,,,,,,,,,6.0,3.0,20.0,0.25
emg,6276622113,5395091,1,,,13331,1.666375,0.019127313593131356,69.0970230102539,0.008637127876281738,0.06692185211181641,0.043537830352783205,0.038548782348632814,0.025776268005371094,REST,0,0,0,0,False,False,False,False,False,False,,,,,,,,,,6.0,3.0,20.0,0.25
emg,6276727999,5395182,1,,,13040,1.6300000000000001,-0.017404880809870793,76.31063842773438,0.009538829803466797,0.06692185211181641,0.043537830352783205,0.038548782348632814,0.025776268005371094,REST,0,0,0,0,False,False,False,False,False,False,,,,,,,,,,6.0,3.0,20.0,0.25
emg,6276834945,5395273,1,,,13108,1.6385,-0.008612252925092267,172.858154296875,0.021607269287109376,0.06692185211181641,0.043537830352783205,0.038548782348632814,0.025776268005371094,REST,0,0,0,0,False,False,False,False,False,False,,,,,,,,,,6.0,3.0,20.0,0.25
emg,6276938449,5395363,1,,,13124,1.6405,-0.005995343137936704,126.56626892089844,0.015820783615112306,0.06692185211181641,0.043537830352783205,0.038548782348632814,0.025776268005371094,REST,0,0,0,0,False,False,False,False,False,False,,,,,,,,,,6.0,3.0,20.0,0.25
emg,6277044291,5395454,1,,,13149,1.6436250000000001,-0.0027244824257210976,170.4314727783203,0.02130393409729004,0.06692185211181641,0.043537830352783205,0.038548782348632814,0.025776268005371094,REST,0,0,0,0,False,False,False,False,False,False,,,,,,,,,,6.0,3.0,20.0,0.25
emg,6277149535,5395544,1,,,13098,1.63725,-0.008701190752288479,95.112060546875,0.011889007568359375,0.06579024505615234,0.04279870986938477,0.038548782348632814,0.025776268005371094,REST,0,0,0,0,False,False,False,False,False,False,,,,,,,,,,6.0,3.0,20.0,0.25
emg,6277253625,5395634,1,,,13205,1.650625,0.004464363917943137,87.56304168701172,0.010945380210876465,0.06579024505615234,0.04279870986938477,0.038548782348632814,0.025776268005371094,REST,0,0,0,0,False,False,False,False,False,False,,,,,,,,,,6.0,3.0,20.0,0.25
emg,6277358295,5395724,1,,,13338,1.6672500000000001,0.02113095584023239,95.95890045166016,0.01199486255645752,0.06579024505615234,0.04279870986938477,0.038548782348632814,0.025776268005371094,REST,0,0,0,0,False,False,False,False,False,False,,,,,,,,,,6.0,3.0,20.0,0.25
emg,6277462962,5395814,1,,,13348,1.6685,0.02203993405997462,116.50936126708984,0.01456367015838623,0.06579024505615234,0.04279870986938477,0.038548782348632814,0.025776268005371094,REST,0,0,0,0,False,False,False,False,False,False,,,,,,,,,,6.0,3.0,20.0,0.25
emg,6277568266,5395904,1,,,13124,1.6405,-0.0065083159833212445,145.286376953125,0.018160797119140624,0.06579024505615234,0.04279870986938477,0.038548782348632814,0.025776268005371094,REST,0,0,0,0,False,False,False,False,False,False,,,,,,,,,,6.0,3.0,20.0,0.25
emg,6277672327,5395994,1,,,17947,2.243375,0.5899418349452747,1706.8814697265625,0.21336018371582033,0.06579024505615234,0.04279870986938477,0.038548782348632814,0.025776268005371094,CANDIDATE,0,0,0,0,False,False,False,False,False,False,,,,,,,,,,6.0,3.0,20.0,0.25
emg,6277776975,5396084,1,,,8682,1.08525,-0.6010322971791906,2834.880615234375,0.3543600769042969,0.06579024505615234,0.04279870986938477,0.038548782348632814,0.025776268005371094,ACTIVE,0,0,0,0,True,True,False,False,False,False,,,,,,,,,,6.0,3.0,20.0,0.25
emg,6277881645,5396174,1,,,12138,1.51725,-0.1607124452692439,1465.73486328125,0.18321685791015627,0.06579024505615234,0.04279870986938477,0.038548782348632814,0.025776268005371094,ACTIVE,0,0,0,0,True,True,False,False,False,False,,,,,,,,,,6.0,3.0,20.0,0.25
emg,6277986321,5396264,1,,,13137,1.642125,-0.022325367412647568,893.3147583007812,0.11166434478759765,0.06579024505615234,0.04279870986938477,0.038548782348632814,0.025776268005371094,ACTIVE,0,0,0,0,True,True,False,False,False,False,,,,,,,,,,6.0,3.0,20.0,0.25
emg,6278091165,5396354,1,,,12823,1.602875,-0.053568777280232016,469.5563659667969,0.05869454574584961,0.06579024505615234,0.04279870986938477,0.038548782348632814,0.025776268005371094,ACTIVE,0,0,0,0,True,True,False,False,False,False,,,,,,,,,,6.0,3.0,20.0,0.25
emg,6278195661,5396444,1,,,13019,1.627375,-0.0256089327409732,239.67446899414062,0.02995930862426758,0.06579024505615234,0.04279870986938477,0.038548782348632814,0.025776268005371094,ACTIVE,0,0,0,0,True,True,False,False,False,False,,,,,,,,,,6.0,3.0,20.0,0.25
imu,6278240426,,,627410,1,,,,,,,,,,,,,,,,,,,,,-0.175048828125,-0.0758056640625,0.921630859375,0.48091603053435117,0.16793893129770993,0.17557251908396945,,,,6.0,3.0,20.0,0.25
emg,6278404998,5396624,1,,,13304,1.663,0.013680409916638103,103.38335418701172,0.012922919273376465,0.06579024505615234,0.04279870986938477,0.038548782348632814,0.025776268005371094,REFRACTORY,0,0,0,0,True,False,False,False,False,False,,,,,,,,,,6.0,3.0,20.0,0.25
emg,6278510221,5396714,1,,,13257,1.657125,0.00883909374559777,138.26780700683594,0.017283475875854493,0.06579024505615234,0.04279870986938477,0.038548782348632814,0.025776268005371094,REFRACTORY,0,0,0,0,False,False,False,False,False,False,,,,,,,,,,6.0,3.0,20.0,0.25
emg,6278602720,5396794,1,,,13177,1.647125,-0.0008172654838960458,90.76431274414062,0.011345539093017578,0.06579024505615234,0.04279870986938477,0.038548782348632814,0.025776268005371094,REST,0,0,0,0,False,False,False,False,False,False,,,,,,,,,,6.0,3.0,20.0,0.25
imu,6278720426,,,627458,1,,,,,,,,,,,,,,,,,,,,,-0.17333984375,-0.0753173828125,0.9095458984375,-0.06870229007633588,0.030534351145038167,0.06870229007633588,,,,6.0,3.0,20.0,0.25
imu,6278760429,,,627462,1,,,,,,,,,,,,,,,,,,,,,-0.1771240234375,-0.07568359375,0.9080810546875,-0.007633587786259542,0.04580152671755725,0.061068702290076333,,,,6.0,3.0,20.0,0.25
emg,6278917575,5397064,1,,,13223,1.652875,0.0073021218662132625,112.22708129882812,0.014028385162353515,0.06579024505615234,0.04279870986938477,0.038548782348632814,0.025776268005371094,REST,0,0,0,0,False,False,False,False,False,False,,,,,,,,,,6.0,3.0,20.0,0.25
emg,6279021407,5397154,1,,,13352,1.669,0.022139912147834062,137.06878662109375,0.01713359832763672,0.06579024505615234,0.04279870986938477,0.038548782348632814,0.025776268005371094,REST,0,0,0,0,False,False,False,False,False,False,,,,,,,,,,6.0,3.0,20.0,0.25
emg,6279126062,5397244,1,,,13057,1.632125,-0.0160121504328814,177.87380981445312,0.022234226226806642,0.0646300048828125,0.04207510375976563,0.038548782348632814,0.025776268005371094,REST,0,0,0,0,False,False,False,False,False,False,,,,,,,,,,6.0,3.0,20.0,0.25
emg,6279230723,5397334,1,,,13167,1.645875,-0.0027648381190215066,106.77385711669922,0.013346732139587402,0.0646300048828125,0.04207510375976563,0.038548782348632814,0.025776268005371094,REST,0,0,0,0,False,False,False,False,False,False,,,,,,,,,,6.0,3.0,20.0,0.25
emg,6279335401,5397424,1,,,13202,1.65025,0.000897856021782939,91.5395278930664,0.011442440986633301,0.0646300048828125,0.04207510375976563,0.038548782348632814,0.025776268005371094,REST,0,0,0,0,False,False,False,False,False,False,,,,,,,,,,6.0,3.0,20.0,0.25
emg,6279440594,5397514,1,,,13557,1.694625,0.044429823418932646,123.41455078125,0.015426818847656251,0.0646300048828125,0.04207510375976563,0.038548782348632814,0.025776268005371094,REST,0,0,0,0,False,False,False,False,False,False,,,,,,,,,,6.0,3.0,20.0,0.25
emg,6279544740,5397604,1,,,13214,1.65175,0.0007423410347182635,65.10187530517578,0.008137734413146972,0.0646300048828125,0.04207510375976563,0.038548782348632814,0.025776268005371094,REST,0,0,0,0,False,False,False,False,False,False,,,,,,,,,,6.0,3.0,20.0,0.25
emg,6279649407,5397694,1,,,13093,1.636625,-0.014744013663239519,73.96997833251953,0.009246247291564941,0.0646300048828125,0.04207510375976563,0.038548782348632814,0.025776268005371094,REST,0,0,0,0,False,False,False,False,False,False,,,,,,,,,,6.0,3.0,20.0,0.25
emg,6279754068,5397784,1,,,13180,1.6475,-0.0033793413914502413,66.7408676147461,0.008342608451843262,0.0646300048828125,0.04207510375976563,0.038548782348632814,0.025776268005371094,REST,0,0,0,0,False,False,False,False,False,False,,,,,,,,,,6.0,3.0,20.0,0.25
emg,6279859303,5397874,1,,,13284,1.6605,0.009994986241008252,125.5373764038086,0.015692172050476075,0.0646300048828125,0.04207510375976563,0.038548782348632814,0.025776268005371094,REST,0,0,0,0,False,False,False,False,False,False,,,,,,,,,,6.0,3.0,20.0,0.25
emg,6279963439,5397964,1,,,13069,1.633625,-0.016140318178450963,76.60569763183594,0.009575712203979493,0.0646300048828125,0.04207510375976563,0.038548782348632814,0.025776268005371094,REST,0,0,0,0,False,False,False,False,False,False,,,,,,,,,,6.0,3.0,20.0,0.25
emg,6280068080,5398054,1,,,13108,1.6385,-0.010581608507196139,91.6988754272461,0.011462359428405762,0.0646300048828125,0.04207510375976563,0.038548782348632814,0.025776268005371094,REST,0,0,0,0,False,False,False,False,False,False,,,,,,,,,,6.0,3.0,20.0,0.25
emg,6280172755,5398144,1,,,13068,1.6335,-0.015119492222507969,81.67938995361328,0.01020992374420166,0.0631337776184082,0.04115254211425781,0.038548782348632814,0.025776268005371094,REST,0,0,0,0,False,False,False,False,False,False,,,,,,,,,,6.0,3.0,20.0,0.25
emg,6280277425,5398234,1,,,13189,1.648625,0.00014755083107420575,70.90335845947266,0.008862919807434082,0.0631337776184082,0.04115254211425781,0.038548782348632814,0.025776268005371094,REST,0,0,0,0,False,False,False,False,False,False,,,,,,,,,,6.0,3.0,20.0,0.25
emg,6280382132,5398324,1,,,13216,1.6520000000000001,0.0036876024814243014,83.84827423095703,0.010481034278869629,0.0631337776184082,0.04115254211425781,0.038548782348632814,0.025776268005371094,REST,0,0,0,0,False,False,False,False,False,False,,,,,,,,,,6.0,3.0,20.0,0.25
emg,6280486770,5398414,1,,,13129,1.641125,-0.0070091549900606065,63.3061408996582,0.007913267612457276,0.0631337776184082,0.04115254211425781,0.038548782348632814,0.025776268005371094,REST,0,0,0,0,False,False,False,False,False,False,,,,,,,,,,6.0,3.0,20.0,0.25
emg,6280593756,5398505,1,,,13117,1.639625,-0.008496854898230932,77.50869750976562,0.009688587188720703,0.0631337776184082,0.04115254211425781,0.038548782348632814,0.025776268005371094,REST,0,0,0,0,False,False,False,False,False,False,,,,,,,,,,6.0,3.0,20.0,0.25
emg,6280697268,5398595,1,,,13275,1.659375,0.011042219034556044,63.895904541015625,0.007986988067626953,0.0631337776184082,0.04115254211425781,0.038548782348632814,0.025776268005371094,REST,0,0,0,0,False,False,False,False,False,False,,,,,,,,,,6.0,3.0,20.0,0.25
imu,6280800459,,,627666,1,,,,,,,,,,,,,,,,,,,,,-0.176025390625,-0.074951171875,0.90869140625,-0.08396946564885496,0.022900763358778626,0.05343511450381679,,,,6.0,3.0,20.0,0.25
imu,6280840462,,,627670,1,,,,,,,,,,,,,,,,,,,,,-0.1744384765625,-0.0755615234375,0.90869140625,0.06870229007633588,0.0916030534351145,0.061068702290076333,,,,6.0,3.0,20.0,0.25
emg,6281012438,5398866,1,,,13192,1.649,0.00014514666852472047,72.51463317871094,0.009064329147338868,0.0631337776184082,0.04115254211425781,0.038548782348632814,0.025776268005371094,REST,0,0,0,0,False,False,False,False,False,False,,,,,,,,,,6.0,3.0,20.0,0.25
emg,6281117104,5398956,1,,,13283,1.660375,0.011119648199840348,66.6150894165039,0.008326886177062988,0.061344215393066406,0.04004607009887695,0.038548782348632814,0.025776268005371094,REST,0,0,0,0,False,False,False,False,False,False,,,,,,,,,,6.0,3.0,20.0,0.25
emg,6281210159,5399036,1,,,13165,1.6456250000000001,-0.0042450978520396365,76.6812744140625,0.009585159301757813,0.061344215393066406,0.04004607009887695,0.038548782348632814,0.025776268005371094,REST,0,0,0,0,False,False,False,False,False,False,,,,,,,,,,6.0,3.0,20.0,0.25
imu,6281320429,,,627718,1,,,,,,,,,,,,,,,,,,,,,-0.17529296875,-0.07470703125,0.910400390625,-0.06870229007633588,0.1297709923664122,0.07633587786259542,,,,6.0,3.0,20.0,0.25
imu,6281360431,,,627722,1,,,,,,,,,,,,,,,,,,,,,-0.1741943359375,-0.0762939453125,0.9119873046875,-0.04580152671755725,0.10687022900763359,0.04580152671755725,,,,6.0,3.0,20.0,0.25
emg,6281524161,5399306,1,,,13188,1.6485,-0.0007564378869380217,64.6150894165039,0.008076886177062988,0.061344215393066406,0.04004607009887695,0.038548782348632814,0.025776268005371094,REST,0,0,0,0,False,False,False,False,False,False,,,,,,,,,,6.0,3.0,20.0,0.25
emg,6281628837,5399396,1,,,13125,1.640625,-0.008816120459515187,61.42905044555664,0.00767863130569458,0.061344215393066406,0.04004607009887695,0.038548782348632814,0.025776268005371094,REST,0,0,0,0,False,False,False,False,False,False,,,,,,,,,,6.0,3.0,20.0,0.25
emg,6281734065,5399486,1,,,13168,1.6460000000000001,-0.003480030030408976,87.54316711425781,0.010942895889282227,0.061344215393066406,0.04004607009887695,0.038548782348632814,0.025776268005371094,REST,0,0,0,0,False,False,False,False,False,False,,,,,,,,,,6.0,3.0,20.0,0.25
emg,6281839327,5399576,1,,,13260,1.6575,0.0079011992491973,74.93767547607422,0.009367209434509277,0.061344215393066406,0.04004607009887695,0.038548782348632814,0.025776268005371094,REST,0,0,0,0,False,False,False,False,False,False,,,,,,,,,,6.0,3.0,20.0,0.25
emg,6281944004,5399667,1,,,13262,1.65775,0.008148576626074933,58.7257080078125,0.007340713500976563,0.061344215393066406,0.04004607009887695,0.038548782348632814,0.025776268005371094,REST,0,0,0,0,False,False,False,False,False,False,,,,,,,,,,6.0,3.0,20.0,0.25
emg,6282048680,5399757,1,,,13157,1.644625,-0.005208259920199465,83.42141723632812,0.010427677154541015,0.061344215393066406,0.04004607009887695,0.038548782348632814,0.025776268005371094,REST,0,0,0,0,False,False,False,False,False,False,,,,,,,,,,6.0,3.0,20.0,0.25
emg,6282153503,5399847,1,,,13149,1.6436250000000001,-0.006565861334801859,79.32847595214844,0.009916059494018555,0.05962455749511719,0.038955097198486326,0.038548782348632814,0.025776268005371094,REST,0,0,0,0,False,False,False,False,False,False,,,,,,,,,,6.0,3.0,20.0,0.25
emg,6282258020,5399937,1,,,13303,1.662875,0.012356112499645633,98.60540008544922,0.012325675010681153,0.05962455749511719,0.038955097198486326,0.038548782348632814,0.025776268005371094,REST,0,0,0,0,False,False,False,False,False,False,,,,,,,,,,6.0,3.0,20.0,0.25
emg,6282362684,5400027,1,,,13208,1.651,0.0002611921723567612,72.1143798828125,0.009014297485351562,0.05962455749511719,0.038955097198486326,0.038548782348632814,0.025776268005371094,REST,0,0,0,0,False,False,False,False,False,False,,,,,,,,,,6.0,3.0,20.0,0.25
emg,6282467360,5400117,1,,,13158,1.64475,-0.006149888172946483,87.22313690185547,0.010902892112731934,0.05962455749511719,0.038955097198486326,0.038548782348632814,0.025776268005371094,REST,0,0,0,0,False,False,False,False,False,False,,,,,,,,,,6.0,3.0,20.0,0.25
emg,6282572584,5400207,1,,,13139,1.6423750000000001,-0.008633136933742014,92.22975158691406,0.011528718948364257,0.05962455749511719,0.038955097198486326,0.038548782348632814,0.025776268005371094,REST,0,0,0,0,False,False,False,False,False,False,,,,,,,,,,6.0,3.0,20.0,0.25
emg,6282676702,5400297,1,,,13251,1.656375,0.004843731921457817,56.974422454833984,0.007121802806854248,0.05962455749511719,0.038955097198486326,0.038548782348632814,0.025776268005371094,REST,0,0,0,0,False,False,False,False,False,False,,,,,,,,,,6.0,3.0,20.0,0.25
emg,6282781361,5400387,1,,,13252,1.6565,0.004705777470809469,80.78850555419922,0.010098563194274903,0.05962455749511719,0.038955097198486326,0.038548782348632814,0.025776268005371094,REST,0,0,0,0,False,False,False,False,False,False,,,,,,,,,,6.0,3.0,20.0,0.25
emg,6282886034,5400477,1,,,13309,1.6636250000000001,0.011287090776076258,134.41490173339844,0.016801862716674804,0.05962455749511719,0.038955097198486326,0.038548782348632814,0.025776268005371094,REST,0,0,0,0,False,False,False,False,False,False,,,,,,,,,,6.0,3.0,20.0,0.25
emg,6282991525,5400567,1,,,13133,1.6416250000000001,-0.010650779534573607,76.32569885253906,0.009540712356567383,0.05962455749511719,0.038955097198486326,0.038548782348632814,0.025776268005371094,REST,0,0,0,0,False,False,False,False,False,False,,,,,,,,,,6.0,3.0,20.0,0.25
emg,6283095395,5400657,1,,,13069,1.633625,-0.018569573930872663,109.2464828491211,0.013655810356140137,0.05962455749511719,0.038955097198486326,0.038548782348632814,0.025776268005371094,REST,0,0,0,0,False,False,False,False,False,False,,,,,,,,,,6.0,3.0,20.0,0.25
emg,6283201204,5400748,1,,,13236,1.6545,0.0020073097569792697,50.445556640625,0.006305694580078125,0.05744556427001953,0.037606006622314454,0.038548782348632814,0.025776268005371094,REST,0,0,0,0,False,False,False,False,False,False,,,,,,,,,,6.0,3.0,20.0,0.25
emg,6283305874,5400838,1,,,13175,1.646875,-0.005710866364767586,99.1571273803711,0.012394640922546387,0.05744556427001953,0.037606006622314454,0.038548782348632814,0.025776268005371094,REST,0,0,0,0,False,False,False,False,False,False,,,,,,,,,,6.0,3.0,20.0,0.25
imu,6283400426,,,627926,1,,,,,,,,,,,,,,,,,,,,,-0.174560546875,-0.0751953125,0.9097900390625,-0.030534351145038167,0.0916030534351145,0.07633587786259542,,,,6.0,3.0,20.0,0.25
imu,6283440433,,,627930,1,,,,,,,,,,,,,,,,,,,,,-0.175537109375,-0.0745849609375,0.9112548828125,-0.022900763358778626,0.0916030534351145,0.05343511450381679,,,,6.0,3.0,20.0,0.25
emg,6283619887,5401108,1,,,13381,1.672625,0.01733430699581895,81.89754486083984,0.01023719310760498,0.05744556427001953,0.037606006622314454,0.038548782348632814,0.025776268005371094,REST,0,0,0,0,False,False,False,False,False,False,,,,,,,,,,6.0,3.0,20.0,0.25
emg,6283712933,5401188,1,,,13175,1.646875,-0.008397556165753217,61.18955993652344,0.00764869499206543,0.05744556427001953,0.037606006622314454,0.038548782348632814,0.025776268005371094,REST,0,0,0,0,False,False,False,False,False,False,,,,,,,,,,6.0,3.0,20.0,0.25
emg,6283817597,5401278,1,,,13329,1.666125,0.010829935457871587,40.058448791503906,0.0050073060989379884,0.05744556427001953,0.037606006622314454,0.038548782348632814,0.025776268005371094,REST,0,0,0,0,False,False,False,False,False,False,,,,,,,,,,6.0,3.0,20.0,0.25
imu,6283920549,,,627978,1,,,,,,,,,,,,,,,,,,,,,-0.174560546875,-0.0731201171875,0.9105224609375,-0.08396946564885496,0.10687022900763359,0.06870229007633588,,,,6.0,3.0,20.0,0.25
emg,6284026945,5401458,1,,,12887,1.610875,-0.0429130034082148,127.1304931640625,0.015891311645507812,0.05744556427001953,0.037606006622314454,0.038548782348632814,0.025776268005371094,REST,0,0,0,0,False,False,False,False,False,False,,,,,,,,,,6.0,3.0,20.0,0.25
emg,6284131607,5401548,1,,,12906,1.61325,-0.03916278812512841,171.5887451171875,0.021448593139648437,0.055313899993896486,0.036276851654052734,0.038548782348632814,0.025776268005371094,REST,0,0,0,0,False,False,False,False,False,False,,,,,,,,,,6.0,3.0,20.0,0.25
emg,6284236277,5401638,1,,,13232,1.6540000000000001,0.002642041372715953,95.47832489013672,0.01193479061126709,0.055313899993896486,0.036276851654052734,0.038548782348632814,0.025776268005371094,REST,0,0,0,0,False,False,False,False,False,False,,,,,,,,,,6.0,3.0,20.0,0.25
emg,6284342116,5401729,1,,,13415,1.6768750000000001,0.025392091136962724,83.43846893310547,0.010429808616638184,0.055313899993896486,0.036276851654052734,0.038548782348632814,0.025776268005371094,REST,0,0,0,0,False,False,False,False,False,False,,,,,,,,,,6.0,3.0,20.0,0.25
emg,6284447959,5401820,1,,,12984,1.623,-0.02775645641828417,94.65868377685547,0.011832335472106935,0.055313899993896486,0.036276851654052734,0.038548782348632814,0.025776268005371094,REST,0,0,0,0,False,False,False,False,False,False,,,,,,,,,,6.0,3.0,20.0,0.25
emg,6284552613,5401910,1,,,13062,1.63275,-0.016295501932220624,172.29327392578125,0.021536659240722657,0.055313899993896486,0.036276851654052734,0.038548782348632814,0.025776268005371094,REST,0,0,0,0,False,False,False,False,False,False,,,,,,,,,,6.0,3.0,20.0,0.25
emg,6284657278,5402000,1,,,13275,1.659375,0.010542661782511287,87.24091339111328,0.01090511417388916,0.055313899993896486,0.036276851654052734,0.038548782348632814,0.025776268005371094,REST,0,0,0,0,False,False,False,False,False,False,,,,,,,,,,6.0,3.0,20.0,0.25
emg,6284762917,5402090,1,,,12921,1.6151250000000001,-0.03217759456553648,223.62930297851562,0.027953662872314454,0.055313899993896486,0.036276851654052734,0.038548782348632814,0.025776268005371094,REST,0,0,0,0,False,False,False,False,False,False,,,,,,,,,,6.0,3.0,20.0,0.25
emg,6284866637,5402180,1,,,12654,1.58175,-0.05908053088422882,485.11480712890625,0.06063935089111328,0.055313899993896486,0.036276851654052734,0.038548782348632814,0.025776268005371094,ACTIVE,0,0,0,0,True,True,False,False,False,False,,,,,,,,,,6.0,3.0,20.0,0.25
emg,6284971299,5402270,1,,,12705,1.588125,-0.04790967881880159,323.8439025878906,0.04048048782348633,0.055313899993896486,0.036276851654052734,0.038548782348632814,0.025776268005371094,ACTIVE,0,0,0,0,True,True,False,False,False,False,,,,,,,,,,6.0,3.0,20.0,0.25
emg,6285075963,5402360,1,,,13013,1.626625,-0.006640833115159506,176.68470764160156,0.022085588455200197,0.055313899993896486,0.036276851654052734,0.038548782348632814,0.025776268005371094,ACTIVE,0,0,0,0,True,True,False,False,False,False,,,,,,,,,,6.0,3.0,20.0,0.25
emg,6285180639,5402450,1,,,12908,1.6135,-0.01890853520903879,85.82965850830078,0.010728707313537597,0.055313899993896486,0.036276851654052734,0.038548782348632814,0.025776268005371094,REFRACTORY,0,0,0,0,False,False,False,False,False,False,,,,,,,,,,6.0,3.0,20.0,0.25
emg,6285285879,5402540,1,,,12735,1.591875,-0.04262201650806019,487.68756103515625,0.06096094512939453,0.055313899993896486,0.036276851654052734,0.038548782348632814,0.025776268005371094,REFRACTORY,0,0,0,0,False,False,False,False,False,False,,,,,,,,,,6.0,3.0,20.0,0.25
emg,6285389980,5402630,1,,,12215,1.526875,-0.1451743973509556,3140.2783203125,0.3925347900390625,0.055313899993896486,0.036276851654052734,0.038548782348632814,0.025776268005371094,REFRACTORY,0,0,0,0,False,False,False,False,False,False,,,,,,,,,,6.0,3.0,20.0,0.25
emg,6285494643,5402720,1,,,12104,1.5130000000000001,-0.14397960400646848,1290.6541748046875,0.16133177185058595,0.055313899993896486,0.036276851654052734,0.038548782348632814,0.025776268005371094,ACTIVE,0,0,0,0,False,False,False,False,False,False,,,,,,,,,,6.0,3.0,20.0,0.25
emg,6285599317,5402810,1,,,12786,1.59825,-0.04999551139961711,713.3138427734375,0.0891642303466797,0.055313899993896486,0.036276851654052734,0.038548782348632814,0.025776268005371094,ACTIVE,0,0,0,0,True,True,False,False,False,False,,,,,,,,,,6.0,3.0,20.0,0.25
emg,6285705176,5402901,1,,,12711,1.588875,-0.05417461889231623,399.17156982421875,0.049896446228027344,0.055313899993896486,0.036276851654052734,0.038548782348632814,0.025776268005371094,ACTIVE,0,0,0,0,True,True,False,False,False,False,,,,,,,,,,6.0,3.0,20.0,0.25
emg,6285809823,5402991,1,,,12750,1.59375,-0.046864094363345155,230.1878204345703,0.02877347755432129,0.055313899993896486,0.036276851654052734,0.038548782348632814,0.025776268005371094,ACTIVE,0,0,0,0,True,True,False,False,False,False,,,,,,,,,,6.0,3.0,20.0,0.25
emg,6285905184,5403072,1,,,13217,1.652125,0.011512235207224997,283.9651184082031,0.035495639801025394,0.055313899993896486,0.036276851654052734,0.038548782348632814,0.025776268005371094,REFRACTORY,0,0,0,0,True,False,False,False,False,False,,,,,,,,,,6.0,3.0,20.0,0.25
imu,6286000426,,,628186,1,,,,,,,,,,,,,,,,,,,,,-0.172607421875,-0.0755615234375,0.9111328125,0.015267175572519083,0.07633587786259542,0.05343511450381679,,,,6.0,3.0,20.0,0.25
imu,6286040431,,,628190,1,,,,,,,,,,,,,,,,,,,,,-0.175537109375,-0.07421875,0.9066162109375,-0.015267175572519083,0.0916030534351145,0.061068702290076333,,,,6.0,3.0,20.0,0.25
emg,6286218038,5403342,1,,,13432,1.679,0.03282793507631987,139.52674865722656,0.01744084358215332,0.055313899993896486,0.036276851654052734,0.038548782348632814,0.025776268005371094,REST,0,0,0,0,False,False,False,False,False,False,,,,,,,,,,6.0,3.0,20.0,0.25
emg,6286322699,5403432,1,,,13232,1.6540000000000001,0.007301974306908043,89.2857666015625,0.011160720825195312,0.055313899993896486,0.036276851654052734,0.038548782348632814,0.025776268005371094,REST,0,0,0,0,False,False,False,False,False,False,,,,,,,,,,6.0,3.0,20.0,0.25
emg,6286427369,5403522,1,,,12997,1.624625,-0.022094548345940712,90.2210464477539,0.011277630805969238,0.055313899993896486,0.036276851654052734,0.038548782348632814,0.025776268005371094,REST,0,0,0,0,False,False,False,False,False,False,,,,,,,,,,6.0,3.0,20.0,0.25
emg,6286532145,5403612,1,,,13202,1.65025,0.0033241505940011518,92.67361450195312,0.011584201812744142,0.055313899993896486,0.036276851654052734,0.038548782348632814,0.025776268005371094,REST,0,0,0,0,False,False,False,False,False,False,,,,,,,,,,6.0,3.0,20.0,0.25
emg,6286636718,5403702,1,,,13283,1.660375,0.013129467896445535,107.26818084716797,0.013408522605895996,0.053228286743164065,0.03498299026489258,0.038548782348632814,0.025776268005371094,REST,0,0,0,0,False,False,False,False,False,False,,,,,,,,,,6.0,3.0,20.0,0.25
emg,6286741379,5403792,1,,,13224,1.653,0.00566756954262293,79.99651336669922,0.009999564170837402,0.053228286743164065,0.03498299026489258,0.038548782348632814,0.025776268005371094,REST,0,0,0,0,False,False,False,False,False,False,,,,,,,,,,6.0,3.0,20.0,0.25
emg,6286846049,5403882,1,,,13027,1.6283750000000001,-0.019224391920806605,155.76602172851562,0.019470752716064455,0.053228286743164065,0.03498299026489258,0.038548782348632814,0.025776268005371094,REST,0,0,0,0,False,False,False,False,False,False,,,,,,,,,,6.0,3.0,20.0,0.25
emg,6286950719,5403972,1,,,13210,1.65125,0.003547967850327627,78.58502197265625,0.009823127746582032,0.053228286743164065,0.03498299026489258,0.038548782348632814,0.025776268005371094,REST,0,0,0,0,False,False,False,False,False,False,,,,,,,,,,6.0,3.0,20.0,0.25
emg,6287055395,5404062,1,,,13324,1.6655,0.017532170780116596,127.03234100341797,0.015879042625427248,0.053228286743164065,0.03498299026489258,0.038548782348632814,0.025776268005371094,REST,0,0,0,0,False,False,False,False,False,False,,,,,,,,,,6.0,3.0,20.0,0.25
emg,6287160056,5404152,1,,,13345,1.668125,0.01949236727217274,144.0128936767578,0.018001611709594727,0.053228286743164065,0.03498299026489258,0.038548782348632814,0.025776268005371094,REST,0,0,0,0,False,False,False,False,False,False,,,,,,,,,,6.0,3.0,20.0,0.25
emg,6287264724,5404242,1,,,13027,1.6283750000000001,-0.020638809638840572,152.53504943847656,0.01906688117980957,0.053228286743164065,0.03498299026489258,0.038548782348632814,0.025776268005371094,REST,0,0,0,0,False,False,False,False,False,False,,,,,,,,,,6.0,3.0,20.0,0.25
emg,6287369399,5404332,1,,,13164,1.6455,-0.003739342421597014,148.27426147460938,0.01853428268432617,0.053228286743164065,0.03498299026489258,0.038548782348632814,0.025776268005371094,REST,0,0,0,0,False,False,False,False,False,False,,,,,,,,,,6.0,3.0,20.0,0.25
emg,6287474075,5404422,1,,,13319,1.664875,0.015101420993654857,106.0079574584961,0.013250994682312013,0.053228286743164065,0.03498299026489258,0.038548782348632814,0.025776268005371094,REST,0,0,0,0,False,False,False,False,False,False,,,,,,,,,,6.0,3.0,20.0,0.25
emg,6287579299,5404512,1,,,13382,1.67275,0.022369975811016962,110.33778381347656,0.01379222297668457,0.05131718444824219,0.03379836654663086,0.038548782348632814,0.025776268005371094,REST,0,0,0,0,False,False,False,False,False,False,,,,,,,,,,6.0,3.0,20.0,0.25
emg,6287683409,5404602,1,,,13311,1.663875,0.012969272559337552,99.89314270019531,0.012486642837524414,0.05131718444824219,0.03379836654663086,0.038548782348632814,0.025776268005371094,REST,0,0,0,0,False,False,False,False,False,False,,,,,,,,,,6.0,3.0,20.0,0.25
emg,6287788079,5404692,1,,,13114,1.63925,-0.011589831651050764,92.04358673095703,0.011505448341369628,0.05131718444824219,0.03379836654663086,0.038548782348632814,0.025776268005371094,REST,0,0,0,0,False,False,False,False,False,False,,,,,,,,,,6.0,3.0,20.0,0.25
emg,6287892742,5404782,1,,,13283,1.660375,0.00941124112423597,107.06803131103516,0.013383503913879395,0.05131718444824219,0.03379836654663086,0.038548782348632814,0.025776268005371094,REST,0,0,0,0,False,False,False,False,False,False,,,,,,,,,,6.0,3.0,20.0,0.25
emg,6287998259,5404872,1,,,13373,1.6716250000000001,0.02038104023927101,104.73465728759766,0.013091832160949708,0.05131718444824219,0.03379836654663086,0.038548782348632814,0.025776268005371094,REST,0,0,0,0,False,False,False,False,False,False,,,,,,,,,,6.0,3.0,20.0,0.25
imu,6288080426,,,628394,1,,,,,,,,,,,,,,,,,,,,,-0.1759033203125,-0.0755615234375,0.91015625,0.022900763358778626,0.0916030534351145,0.03816793893129771,,,,6.0,3.0,20.0,0.25
emg,6288206759,5405052,1,,,13345,1.668125,0.01649032170221676,103.25582885742188,0.012906978607177735,0.05131718444824219,0.03379836654663086,0.038548782348632814,0.025776268005371094,REST,0,0,0,0,False,False,False,False,False,False,,,,,,,,,,6.0,3.0,20.0,0.25
emg,6288313761,5405143,1,,,13216,1.6520000000000001,0.0007165926020276103,102.05592346191406,0.012756990432739259,0.05131718444824219,0.03379836654663086,0.038548782348632814,0.025776268005371094,REST,0,0,0,0,False,False,False,False,False,False,,,,,,,,,,6.0,3.0,20.0,0.25
emg,6288406207,5405223,1,,,13163,1.645375,-0.005851711530108883,69.25849914550781,0.008657312393188477,0.05131718444824219,0.03379836654663086,0.038548782348632814,0.025776268005371094,REST,0,0,0,0,False,False,False,False,False,False,,,,,,,,,,6.0,3.0,20.0,0.25
emg,6288510325,5405313,1,,,13128,1.641,-0.01033126684033947,88.79023742675781,0.011098779678344727,0.05131718444824219,0.03379836654663086,0.038548782348632814,0.025776268005371094,REST,0,0,0,0,False,False,False,False,False,False,,,,,,,,,,6.0,3.0,20.0,0.25
imu,6288600429,,,628446,1,,,,,,,,,,,,,,,,,,,,,-0.173095703125,-0.0748291015625,0.9093017578125,-0.061068702290076333,0.09923664122137404,0.015267175572519083,,,,6.0,3.0,20.0,0.25
imu,6288640426,,,628450,1,,,,,,,,,,,,,,,,,,,,,-0.1763916015625,-0.071533203125,0.9110107421875,-0.03816793893129771,0.030534351145038167,0.05343511450381679,,,,6.0,3.0,20.0,0.25
emg,6288825257,5405583,1,,,13213,1.6516250000000001,-0.0007400312494985073,135.4920654296875,0.016936508178710938,0.04953847122192383,0.0327012825012207,0.038548782348632814,0.025776268005371094,REST,0,0,0,0,False,False,False,False,False,False,,,,,,,,,,6.0,3.0,20.0,0.25
emg,6288929002,5405673,1,,,13069,1.633625,-0.018901141226430385,100.15645599365234,0.012519556999206543,0.04953847122192383,0.0327012825012207,0.038548782348632814,0.025776268005371094,REST,0,0,0,0,False,False,False,False,False,False,,,,,,,,,,6.0,3.0,20.0,0.25
emg,6289033653,5405763,1,,,13235,1.654375,0.001957721192791695,87.03519439697266,0.010879399299621582,0.04953847122192383,0.0327012825012207,0.038548782348632814,0.025776268005371094,REST,0,0,0,0,False,False,False,False,False,False,,,,,,,,,,6.0,3.0,20.0,0.25
emg,6289138322,5405853,1,,,13329,1.666125,0.014162124250768349,138.42869567871094,0.017303586959838867,0.04953847122192383,0.0327012825012207,0.038548782348632814,0.025776268005371094,REST,0,0,0,0,False,False,False,False,False,False,,,,,,,,,,6.0,3.0,20.0,0.25
emg,6289242998,5405943,1,,,13250,1.65625,0.004407959467139788,91.03627014160156,0.011379533767700196,0.04953847122192383,0.0327012825012207,0.038548782348632814,0.025776268005371094,REST,0,0,0,0,False,False,False,False,False,False,,,,,,,,,,6.0,3.0,20.0,0.25
emg,6289348232,5406033,1,,,13079,1.634875,-0.016848779331642305,115.49967956542969,0.01443745994567871,0.04953847122192383,0.0327012825012207,0.038548782348632814,0.025776268005371094,REST,0,0,0,0,False,False,False,False,False,False,,,,,,,,,,6.0,3.0,20.0,0.25
emg,6289452333,5406123,1,,,13198,1.64975,-0.0015165556778922173,130.1020050048828,0.01626275062561035,0.04953847122192383,0.0327012825012207,0.038548782348632814,0.025776268005371094,REST,0,0,0,0,False,False,False,False,False,False,,,,,,,,,,6.0,3.0,20.0,0.25
emg,6289557004,5406213,1,,,13376,1.672,0.021288595117363363,108.23857879638672,0.01352982234954834,0.04787890625,0.03168298149108887,0.038548782348632814,0.025776268005371094,REST,0,0,0,0,False,False,False,False,False,False,,,,,,,,,,6.0,3.0,20.0,0.25
emg,6289661665,5406303,1,,,13099,1.637375,-0.013390860818526473,72.97386932373047,0.009121733665466309,0.04787890625,0.03168298149108887,0.038548782348632814,0.025776268005371094,REST,0,0,0,0,False,False,False,False,False,False,,,,,,,,,,6.0,3.0,20.0,0.25
emg,6289766925,5406393,1,,,13192,1.649,-0.0018369156976183465,133.31382751464844,0.016664228439331054,0.04787890625,0.03168298149108887,0.038548782348632814,0.025776268005371094,REST,0,0,0,0,False,False,False,False,False,False,,,,,,,,,,6.0,3.0,20.0,0.25
emg,6289872180,5406484,1,,,13284,1.6605,0.009523037010043867,66.26390838623047,0.00828298854827881,0.04787890625,0.03168298149108887,0.038548782348632814,0.025776268005371094,REST,0,0,0,0,False,False,False,False,False,False,,,,,,,,,,6.0,3.0,20.0,0.25
emg,6289976845,5406574,1,,,13245,1.6556250000000001,0.004264972902147557,97.8328857421875,0.012229110717773438,0.04787890625,0.03168298149108887,0.038548782348632814,0.025776268005371094,REST,0,0,0,0,False,False,False,False,False,False,,,,,,,,,,6.0,3.0,20.0,0.25
emg,6290082678,5406665,1,,,13240,1.655,0.0036022913789173217,123.93974304199219,0.015492467880249024,0.04787890625,0.03168298149108887,0.038548782348632814,0.025776268005371094,REST,0,0,0,0,False,False,False,False,False,False,,,,,,,,,,6.0,3.0,20.0,0.25
emg,6290187354,5406755,1,,,13083,1.635375,-0.01605864661361145,152.2834014892578,0.019035425186157227,0.04787890625,0.03168298149108887,0.038548782348632814,0.025776268005371094,REST,0,0,0,0,False,False,False,False,False,False,,,,,,,,,,6.0,3.0,20.0,0.25
emg,6290292015,5406845,1,,,12817,1.602125,-0.050405208637356314,235.67803955078125,0.029459754943847657,0.04787890625,0.03168298149108887,0.038548782348632814,0.025776268005371094,REST,0,0,0,0,False,False,False,False,False,False,,,,,,,,,,6.0,3.0,20.0,0.25
emg,6290396688,5406935,1,,,13420,1.6775,0.02551887292522692,217.22586059570312,0.02715323257446289,0.04787890625,0.03168298149108887,0.038548782348632814,0.025776268005371094,REST,0,0,0,0,False,False,False,False,False,False,,,,,,,,,,6.0,3.0,20.0,0.25
emg,6290501358,5407025,1,,,13686,1.71075,0.058434017419423334,268.261474609375,0.033532684326171874,0.04787890625,0.03168298149108887,0.038548782348632814,0.025776268005371094,REST,0,0,0,0,False,False,False,False,False,False,,,,,,,,,,6.0,3.0,20.0,0.25
emg,6290606032,5407115,1,,,13008,1.6260000000000001,-0.0262093086616928,637.6080932617188,0.07970101165771484,0.04640059661865235,0.03076791000366211,0.038548782348632814,0.025776268005371094,ACTIVE,0,0,0,0,True,False,False,False,False,False,,,,,,,,,,6.0,3.0,20.0,0.25
imu,6290680575,,,628654,1,,,,,,,,,,,,,,,,,,,,,-0.1800537109375,-0.073486328125,0.9093017578125,-0.11450381679389313,0.05343511450381679,0.07633587786259542,,,,6.0,3.0,20.0,0.25
emg,6290815368,5407295,1,,,13129,1.641125,-0.010730697100010289,224.36065673828125,0.028045082092285158,0.04640059661865235,0.03076791000366211,0.038548782348632814,0.025776268005371094,ACTIVE,0,0,0,0,True,True,False,False,False,False,,,,,,,,,,6.0,3.0,20.0,0.25
emg,6290921199,5407386,1,,,13074,1.63425,-0.016935440751403297,241.1087646484375,0.030138595581054688,0.04640059661865235,0.03076791000366211,0.038548782348632814,0.025776268005371094,ACTIVE,0,0,0,0,True,True,False,False,False,False,,,,,,,,,,6.0,3.0,20.0,0.25
emg,6291015990,5407467,1,,,13742,1.71775,0.06667234920151222,312.2774963378906,0.03903468704223633,0.04640059661865235,0.03076791000366211,0.038548782348632814,0.025776268005371094,ACTIVE,0,0,0,0,True,True,False,False,False,False,,,,,,,,,,6.0,3.0,20.0,0.25
emg,6291121243,5407558,1,,,12863,1.607875,-0.04234251895293473,269.5786437988281,0.033697330474853515,0.04640059661865235,0.03076791000366211,0.038548782348632814,0.025776268005371094,ACTIVE,0,0,0,0,True,True,False,False,False,False,,,,,,,,,,6.0,3.0,20.0,0.25
imu,6291200430,,,628706,1,,,,,,,,,,,,,,,,,,,,,-0.1759033203125,-0.0732421875,0.9088134765625,-0.08396946564885496,0.09923664122137404,0.030534351145038167,,,,6.0,3.0,20.0,0.25
emg,6291330588,5407738,1,,,13021,1.627625,-0.022638202248840056,179.60662841796875,0.022450828552246095,0.04640059661865235,0.03076791000366211,0.038548782348632814,0.025776268005371094,ACTIVE,0,0,0,0,True,True,False,False,False,False,,,,,,,,,,6.0,3.0,20.0,0.25
emg,6291435821,5407828,1,,,13615,1.701875,0.051378893413938975,227.84056091308594,0.028480070114135742,0.04640059661865235,0.03076791000366211,0.038548782348632814,0.025776268005371094,ACTIVE,0,0,0,0,True,True,False,False,False,False,,,,,,,,,,6.0,3.0,20.0,0.25
emg,6291539923,5407918,1,,,13330,1.66625,0.01668810230828144,238.3039093017578,0.029787988662719728,0.04640059661865235,0.03076791000366211,0.038548782348632814,0.025776268005371094,ACTIVE,0,0,0,0,True,True,False,False,False,False,,,,,,,,,,6.0,3.0,20.0,0.25
emg,6291644587,5408008,1,,,13004,1.6255,-0.02334016723403831,165.477783203125,0.020684722900390626,0.04640059661865235,0.03076791000366211,0.038548782348632814,0.025776268005371094,REFRACTORY,0,0,0,0,True,False,False,False,False,False,,,,,,,,,,6.0,3.0,20.0,0.25
emg,6291749261,5408098,1,,,13174,1.64675,-0.001856472442634649,245.9586639404297,0.030744832992553713,0.04640059661865235,0.03076791000366211,0.038548782348632814,0.025776268005371094,REFRACTORY,0,0,0,0,False,False,False,False,False,False,,,,,,,,,,6.0,3.0,20.0,0.25
emg,6291854549,5408188,1,,,13319,1.664875,0.016261154542026368,188.74339294433594,0.023592924118041994,0.04640059661865235,0.03076791000366211,0.038548782348632814,0.025776268005371094,REFRACTORY,0,0,0,0,False,False,False,False,False,False,,,,,,,,,,6.0,3.0,20.0,0.25
emg,6291958618,5408278,1,,,13362,1.67025,0.021107850751172386,204.2951202392578,0.025536890029907226,0.04640059661865235,0.03076791000366211,0.038548782348632814,0.025776268005371094,REFRACTORY,0,0,0,0,False,False,False,False,False,False,,,,,,,,,,6.0,3.0,20.0,0.25
emg,6292063262,5408368,1,,,13634,1.70425,0.05500015295810634,197.1983642578125,0.024649795532226564,0.04640059661865235,0.03076791000366211,0.038548782348632814,0.025776268005371094,REST,0,0,0,0,False,False,False,False,False,False,,,,,,,,,,6.0,3.0,20.0,0.25
emg,6292167937,5408458,1,,,13068,1.6335,-0.01577781008130974,198.71591186523438,0.024839488983154297,0.04640059661865235,0.03076791000366211,0.038548782348632814,0.025776268005371094,REST,0,0,0,0,False,False,False,False,False,False,,,,,,,,,,6.0,3.0,20.0,0.25
emg,6292273770,5408549,1,,,13124,1.6405,-0.00857158934137292,215.67626953125,0.02695953369140625,0.04640059661865235,0.03076791000366211,0.038548782348632814,0.025776268005371094,REST,0,0,0,0,False,False,False,False,False,False,,,,,,,,,,6.0,3.0,20.0,0.25
emg,6292378448,5408639,1,,,13267,1.658375,0.009533994306865523,91.94491577148438,0.011493114471435547,0.04640059661865235,0.03076791000366211,0.038548782348632814,0.025776268005371094,REST,0,0,0,0,False,False,False,False,False,False,,,,,,,,,,6.0,3.0,20.0,0.25
emg,6292483110,5408729,1,,,13418,1.6772500000000001,0.028415839817807154,185.8035888671875,0.02322544860839844,0.04640059661865235,0.03076791000366211,0.038548782348632814,0.025776268005371094,REST,0,0,0,0,False,False,False,False,False,False,,,,,,,,,,6.0,3.0,20.0,0.25
emg,6292587775,5408819,1,,,12866,1.60825,-0.03997269747897314,200.54794311523438,0.025068492889404298,0.04640059661865235,0.03076791000366211,0.038548782348632814,0.025776268005371094,REST,0,0,0,0,False,False,False,False,False,False,,,,,,,,,,6.0,3.0,20.0,0.25
emg,6292692450,5408909,1,,,13165,1.6456250000000001,-0.002169463877284672,104.4568099975586,0.013057101249694825,0.04640059661865235,0.03076791000366211,0.038548782348632814,0.025776268005371094,REST,0,0,0,0,False,False,False,False,False,False,,,,,,,,,,6.0,3.0,20.0,0.25
imu,6292760426,,,628862,1,,,,,,,,,,,,,,,,,,,,,-0.1739501953125,-0.07470703125,0.9058837890625,-0.015267175572519083,0.10687022900763359,0.09923664122137404,,,,6.0,3.0,20.0,0.25
emg,6292901787,5409089,1,,,13230,1.65375,0.005593716830842199,170.20957946777344,0.02127619743347168,0.04640059661865235,0.03076791000366211,0.038548782348632814,0.025776268005371094,REST,0,0,0,0,False,False,False,False,False,False,,,,,,,,,,6.0,3.0,20.0,0.25
emg,6293006460,5409179,1,,,13061,1.632625,-0.01525277636858191,51.44815444946289,0.006431019306182862,0.04540715408325195,0.03012849044799805,0.038548782348632814,0.025776268005371094,REST,0,0,0,0,False,False,False,False,False,False,,,,,,,,,,6.0,3.0,20.0,0.25
emg,6293111130,5409269,1,,,13147,1.643375,-0.004407715364576292,209.6795196533203,0.02620993995666504,0.04540715408325195,0.03012849044799805,0.038548782348632814,0.025776268005371094,REST,0,0,0,0,False,False,False,False,False,False,,,,,,,,,,6.0,3.0,20.0,0.25
emg,6293204170,5409349,1,,,13007,1.625875,-0.02217090048282566,164.27340698242188,0.020534175872802735,0.04540715408325195,0.03012849044799805,0.038548782348632814,0.025776268005371094,REST,0,0,0,0,False,False,False,False,False,False,,,,,,,,,,6.0,3.0,20.0,0.25
imu,6293280426,,,628914,1,,,,,,,,,,,,,,,,,,,,,-0.171630859375,-0.0770263671875,0.9073486328125,-0.12213740458015267,0.061068702290076333,0.061068702290076333,,,,6.0,3.0,20.0,0.25
emg,6293425137,5409539,1,,,13160,1.645,-0.004347209010902464,137.4132080078125,0.017176651000976564,0.04540715408325195,0.03012849044799805,0.038548782348632814,0.025776268005371094,REST,0,0,0,0,False,False,False,False,False,False,,,,,,,,,,6.0,3.0,20.0,0.25
emg,6293519340,5409620,1,,,13453,1.681625,0.031872288301842966,168.66578674316406,0.02108322334289551,0.04540715408325195,0.03012849044799805,0.038548782348632814,0.025776268005371094,REST,0,0,0,0,False,False,False,False,False,False,,,,,,,,,,6.0,3.0,20.0,0.25
emg,6293624019,5409710,1,,,13266,1.65825,0.007852247075582408,146.40733337402344,0.01830091667175293,0.04540715408325195,0.03012849044799805,0.038548782348632814,0.025776268005371094,REST,0,0,0,0,False,False,False,False,False,False,,,,,,,,,,6.0,3.0,20.0,0.25
emg,6293729239,5409800,1,,,13212,1.6515,0.0006811165251434659,121.48855590820312,0.01518606948852539,0.04540715408325195,0.03012849044799805,0.038548782348632814,0.025776268005371094,REST,0,0,0,0,False,False,False,False,False,False,,,,,,,,,,6.0,3.0,20.0,0.25
emg,6293833355,5409890,1,,,13162,1.64525,-0.005457715061768953,229.67324829101562,0.028709156036376953,0.04540715408325195,0.03012849044799805,0.038548782348632814,0.025776268005371094,REST,0,0,0,0,False,False,False,False,False,False,,,,,,,,,,6.0,3.0,20.0,0.25
emg,6293938023,5409980,1,,,13279,1.659875,0.009614874027686904,349.05780029296875,0.04363222503662109,0.04540715408325195,0.03012849044799805,0.038548782348632814,0.025776268005371094,REST,0,0,0,0,False,False,False,False,False,False,,,,,,,,,,6.0,3.0,20.0,0.25
emg,6294042688,5410070,1,,,12987,1.623375,-0.026451842758667743,267.8320617675781,0.033479007720947265,0.044980361938476564,0.029825727462768556,0.038548782348632814,0.025776268005371094,REST,0,0,0,0,False,False,False,False,False,False,,,,,,,,,,6.0,3.0,20.0,0.25
emg,6294148270,5410160,1,,,13207,1.650875,0.0006813439125654686,209.8765411376953,0.026234567642211916,0.044980361938476564,0.029825727462768556,0.038548782348632814,0.025776268005371094,REST,0,0,0,0,False,False,False,False,False,False,,,,,,,,,,6.0,3.0,20.0,0.25
emg,6294252054,5410250,1,,,13247,1.655875,0.006248911617850794,154.5004119873047,0.019312551498413086,0.044980361938476564,0.029825727462768556,0.038548782348632814,0.025776268005371094,REST,0,0,0,0,False,False,False,False,False,False,,,,,,,,,,6.0,3.0,20.0,0.25
emg,6294356696,5410340,1,,,13196,1.6495,-0.00018433555247976408,130.5308380126953,0.016316354751586916,0.044980361938476564,0.029825727462768556,0.038548782348632814,0.025776268005371094,REST,0,0,0,0,False,False,False,False,False,False,,,,,,,,,,6.0,3.0,20.0,0.25
emg,6294461371,5410430,1,,,12866,1.60825,-0.04140620835027842,119.98762512207031,0.014998453140258789,0.044980361938476564,0.029825727462768556,0.038548782348632814,0.025776268005371094,REST,0,0,0,0,False,False,False,False,False,False,,,,,,,,,,6.0,3.0,20.0,0.25
emg,6294566049,5410520,1,,,16804,2.1005000000000003,0.38985603644123756,10241.27734375,1.2801596679687501,0.044980361938476564,0.029825727462768556,0.038548782348632814,0.025776268005371094,ACTIVE,0,0,0,0,True,True,False,False,False,False,,,,,,,,,,6.0,3.0,20.0,0.25
emg,6294671284,5410610,1,,,12787,1.598375,-0.09125852559631786,3009.912109375,0.376239013671875,0.044980361938476564,0.029825727462768556,0.038548782348632814,0.025776268005371094,ACTIVE,0,0,0,0,True,True,False,False,False,False,,,,,,,,,,6.0,3.0,20.0,0.25
emg,6294775389,5410700,1,,,12161,1.520125,-0.15531221073845036,1399.600830078125,0.17495010375976563,0.044980361938476564,0.029825727462768556,0.038548782348632814,0.025776268005371094,ACTIVE,0,0,0,0,True,True,False,False,False,False,,,,,,,,,,6.0,3.0,20.0,0.25
emg,6294880053,5410790,1,,,12427,1.553375,-0.1106184595212758,1154.6263427734375,0.1443282928466797,0.044980361938476564,0.029825727462768556,0.038548782348632814,0.025776268005371094,ACTIVE,0,0,0,0,True,True,False,False,False,False,,,,,,,,,,6.0,3.0,20.0,0.25
emg,6294984727,5410880,1,,,12704,1.588,-0.06889536043325051,525.0213623046875,0.06562767028808594,0.044980361938476564,0.029825727462768556,0.038548782348632814,0.025776268005371094,ACTIVE,0,0,0,0,True,True,False,False,False,False,,,,,,,,,,6.0,3.0,20.0,0.25
emg,6295089952,5410970,1,,,12824,1.603,-0.04973414625028383,286.1927795410156,0.035774097442626954,0.044980361938476564,0.029825727462768556,0.038548782348632814,0.025776268005371094,ACTIVE,0,0,0,0,True,True,False,False,False,False,,,,,,,,,,6.0,3.0,20.0,0.25
emg,6295194087,5411060,1,,,13208,1.651,0.0019686248750934165,267.99981689453125,0.033499977111816404,0.044980361938476564,0.029825727462768556,0.038548782348632814,0.025776268005371094,ACTIVE,0,0,0,0,True,True,False,False,False,False,,,,,,,,,,6.0,3.0,20.0,0.25
emg,6295298728,5411150,1,,,13230,1.65375,0.0077485513597155276,193.9892120361328,0.0242486515045166,0.044980361938476564,0.029825727462768556,0.038548782348632814,0.025776268005371094,ACTIVE,0,0,0,0,True,True,False,False,False,False,,,,,,,,,,6.0,3.0,20.0,0.25
imu,6295360426,,,629122,1,,,,,,,,,,,,,,,,,,,,,-0.17431640625,-0.0782470703125,0.9078369140625,-0.030534351145038167,0.07633587786259542,0.06870229007633588,,,,6.0,3.0,20.0,0.25
emg,6295508073,5411330,1,,,12828,1.6035,-0.037955299844992796,179.4755401611328,0.022434442520141602,0.044980361938476564,0.029825727462768556,0.038548782348632814,0.025776268005371094,ACTIVE,0,0,0,0,True,True,False,False,False,False,,,,,,,,,,6.0,3.0,20.0,0.25
emg,6295612815,5411420,1,,,13190,1.64875,0.008267320090984409,149.35263061523438,0.018669078826904297,0.044980361938476564,0.029825727462768556,0.038548782348632814,0.025776268005371094,REFRACTORY,0,0,0,0,False,False,False,False,False,False,,,,,,,,,,6.0,3.0,20.0,0.25
emg,6295705802,5411500,1,,,12964,1.6205,-0.019721673841629705,164.6595916748047,0.020582448959350585,0.044980361938476564,0.029825727462768556,0.038548782348632814,0.025776268005371094,REFRACTORY,0,0,0,0,False,False,False,False,False,False,,,,,,,,,,6.0,3.0,20.0,0.25
emg,6295810453,5411590,1,,,13203,1.650375,0.010498154890177913,128.1731414794922,0.016021642684936523,0.044980361938476564,0.029825727462768556,0.038548782348632814,0.025776268005371094,REFRACTORY,0,0,0,0,False,False,False,False,False,False,,,,,,,,,,6.0,3.0,20.0,0.25
imu,6295880431,,,629174,1,,,,,,,,,,,,,,,,,,,,,-0.1727294921875,-0.0772705078125,0.9110107421875,0.022900763358778626,0.12213740458015267,0.05343511450381679,,,,6.0,3.0,20.0,0.25
emg,6296020373,5411770,1,,,13224,1.653,0.012064853942552967,97.00614166259766,0.012125767707824708,0.044980361938476564,0.029825727462768556,0.038548782348632814,0.025776268005371094,REST,0,0,0,0,False,False,False,False,False,False,,,,,,,,,,6.0,3.0,20.0,0.25
emg,6296124470,5411860,1,,,13150,1.64375,0.0022315802087564673,113.47411346435547,0.014184264183044434,0.044980361938476564,0.029825727462768556,0.038548782348632814,0.025776268005371094,REST,0,0,0,0,False,False,False,False,False,False,,,,,,,,,,6.0,3.0,20.0,0.25
emg,6296229133,5411950,1,,,13173,1.646625,0.00423475732781009,139.5492706298828,0.017443658828735352,0.044980361938476564,0.029825727462768556,0.038548782348632814,0.025776268005371094,REST,0,0,0,0,False,False,False,False,False,False,,,,,,,,,,6.0,3.0,20.0,0.25
emg,6296333798,5412040,1,,,13270,1.65875,0.015453542883235416,171.82806396484375,0.02147850799560547,0.044980361938476564,0.029825727462768556,0.038548782348632814,0.025776268005371094,REST,0,0,0,0,False,False,False,False,False,False,,,,,,,,,,6.0,3.0,20.0,0.25
emg,6296439211,5412130,1,,,13277,1.6596250000000001,0.015320541261160114,144.4904327392578,0.018061304092407228,0.044989536285400394,0.02979363441467285,0.038548782348632814,0.025776268005371094,REST,0,0,0,0,False,False,False,False,False,False,,,,,,,,,,6.0,3.0,20.0,0.25
emg,6296543163,5412220,1,,,13244,1.6555,0.010434423282546623,136.69761657714844,0.017087202072143554,0.044989536285400394,0.02979363441467285,0.038548782348632814,0.025776268005371094,REST,0,0,0,0,False,False,False,False,False,False,,,,,,,,,,6.0,3.0,20.0,0.25
emg,6296647810,5412310,1,,,13179,1.647375,0.001389078960555068,149.51695251464844,0.018689619064331055,0.044989536285400394,0.02979363441467285,0.038548782348632814,0.025776268005371094,REST,0,0,0,0,False,False,False,False,False,False,,,,,,,,,,6.0,3.0,20.0,0.25
emg,6296752483,5412400,1,,,13233,1.654125,0.006846261411292298,179.1561737060547,0.022394521713256836,0.044989536285400394,0.02979363441467285,0.038548782348632814,0.025776268005371094,REST,0,0,0,0,False,False,False,False,False,False,,,,,,,,,,6.0,3.0,20.0,0.25
emg,6296857153,5412490,1,,,13213,1.6516250000000001,0.004014196321939334,129.67189025878906,0.016208986282348632,0.044989536285400394,0.02979363441467285,0.038548782348632814,0.025776268005371094,REST,0,0,0,0,False,False,False,False,False,False,,,,,,,,,,6.0,3.0,20.0,0.25
emg,6296962111,5412580,1,,,13125,1.640625,-0.007478018748409809,109.21104431152344,0.01365138053894043,0.044989536285400394,0.02979363441467285,0.038548782348632814,0.025776268005371094,REST,0,0,0,0,False,False,False,False,False,False,,,,,,,,,,6.0,3.0,20.0,0.25
emg,6297066498,5412670,1,,,13097,1.637125,-0.011132734063701966,104.1517105102539,0.013018963813781738,0.044989536285400394,0.02979363441467285,0.038548782348632814,0.025776268005371094,REST,0,0,0,0,False,False,False,False,False,False,,,,,,,,,,6.0,3.0,20.0,0.25
emg,6297171165,5412760,1,,,13143,1.642875,-0.00564867161376803,112.06385040283203,0.014007981300354005,0.044989536285400394,0.02979363441467285,0.038548782348632814,0.025776268005371094,REST,0,0,0,0,False,False,False,False,False,False,,,,,,,,,,6.0,3.0,20.0,0.25
emg,6297275833,5412850,1,,,13413,1.676625,0.02782841089301269,142.97607421875,0.01787200927734375,0.044989536285400394,0.02979363441467285,0.038548782348632814,0.025776268005371094,REST,0,0,0,0,False,False,False,False,False,False,,,,,,,,,,6.0,3.0,20.0,0.25
emg,6297380500,5412940,1,,,13187,1.648375,-0.000683756256401491,161.39910888671875,0.020174888610839842,0.04530801010131836,0.0299776725769043,0.038548782348632814,0.025776268005371094,REST,0,0,0,0,False,False,False,False,False,False,,,,,,,,,,6.0,3.0,20.0,0.25
emg,6297485181,5413030,1,,,13002,1.62525,-0.023669209180930073,162.4327850341797,0.02030409812927246,0.04530801010131836,0.0299776725769043,0.038548782348632814,0.025776268005371094,REST,0,0,0,0,False,False,False,False,False,False,,,,,,,,,,6.0,3.0,20.0,0.25
emg,6297589847,5413120,1,,,13107,1.6383750000000001,-0.010569488260409488,80.45877075195312,0.01005734634399414,0.04530801010131836,0.0299776725769043,0.038548782348632814,0.025776268005371094,REST,0,0,0,0,False,False,False,False,False,False,,,,,,,,,,6.0,3.0,20.0,0.25
emg,6297694513,5413210,1,,,13273,1.659125,0.010591411599436329,103.53346252441406,0.012941682815551758,0.04530801010131836,0.0299776725769043,0.038548782348632814,0.025776268005371094,REST,0,0,0,0,False,False,False,False,False,False,,,,,,,,,,6.0,3.0,20.0,0.25
emg,6297799183,5413300,1,,,13407,1.675875,0.027195132519475917,123.70660400390625,0.015463325500488281,0.04530801010131836,0.0299776725769043,0.038548782348632814,0.025776268005371094,REST,0,0,0,0,False,False,False,False,False,False,,,,,,,,,,6.0,3.0,20.0,0.25
imu,6297920426,,,629378,1,,,,,,,,,,,,,,,,,,,,,-0.1754150390625,-0.07373046875,0.90966796875,-0.04580152671755725,0.061068702290076333,0.03816793893129771,,,,6.0,3.0,20.0,0.25
imu,6297960426,,,629382,1,,,,,,,,,,,,,,,,,,,,,-0.1761474609375,-0.07275390625,0.9063720703125,-0.03816793893129771,0.03816793893129771,0.03816793893129771,,,,6.0,3.0,20.0,0.25
emg,6298113193,5413570,1,,,13346,1.66825,0.019575493459187188,196.86293029785156,0.024607866287231446,0.04530801010131836,0.0299776725769043,0.038548782348632814,0.025776268005371094,REST,0,0,0,0,False,False,False,False,False,False,,,,,,,,,,6.0,3.0,20.0,0.25
emg,6298217860,5413660,1,,,13401,1.675125,0.025974964729310823,119.06114196777344,0.01488264274597168,0.04530801010131836,0.0299776725769043,0.038548782348632814,0.025776268005371094,REST,0,0,0,0,False,False,False,False,False,False,,,,,,,,,,6.0,3.0,20.0,0.25
emg,6298310900,5413740,1,,,13215,1.651875,0.0027946095659907577,76.22917175292969,0.009528646469116211,0.04530801010131836,0.0299776725769043,0.038548782348632814,0.025776268005371094,REST,0,0,0,0,False,False,False,False,False,False,,,,,,,,,,6.0,3.0,20.0,0.25
emg,6298415579,5413830,1,,,13340,1.6675,0.018536534845167152,159.59548950195312,0.01994943618774414,0.04561371231079102,0.030176280975341797,0.038548782348632814,0.025776268005371094,REST,0,0,0,0,False,False,False,False,False,False,,,,,,,,,,6.0,3.0,20.0,0.25
imu,6298480431,,,629434,1,,,,,,,,,,,,,,,,,,,,,-0.177490234375,-0.0765380859375,0.9078369140625,-0.061068702290076333,0.0916030534351145,0.022900763358778626,,,,6.0,3.0,20.0,0.25
emg,6298624910,5414010,1,,,13237,1.654625,0.005779302412292742,106.8871078491211,0.013360888481140138,0.04561371231079102,0.030176280975341797,0.038548782348632814,0.025776268005371094,REST,0,0,0,0,False,False,False,False,False,False,,,,,,,,,,6.0,3.0,20.0,0.25
emg,6298729581,5414100,1,,,13185,1.648125,-0.00036056401876471966,129.6599578857422,0.016207494735717774,0.04561371231079102,0.030176280975341797,0.038548782348632814,0.025776268005371094,REST,0,0,0,0,False,False,False,False,False,False,,,,,,,,,,6.0,3.0,20.0,0.25
emg,6298835990,5414191,1,,,13393,1.674125,0.025576133989287042,82.9531021118164,0.01036913776397705,0.04561371231079102,0.030176280975341797,0.038548782348632814,0.025776268005371094,REST,0,0,0,0,False,False,False,False,False,False,,,,,,,,,,6.0,3.0,20.0,0.25
emg,6298940114,5414281,1,,,13100,1.6375,-0.010866335075691014,149.76327514648438,0.018720409393310548,0.04561371231079102,0.030176280975341797,0.038548782348632814,0.025776268005371094,REST,0,0,0,0,False,False,False,False,False,False,,,,,,,,,,6.0,3.0,20.0,0.25
emg,6299044756,5414371,1,,,13142,1.64275,-0.005030266596449451,129.71499633789062,0.01621437454223633,0.04561371231079102,0.030176280975341797,0.038548782348632814,0.025776268005371094,REST,0,0,0,0,False,False,False,False,False,False,,,,,,,,,,6.0,3.0,20.0,0.25
emg,6299149421,5414461,1,,,13440,1.68,0.03221388667713221,145.88787841796875,0.018235984802246093,0.04561371231079102,0.030176280975341797,0.038548782348632814,0.025776268005371094,REST,0,0,0,0,False,False,False,False,False,False,,,,,,,,,,6.0,3.0,20.0,0.25
emg,6299254102,5414551,1,,,13267,1.658375,0.011155498265007502,185.50164794921875,0.023187705993652344,0.04561371231079102,0.030176280975341797,0.038548782348632814,0.025776268005371094,REST,0,0,0,0,False,False,False,False,False,False,,,,,,,,,,6.0,3.0,20.0,0.25
emg,6299358855,5414641,1,,,13260,1.6575,0.010193600446174234,115.55769348144531,0.014444711685180665,0.04587354278564453,0.03035363006591797,0.038548782348632814,0.025776268005371094,REST,0,0,0,0,False,False,False,False,False,False,,,,,,,,,,6.0,3.0,20.0,0.25
emg,6299463442,5414731,1,,,13117,1.639625,-0.007538549194044064,140.77391052246094,0.017596738815307617,0.04587354278564453,0.03035363006591797,0.038548782348632814,0.025776268005371094,REST,0,0,0,0,False,False,False,False,False,False,,,,,,,,,,6.0,3.0,20.0,0.25
emg,6299568104,5414821,1,,,13127,1.640875,-0.0063344612506737175,124.71900939941406,0.015589876174926758,0.04587354278564453,0.03035363006591797,0.038548782348632814,0.025776268005371094,REST,0,0,0,0,False,False,False,False,False,False,,,,,,,,,,6.0,3.0,20.0,0.25
emg,6299672782,5414911,1,,,13397,1.674625,0.027402055806838632,137.15586853027344,0.01714448356628418,0.04587354278564453,0.03035363006591797,0.038548782348632814,0.025776268005371094,REST,0,0,0,0,False,False,False,False,False,False,,,,,,,,,,6.0,3.0,20.0,0.25
emg,6299778010,5415001,1,,,13360,1.67,0.022534067666008184,122.44730377197266,0.015305912971496582,0.04587354278564453,0.03035363006591797,0.038548782348632814,0.025776268005371094,REST,0,0,0,0,False,False,False,False,False,False,,,,,,,,,,6.0,3.0,20.0,0.25
emg,6299884439,5415092,1,,,13099,1.637375,-0.010094003837257226,148.1931610107422,0.018524145126342775,0.04587354278564453,0.03035363006591797,0.038548782348632814,0.025776268005371094,REST,0,0,0,0,False,False,False,False,False,False,,,,,,,,,,6.0,3.0,20.0,0.25
emg,6299987949,5415182,1,,,13163,1.645375,-0.002533151218422125,136.99647521972656,0.017124559402465822,0.04587354278564453,0.03035363006591797,0.038548782348632814,0.025776268005371094,REST,0,0,0,0,False,False,False,False,False,False,,,,,,,,,,6.0,3.0,20.0,0.25
emg,6300093779,5415273,1,,,13183,1.647875,-0.0008820297631837448,138.74867248535156,0.017343584060668944,0.04587354278564453,0.03035363006591797,0.038548782348632814,0.025776268005371094,REST,0,0,0,0,False,False,False,False,False,False,,,,,,,,,,6.0,3.0,20.0,0.25
emg,6300198460,5415363,1,,,13307,1.663375,0.014823105075561172,100.85517883300781,0.012606897354125977,0.04587354278564453,0.03035363006591797,0.038548782348632814,0.025776268005371094,REST,0,0,0,0,False,False,False,False,False,False,,,,,,,,,,6.0,3.0,20.0,0.25
emg,6300303122,5415453,1,,,12982,1.6227500000000001,-0.025307378344782805,155.4422149658203,0.01943027687072754,0.04587354278564453,0.03035363006591797,0.038548782348632814,0.025776268005371094,REST,0,0,0,0,False,False,False,False,False,False,,,,,,,,,,6.0,3.0,20.0,0.25
emg,6300407785,5415543,1,,,13249,1.656125,0.008388295902643339,154.46202087402344,0.01930775260925293,0.04605837249755859,0.03050592041015625,0.038548782348632814,0.025776268005371094,REST,0,0,0,0,False,False,False,False,False,False,,,,,,,,,,6.0,3.0,20.0,0.25
imu,6300520426,,,629638,1,,,,,,,,,,,,,,,,,,,,,-0.173095703125,-0.0743408203125,0.9066162109375,-0.061068702290076333,0.015267175572519083,-0.007633587786259542,,,,6.0,3.0,20.0,0.25
imu,6300560426,,,629642,1,,,,,,,,,,,,,,,,,,,,,-0.1739501953125,-0.0745849609375,0.9091796875,-0.12213740458015267,0.015267175572519083,0.07633587786259542,,,,6.0,3.0,20.0,0.25
emg,6300721797,5415813,1,,,13095,1.636875,-0.010198104535928065,145.001708984375,0.018125213623046876,0.04605837249755859,0.03050592041015625,0.038548782348632814,0.025776268005371094,REST,0,0,0,0,False,False,False,False,False,False,,,,,,,,,,6.0,3.0,20.0,0.25
emg,6300814849,5415893,1,,,13306,1.6632500000000001,0.01602244759359528,151.41915893554688,0.01892739486694336,0.04605837249755859,0.03050592041015625,0.038548782348632814,0.025776268005371094,REST,0,0,0,0,False,False,False,False,False,False,,,,,,,,,,6.0,3.0,20.0,0.25
emg,6300919512,5415983,1,,,13392,1.674,0.02662522860513472,238.30862426757812,0.029788578033447265,0.04605837249755859,0.03050592041015625,0.038548782348632814,0.025776268005371094,REST,0,0,0,0,False,False,False,False,False,False,,,,,,,,,,6.0,3.0,20.0,0.25
emg,6301024177,5416073,1,,,13231,1.653875,0.006158417536253236,113.9102783203125,0.014238784790039063,0.04605837249755859,0.03050592041015625,0.038548782348632814,0.025776268005371094,REST,0,0,0,0,False,False,False,False,False,False,,,,,,,,,,6.0,3.0,20.0,0.25
emg,6301128859,5416163,1,,,13152,1.6440000000000001,-0.003792942297814683,33.262271881103516,0.00415778398513794,0.04605837249755859,0.03050592041015625,0.038548782348632814,0.025776268005371094,REST,0,0,0,0,False,False,False,False,False,False,,,,,,,,,,6.0,3.0,20.0,0.25
emg,6301234685,5416254,1,,,13131,1.641375,-0.0062059367454949665,109.24376678466797,0.013655470848083497,0.04605837249755859,0.03050592041015625,0.038548782348632814,0.025776268005371094,REST,0,0,0,0,False,False,False,False,False,False,,,,,,,,,,6.0,3.0,20.0,0.25
emg,6301339353,5416344,1,,,13214,1.65175,0.004248756007055432,91.3522720336914,0.011419034004211426,0.04605837249755859,0.03050592041015625,0.038548782348632814,0.025776268005371094,REST,0,0,0,0,False,False,False,False,False,False,,,,,,,,,,6.0,3.0,20.0,0.25
emg,6301444031,5416434,1,,,12992,1.624,-0.023539817392487894,221.339111328125,0.027667388916015626,0.046243793487548826,0.03067595672607422,0.038548782348632814,0.025776268005371094,REST,0,0,0,0,False,False,False,False,False,False,,,,,,,,,,6.0,3.0,20.0,0.25
emg,6301549255,5416524,1,,,13098,1.63725,-0.010453110695862078,66.76004791259766,0.008345005989074707,0.046243793487548826,0.03067595672607422,0.038548782348632814,0.025776268005371094,REST,0,0,0,0,False,False,False,False,False,False,,,,,,,,,,6.0,3.0,20.0,0.25
emg,6301653365,5416614,1,,,13250,1.65625,0.008277611635358895,109.5933837890625,0.013699172973632812,0.046243793487548826,0.03067595672607422,0.038548782348632814,0.025776268005371094,REST,0,0,0,0,False,False,False,False,False,False,,,,,,,,,,6.0,3.0,20.0,0.25
emg,6301758032,5416704,1,,,13274,1.6592500000000001,0.01102496910628048,70.68102264404297,0.008835127830505371,0.046243793487548826,0.03067595672607422,0.038548782348632814,0.025776268005371094,REST,0,0,0,0,False,False,False,False,False,False,,,,,,,,,,6.0,3.0,20.0,0.25
emg,6301862698,5416794,1,,,13277,1.6596250000000001,0.011037055220129321,106.766357421875,0.013345794677734375,0.046243793487548826,0.03067595672607422,0.038548782348632814,0.025776268005371094,REST,0,0,0,0,False,False,False,False,False,False,,,,,,,,,,6.0,3.0,20.0,0.25
emg,6301968259,5416884,1,,,13173,1.646625,-0.0018006734843241112,89.41020965576172,0.011176276206970216,0.046243793487548826,0.03067595672607422,0.038548782348632814,0.025776268005371094,REST,0,0,0,0,False,False,False,False,False,False,,,,,,,,,,6.0,3.0,20.0,0.25
emg,6302072065,5416974,1,,,13301,1.662625,0.014101878962798908,131.46421813964844,0.016433027267456057,0.046243793487548826,0.03067595672607422,0.038548782348632814,0.025776268005371094,REST,0,0,0,0,False,False,False,False,False,False,,,,,,,,,,6.0,3.0,20.0,0.25
emg,6302176708,5417064,1,,,13442,1.68025,0.03130327833375657,122.06761169433594,0.015258451461791993,0.046243793487548826,0.03067595672607422,0.038548782348632814,0.025776268005371094,REST,0,0,0,0,False,False,False,False,False,False,,,,,,,,,,6.0,3.0,20.0,0.25
emg,6302281385,5417154,1,,,13548,1.6935,0.04366711141678148,215.2514190673828,0.026906427383422853,0.046243793487548826,0.03067595672607422,0.038548782348632814,0.025776268005371094,REST,0,0,0,0,False,False,False,False,False,False,,,,,,,,,,6.0,3.0,20.0,0.25
emg,6302386061,5417244,1,,,25850,3.23125,1.5451821725771897,7924.5087890625,0.9905635986328125,0.046243793487548826,0.03067595672607422,0.038548782348632814,0.025776268005371094,ACTIVE,0,0,0,0,True,True,False,False,False,False,,,,,,,,,,6.0,3.0,20.0,0.25
emg,6302491286,5417334,1,,,12772,1.5965,-0.08588246589388993,2654.8310546875,0.3318538818359375,0.046243793487548826,0.03067595672607422,0.038548782348632814,0.025776268005371094,ACTIVE,0,0,0,0,True,True,False,False,False,False,,,,,,,,,,6.0,3.0,20.0,0.25
emg,6302595401,5417424,1,,,12245,1.5306250000000001,-0.13516055479312583,1242.9837646484375,0.1553729705810547,0.046243793487548826,0.03067595672607422,0.038548782348632814,0.025776268005371094,ACTIVE,0,0,0,0,True,True,False,False,False,False,,,,,,,,,,6.0,3.0,20.0,0.25
imu,6302640426,,,629850,1,,,,,,,,,,,,,,,,,,,,,-0.1727294921875,-0.0838623046875,0.9019775390625,-0.5954198473282443,0.0,-0.07633587786259542,,,,6.0,3.0,20.0,0.25
emg,6302804737,5417604,1,,,12547,1.568375,-0.08058837317539402,393.8893737792969,0.04923617172241211,0.046243793487548826,0.03067595672607422,0.038548782348632814,0.025776268005371094,ACTIVE,0,0,0,0,True,True,False,False,False,False,,,,,,,,,,6.0,3.0,20.0,0.25
emg,6302909966,5417694,1,,,12925,1.615625,-0.03003445874760957,264.8052978515625,0.03310066223144531,0.046243793487548826,0.03067595672607422,0.038548782348632814,0.025776268005371094,ACTIVE,0,0,0,0,True,True,False,False,False,False,,,,,,,,,,6.0,3.0,20.0,0.25
emg,6303002490,5417774,1,,,13105,1.638125,-0.005237756970227103,248.0720672607422,0.031009008407592773,0.046243793487548826,0.03067595672607422,0.038548782348632814,0.025776268005371094,ACTIVE,0,0,0,0,True,True,False,False,False,False,,,,,,,,,,6.0,3.0,20.0,0.25
imu,6303120482,,,629898,1,,,,,,,,,,,,,,,,,,,,,-0.1751708984375,-0.077392578125,0.9093017578125,-0.030534351145038167,0.1297709923664122,0.08396946564885496,,,,6.0,3.0,20.0,0.25
imu,6303160505,,,629902,1,,,,,,,,,,,,,,,,,,,,,-0.1737060546875,-0.07421875,0.9049072265625,-0.12213740458015267,0.06870229007633588,0.05343511450381679,,,,6.0,3.0,20.0,0.25
emg,6303316461,5418044,1,,,13108,1.6385,-0.0004042414885165879,119.20072174072266,0.014900090217590332,0.046243793487548826,0.03067595672607422,0.038548782348632814,0.025776268005371094,REFRACTORY,0,0,0,0,False,False,False,False,False,False,,,,,,,,,,6.0,3.0,20.0,0.25
emg,6303421191,5418134,1,,,13118,1.63975,0.0011041116303396326,77.97893524169922,0.009747366905212402,0.046243793487548826,0.03067595672607422,0.038548782348632814,0.025776268005371094,REFRACTORY,0,0,0,0,False,False,False,False,False,False,,,,,,,,,,6.0,3.0,20.0,0.25
emg,6303525801,5418224,1,,,13141,1.642625,0.004735772575482855,117.35406494140625,0.014669258117675782,0.04631197738647461,0.030785892486572267,0.038548782348632814,0.025776268005371094,REST,0,0,0,0,False,False,False,False,False,False,,,,,,,,,,6.0,3.0,20.0,0.25
emg,6303630465,5418314,1,,,13049,1.631125,-0.006886598663503829,144.8834991455078,0.01811043739318848,0.04631197738647461,0.030785892486572267,0.038548782348632814,0.025776268005371094,REST,0,0,0,0,False,False,False,False,False,False,,,,,,,,,,6.0,3.0,20.0,0.25
emg,6303735144,5418404,1,,,13064,1.633,-0.00598947268400285,140.8371124267578,0.017604639053344726,0.04631197738647461,0.030785892486572267,0.038548782348632814,0.025776268005371094,REST,0,0,0,0,False,False,False,False,False,False,,,,,,,,,,6.0,3.0,20.0,0.25
emg,6303843304,5418496,1,,,13152,1.6440000000000001,0.0042842232317577,122.3940658569336,0.015299258232116699,0.04631197738647461,0.030785892486572267,0.038548782348632814,0.025776268005371094,REST,0,0,0,0,False,False,False,False,False,False,,,,,,,,,,6.0,3.0,20.0,0.25
emg,6303949122,5418587,1,,,13343,1.667875,0.027208053044897484,170.52391052246094,0.021315488815307617,0.04631197738647461,0.030785892486572267,0.038548782348632814,0.025776268005371094,REST,0,0,0,0,False,False,False,False,False,False,,,,,,,,,,6.0,3.0,20.0,0.25
emg,6304052634,5418677,1,,,13323,1.665375,0.023417785392092494,168.60604858398438,0.021075756072998046,0.04631197738647461,0.030785892486572267,0.038548782348632814,0.025776268005371094,REST,0,0,0,0,False,False,False,False,False,False,,,,,,,,,,6.0,3.0,20.0,0.25
emg,6304159027,5418768,1,,,13408,1.676,0.03260997721747749,186.17526245117188,0.023271907806396486,0.04631197738647461,0.030785892486572267,0.038548782348632814,0.025776268005371094,REST,0,0,0,0,False,False,False,False,False,False,,,,,,,,,,6.0,3.0,20.0,0.25
emg,6304263137,5418858,1,,,13089,1.636125,-0.00851356244216861,132.3379669189453,0.016542245864868164,0.04631197738647461,0.030785892486572267,0.038548782348632814,0.025776268005371094,REST,0,0,0,0,False,False,False,False,False,False,,,,,,,,,,6.0,3.0,20.0,0.25
emg,6304367807,5418948,1,,,13250,1.65625,0.010747817986298758,112.97303771972656,0.014121629714965821,0.04631197738647461,0.030785892486572267,0.038548782348632814,0.025776268005371094,REST,0,0,0,0,False,False,False,False,False,False,,,,,,,,,,6.0,3.0,20.0,0.25
emg,6304472472,5419038,1,,,13569,1.696125,0.04948056315260274,167.17440795898438,0.02089680099487305,0.04631197738647461,0.030785892486572267,0.038548782348632814,0.025776268005371094,REST,0,0,0,0,False,False,False,False,False,False,,,,,,,,,,6.0,3.0,20.0,0.25
emg,6304577153,5419128,1,,,13379,1.672375,0.024681049480291817,176.60694885253906,0.02207586860656738,0.04623780059814453,0.03083268928527832,0.038548782348632814,0.025776268005371094,REST,0,0,0,0,False,False,False,False,False,False,,,,,,,,,,6.0,3.0,20.0,0.25
emg,6304681880,5419218,1,,,13136,1.6420000000000001,-0.006055359022328899,115.59447479248047,0.014449309349060059,0.04623780059814453,0.03083268928527832,0.038548782348632814,0.025776268005371094,REST,0,0,0,0,False,False,False,False,False,False,,,,,,,,,,6.0,3.0,20.0,0.25
emg,6304786480,5419308,1,,,13286,1.66075,0.01228094781818978,105.39286804199219,0.013174108505249024,0.04623780059814453,0.03083268928527832,0.038548782348632814,0.025776268005371094,REST,0,0,0,0,False,False,False,False,False,False,,,,,,,,,,6.0,3.0,20.0,0.25
emg,6304891155,5419398,1,,,12955,1.619375,-0.029081859250623676,143.62286376953125,0.017952857971191408,0.04623780059814453,0.03083268928527832,0.038548782348632814,0.025776268005371094,REST,0,0,0,0,False,False,False,False,False,False,,,,,,,,,,6.0,3.0,20.0,0.25
emg,6304995830,5419488,1,,,13044,1.6305,-0.01814691018552983,104.25941467285156,0.013032426834106445,0.04623780059814453,0.03083268928527832,0.038548782348632814,0.025776268005371094,REST,0,0,0,0,False,False,False,False,False,False,,,,,,,,,,6.0,3.0,20.0,0.25
emg,6305101061,5419578,1,,,13038,1.62975,-0.019058196176078734,153.40396118164062,0.019175495147705078,0.04623780059814453,0.03083268928527832,0.038548782348632814,0.025776268005371094,REST,0,0,0,0,False,False,False,False,False,False,,,,,,,,,,6.0,3.0,20.0,0.25
imu,6305200426,,,630106,1,,,,,,,,,,,,,,,,,,,,,-0.177001953125,-0.0753173828125,0.912841796875,-0.015267175572519083,0.030534351145038167,0.04580152671755725,,,,6.0,3.0,20.0,0.25
imu,6305240426,,,630110,1,,,,,,,,,,,,,,,,,,,,,-0.1751708984375,-0.0753173828125,0.908203125,-0.05343511450381679,0.07633587786259542,0.12213740458015267,,,,6.0,3.0,20.0,0.25
emg,6305414504,5419848,1,,,13270,1.65875,0.010145606844783384,164.88670349121094,0.020610837936401366,0.04623780059814453,0.03083268928527832,0.038548782348632814,0.025776268005371094,REST,0,0,0,0,False,False,False,False,False,False,,,,,,,,,,6.0,3.0,20.0,0.25
emg,6305508282,5419928,1,,,13246,1.65575,0.006987615645736467,110.40863037109375,0.013801078796386718,0.04623780059814453,0.03083268928527832,0.038548782348632814,0.025776268005371094,REST,0,0,0,0,False,False,False,False,False,False,,,,,,,,,,6.0,3.0,20.0,0.25
emg,6305612254,5420018,1,,,13171,1.6463750000000001,-0.0024843147303690305,115.34192657470703,0.014417740821838379,0.0459452018737793,0.030746259689331056,0.038548782348632814,0.025776268005371094,REST,0,0,0,0,False,False,False,False,False,False,,,,,,,,,,6.0,3.0,20.0,0.25
imu,6305720429,,,630158,1,,,,,,,,,,,,,,,,,,,,,-0.1749267578125,-0.0751953125,0.9066162109375,-0.06870229007633588,0.08396946564885496,0.03816793893129771,,,,6.0,3.0,20.0,0.25
imu,6305760426,,,630162,1,,,,,,,,,,,,,,,,,,,,,-0.171875,-0.073486328125,0.91015625,-0.08396946564885496,0.061068702290076333,0.061068702290076333,,,,6.0,3.0,20.0,0.25
emg,6305926237,5420288,1,,,13027,1.6283750000000001,-0.020425173972755672,105.17967987060547,0.013147459983825684,0.0459452018737793,0.030746259689331056,0.038548782348632814,0.025776268005371094,REST,0,0,0,0,False,False,False,False,False,False,,,,,,,,,,6.0,3.0,20.0,0.25
emg,6306031177,5420378,1,,,13139,1.6423750000000001,-0.0065318626569110805,82.64542388916016,0.01033067798614502,0.0459452018737793,0.030746259689331056,0.038548782348632814,0.025776268005371094,REST,0,0,0,0,False,False,False,False,False,False,,,,,,,,,,6.0,3.0,20.0,0.25
emg,6306135573,5420468,1,,,13175,1.646875,-0.002244159139564994,118.36485290527344,0.01479560661315918,0.0459452018737793,0.030746259689331056,0.038548782348632814,0.025776268005371094,REST,0,0,0,0,False,False,False,False,False,False,,,,,,,,,,6.0,3.0,20.0,0.25
emg,6306240239,5420558,1,,,13049,1.631125,-0.01764310016083459,178.2168731689453,0.022277109146118166,0.0459452018737793,0.030746259689331056,0.038548782348632814,0.025776268005371094,REST,0,0,0,0,False,False,False,False,False,False,,,,,,,,,,6.0,3.0,20.0,0.25
emg,6306348030,5420649,1,,,13062,1.63275,-0.01582077704264906,106.38336181640625,0.013297920227050782,0.0459452018737793,0.030746259689331056,0.038548782348632814,0.025776268005371094,REST,0,0,0,0,False,False,False,False,False,False,,,,,,,,,,6.0,3.0,20.0,0.25
emg,6306450759,5420739,1,,,13272,1.659,0.010672807111776983,92.5223388671875,0.011565292358398437,0.0459452018737793,0.030746259689331056,0.038548782348632814,0.025776268005371094,REST,0,0,0,0,False,False,False,False,False,False,,,,,,,,,,6.0,3.0,20.0,0.25
emg,6306556571,5420830,1,,,13117,1.639625,-0.008359058157845212,126.37452697753906,0.015796815872192383,0.045551589965820316,0.03057990074157715,0.038548782348632814,0.025776268005371094,REST,0,0,0,0,False,False,False,False,False,False,,,,,,,,,,6.0,3.0,20.0,0.25
emg,6306661240,5420920,1,,,13010,1.62625,-0.02161662394656627,93.09725952148438,0.011637157440185546,0.045551589965820316,0.03057990074157715,0.038548782348632814,0.025776268005371094,REST,0,0,0,0,False,False,False,False,False,False,,,,,,,,,,6.0,3.0,20.0,0.25
emg,6306765913,5421010,1,,,12991,1.623875,-0.023894840938523565,142.90228271484375,0.01786278533935547,0.045551589965820316,0.03057990074157715,0.038548782348632814,0.025776268005371094,REST,0,0,0,0,False,False,False,False,False,False,,,,,,,,,,6.0,3.0,20.0,0.25
emg,6306870589,5421100,1,,,13200,1.6500000000000001,0.002116493982730727,67.7589111328125,0.008469863891601563,0.045551589965820316,0.03057990074157715,0.038548782348632814,0.025776268005371094,REST,0,0,0,0,False,False,False,False,False,False,,,,,,,,,,6.0,3.0,20.0,0.25
emg,6306975252,5421190,1,,,13360,1.67,0.02206343230925656,131.61024475097656,0.01645128059387207,0.045551589965820316,0.03057990074157715,0.038548782348632814,0.025776268005371094,REST,0,0,0,0,False,False,False,False,False,False,,,,,,,,,,6.0,3.0,20.0,0.25
emg,6307079923,5421280,1,,,13357,1.6696250000000001,0.02124067317236844,146.38653564453125,0.018298316955566406,0.045551589965820316,0.03057990074157715,0.038548782348632814,0.025776268005371094,REST,0,0,0,0,False,False,False,False,False,False,,,,,,,,,,6.0,3.0,20.0,0.25
emg,6307184593,5421370,1,,,13164,1.6455,-0.0032751489536222422,68.89997100830078,0.008612496376037598,0.045551589965820316,0.03057990074157715,0.038548782348632814,0.025776268005371094,REST,0,0,0,0,False,False,False,False,False,False,,,,,,,,,,6.0,3.0,20.0,0.25
emg,6307289266,5421460,1,,,13202,1.65025,0.0013752136631450806,99.30602264404297,0.01241325283050537,0.045551589965820316,0.03057990074157715,0.038548782348632814,0.025776268005371094,REST,0,0,0,0,False,False,False,False,False,False,,,,,,,,,,6.0,3.0,20.0,0.25
emg,6307393935,5421550,1,,,13239,1.654875,0.005742263615937437,112.2064208984375,0.014025802612304688,0.045551589965820316,0.03057990074157715,0.038548782348632814,0.025776268005371094,REST,0,0,0,0,False,False,False,False,False,False,,,,,,,,,,6.0,3.0,20.0,0.25
emg,6307498603,5421640,1,,,13232,1.6540000000000001,0.004732124344422273,121.62837219238281,0.015203546524047852,0.045551589965820316,0.03057990074157715,0.038548782348632814,0.025776268005371094,REST,0,0,0,0,False,False,False,False,False,False,,,,,,,,,,6.0,3.0,20.0,0.25
emg,6307603273,5421730,1,,,13110,1.63875,-0.01059360277941801,108.33106231689453,0.013541382789611816,0.0449839973449707,0.03031413269042969,0.038548782348632814,0.025776268005371094,REST,0,0,0,0,False,False,False,False,False,False,,,,,,,,,,6.0,3.0,20.0,0.25
emg,6307707938,5421820,1,,,13036,1.6295,-0.01948763540206988,157.15565490722656,0.019644456863403322,0.0449839973449707,0.03031413269042969,0.038548782348632814,0.025776268005371094,REST,0,0,0,0,False,False,False,False,False,False,,,,,,,,,,6.0,3.0,20.0,0.25
imu,6307800426,,,630366,1,,,,,,,,,,,,,,,,,,,,,-0.1754150390625,-0.07470703125,0.906494140625,-0.007633587786259542,0.007633587786259542,0.022900763358778626,,,,6.0,3.0,20.0,0.25
imu,6307840429,,,630370,1,,,,,,,,,,,,,,,,,,,,,-0.17431640625,-0.0750732421875,0.9122314453125,-0.05343511450381679,0.07633587786259542,0.030534351145038167,,,,6.0,3.0,20.0,0.25
emg,6308024272,5422092,1,,,12903,1.612875,-0.03558382347343314,176.39064025878906,0.022048830032348633,0.0449839973449707,0.03031413269042969,0.038548782348632814,0.025776268005371094,REST,0,0,0,0,False,False,False,False,False,False,,,,,,,,,,6.0,3.0,20.0,0.25
emg,6308118274,5422172,1,,,13258,1.6572500000000001,0.009036361110713154,123.65603637695312,0.015457004547119142,0.0449839973449707,0.03031413269042969,0.038548782348632814,0.025776268005371094,REST,0,0,0,0,False,False,False,False,False,False,,,,,,,,,,6.0,3.0,20.0,0.25
emg,6308222009,5422262,1,,,13061,1.632625,-0.01544445492964619,133.57395935058594,0.016696744918823243,0.0449839973449707,0.03031413269042969,0.038548782348632814,0.025776268005371094,REST,0,0,0,0,False,False,False,False,False,False,,,,,,,,,,6.0,3.0,20.0,0.25
imu,6308320431,,,630418,1,,,,,,,,,,,,,,,,,,,,,-0.1761474609375,-0.072021484375,0.9088134765625,-0.06870229007633588,0.03816793893129771,0.07633587786259542,,,,6.0,3.0,20.0,0.25
emg,6308431329,5422442,1,,,13336,1.667,0.01893903244180173,138.7578125,0.0173447265625,0.0449839973449707,0.03031413269042969,0.038548782348632814,0.025776268005371094,REST,0,0,0,0,False,False,False,False,False,False,,,,,,,,,,6.0,3.0,20.0,0.25
emg,6308536005,5422532,1,,,13299,1.662375,0.014250759543515734,152.4221954345703,0.01905277442932129,0.0449839973449707,0.03031413269042969,0.038548782348632814,0.025776268005371094,REST,0,0,0,0,False,False,False,False,False,False,,,,,,,,,,6.0,3.0,20.0,0.25
emg,6308641239,5422622,1,,,13087,1.635875,-0.012617305836480464,116.11797332763672,0.01451474666595459,0.044482212066650394,0.030070089340209962,0.038548782348632814,0.025776268005371094,REST,0,0,0,0,False,False,False,False,False,False,,,,,,,,,,6.0,3.0,20.0,0.25
emg,6308745347,5422712,1,,,13098,1.63725,-0.011501183091716216,133.5022735595703,0.01668778419494629,0.044482212066650394,0.030070089340209962,0.038548782348632814,0.025776268005371094,REST,0,0,0,0,False,False,False,False,False,False,,,,,,,,,,6.0,3.0,20.0,0.25
emg,6308850011,5422802,1,,,13032,1.629,-0.020080060764257945,254.2987823486328,0.0317873477935791,0.044482212066650394,0.030070089340209962,0.038548782348632814,0.025776268005371094,REST,0,0,0,0,False,False,False,False,False,False,,,,,,,,,,6.0,3.0,20.0,0.25
emg,6308954676,5422892,1,,,13280,1.6600000000000001,0.011155151083992454,80.0896224975586,0.010011202812194824,0.044482212066650394,0.030070089340209962,0.038548782348632814,0.025776268005371094,REST,0,0,0,0,False,False,False,False,False,False,,,,,,,,,,6.0,3.0,20.0,0.25
emg,6309059929,5422982,1,,,13164,1.6455,-0.0035865182188674627,119.57577514648438,0.014946971893310547,0.044482212066650394,0.030070089340209962,0.038548782348632814,0.025776268005371094,REST,0,0,0,0,False,False,False,False,False,False,,,,,,,,,,6.0,3.0,20.0,0.25
emg,6309165190,5423073,1,,,13161,1.645125,-0.004238618894625512,134.23294067382812,0.016779117584228516,0.044482212066650394,0.030070089340209962,0.038548782348632814,0.025776268005371094,REST,0,0,0,0,False,False,False,False,False,False,,,,,,,,,,6.0,3.0,20.0,0.25
emg,6309272175,5423164,1,,,13223,1.652875,0.003057594833593358,65.38980102539062,0.008173725128173829,0.044482212066650394,0.030070089340209962,0.038548782348632814,0.025776268005371094,REST,0,0,0,0,False,False,False,False,False,False,,,,,,,,,,6.0,3.0,20.0,0.25
emg,6309375685,5423254,1,,,13270,1.65875,0.00885047721769383,69.28693389892578,0.008660866737365722,0.044482212066650394,0.030070089340209962,0.038548782348632814,0.025776268005371094,REST,0,0,0,0,False,False,False,False,False,False,,,,,,,,,,6.0,3.0,20.0,0.25
emg,6309480379,5423344,1,,,13337,1.667125,0.016489527275125093,228.14205932617188,0.028517757415771484,0.044482212066650394,0.030070089340209962,0.038548782348632814,0.025776268005371094,REST,0,0,0,0,False,False,False,False,False,False,,,,,,,,,,6.0,3.0,20.0,0.25
emg,6309585022,5423434,1,,,12683,1.585375,-0.06697220504598334,426.6436462402344,0.0533304557800293,0.044482212066650394,0.030070089340209962,0.038548782348632814,0.025776268005371094,ACTIVE,0,0,0,0,True,True,False,False,False,False,,,,,,,,,,6.0,3.0,20.0,0.25
emg,6309689695,5423524,1,,,12143,1.517875,-0.1790392753579073,5138.52099609375,0.6423151245117188,0.044482212066650394,0.030070089340209962,0.038548782348632814,0.025776268005371094,ACTIVE,0,0,0,0,True,True,False,False,False,False,,,,,,,,,,6.0,3.0,20.0,0.25
emg,6309794365,5423614,1,,,12132,1.5165,-0.15882929563603598,1646.5732421875,0.20582165527343751,0.044482212066650394,0.030070089340209962,0.038548782348632814,0.025776268005371094,ACTIVE,0,0,0,0,True,True,False,False,False,False,,,,,,,,,,6.0,3.0,20.0,0.25
emg,6309899042,5423704,1,,,12171,1.521375,-0.13674468587389854,1084.328857421875,0.13554110717773438,0.044482212066650394,0.030070089340209962,0.038548782348632814,0.025776268005371094,ACTIVE,0,0,0,0,True,True,False,False,False,False,,,,,,,,,,6.0,3.0,20.0,0.25
emg,6310003712,5423794,1,,,12635,1.579375,-0.06903747278688055,583.5127563476562,0.07293909454345704,0.044482212066650394,0.030070089340209962,0.038548782348632814,0.025776268005371094,ACTIVE,0,0,0,0,True,True,False,False,False,False,,,,,,,,,,6.0,3.0,20.0,0.25
emg,6310108375,5423884,1,,,12792,1.599,-0.04424833781399884,428.36785888671875,0.05354598236083984,0.044482212066650394,0.030070089340209962,0.038548782348632814,0.025776268005371094,ACTIVE,0,0,0,0,True,True,False,False,False,False,,,,,,,,,,6.0,3.0,20.0,0.25
emg,6310213047,5423974,1,,,12985,1.623125,-0.01775135985006715,262.4153137207031,0.03280191421508789,0.044482212066650394,0.030070089340209962,0.038548782348632814,0.025776268005371094,ACTIVE,0,0,0,0,True,True,False,False,False,False,,,,,,,,,,6.0,3.0,20.0,0.25
emg,6310307254,5424055,1,,,12882,1.61025,-0.02907100828554987,207.4756317138672,0.025934453964233398,0.044482212066650394,0.030070089340209962,0.038548782348632814,0.025776268005371094,ACTIVE,0,0,0,0,True,True,False,False,False,False,,,,,,,,,,6.0,3.0,20.0,0.25
imu,6310400429,,,630626,1,,,,,,,,,,,,,,,,,,,,,-0.1759033203125,-0.07666015625,0.913330078125,-0.04580152671755725,0.0916030534351145,0.030534351145038167,,,,6.0,3.0,20.0,0.25
imu,6310440429,,,630630,1,,,,,,,,,,,,,,,,,,,,,-0.1768798828125,-0.0732421875,0.9124755859375,-0.0916030534351145,0.015267175572519083,0.05343511450381679,,,,6.0,3.0,20.0,0.25
emg,6310622421,5424326,1,,,13124,1.6405,0.001217113715848983,122.27526092529297,0.015284407615661622,0.044482212066650394,0.030070089340209962,0.038548782348632814,0.025776268005371094,REFRACTORY,0,0,0,0,True,False,False,False,False,False,,,,,,,,,,6.0,3.0,20.0,0.25
emg,6310727097,5424416,1,,,13139,1.6423750000000001,0.0022990920194683184,144.43075561523438,0.018053844451904298,0.044482212066650394,0.030070089340209962,0.038548782348632814,0.025776268005371094,REST,0,0,0,0,False,False,False,False,False,False,,,,,,,,,,6.0,3.0,20.0,0.25
emg,6310831863,5424506,1,,,13295,1.661875,0.02113424145274534,194.82481384277344,0.02435310173034668,0.044024356842041014,0.029844200134277344,0.038548782348632814,0.025776268005371094,REST,0,0,0,0,False,False,False,False,False,False,,,,,,,,,,6.0,3.0,20.0,0.25
emg,6310936433,5424596,1,,,13154,1.64425,0.0024834072867081503,279.6118469238281,0.034951480865478515,0.044024356842041014,0.029844200134277344,0.038548782348632814,0.025776268005371094,REST,0,0,0,0,False,False,False,False,False,False,,,,,,,,,,6.0,3.0,20.0,0.25
emg,6311041101,5424686,1,,,13114,1.63925,-0.0038766272184074246,164.85733032226562,0.020607166290283203,0.044024356842041014,0.029844200134277344,0.038548782348632814,0.025776268005371094,REST,0,0,0,0,False,False,False,False,False,False,,,,,,,,,,6.0,3.0,20.0,0.25
emg,6311145777,5424776,1,,,13372,1.6715,0.027848486930620364,130.0515899658203,0.01625644874572754,0.044024356842041014,0.029844200134277344,0.038548782348632814,0.025776268005371094,REST,0,0,0,0,False,False,False,False,False,False,,,,,,,,,,6.0,3.0,20.0,0.25
emg,6311251001,5424866,1,,,13278,1.65975,0.016146686791038922,124.02513885498047,0.015503142356872559,0.044024356842041014,0.029844200134277344,0.038548782348632814,0.025776268005371094,REST,0,0,0,0,False,False,False,False,False,False,,,,,,,,,,6.0,3.0,20.0,0.25
emg,6311355118,5424956,1,,,13262,1.65775,0.013824105856565572,148.11337280273438,0.018514171600341797,0.044024356842041014,0.029844200134277344,0.038548782348632814,0.025776268005371094,REST,0,0,0,0,False,False,False,False,False,False,,,,,,,,,,6.0,3.0,20.0,0.25
emg,6311459781,5425046,1,,,13253,1.656625,0.01239061883283088,150.046875,0.018755859375,0.044024356842041014,0.029844200134277344,0.038548782348632814,0.025776268005371094,REST,0,0,0,0,False,False,False,False,False,False,,,,,,,,,,6.0,3.0,20.0,0.25
emg,6311565620,5425137,1,,,13225,1.653125,0.00813791414792453,184.65736389160156,0.023082170486450195,0.044024356842041014,0.029844200134277344,0.038548782348632814,0.025776268005371094,REST,0,0,0,0,False,False,False,False,False,False,,,,,,,,,,6.0,3.0,20.0,0.25
emg,6311672616,5425228,1,,,13144,1.643,-0.002320092600004431,102.36355590820312,0.012795444488525392,0.044024356842041014,0.029844200134277344,0.038548782348632814,0.025776268005371094,REST,0,0,0,0,False,False,False,False,False,False,,,,,,,,,,6.0,3.0,20.0,0.25
emg,6311776114,5425318,1,,,13234,1.65425,0.008772165855025715,124.14424896240234,0.015518031120300294,0.043615413665771485,0.029644025802612304,0.038548782348632814,0.025776268005371094,REST,0,0,0,0,False,False,False,False,False,False,,,,,,,,,,6.0,3.0,20.0,0.25
emg,6311881950,5425409,1,,,13128,1.641,-0.004475945244536206,161.7736358642578,0.020221704483032225,0.043615413665771485,0.029644025802612304,0.038548782348632814,0.025776268005371094,REST,0,0,0,0,False,False,False,False,False,False,,,,,,,,,,6.0,3.0,20.0,0.25
emg,6311986617,5425499,1,,,13195,1.649375,0.004073283773026404,121.8504638671875,0.015231307983398439,0.043615413665771485,0.029644025802612304,0.038548782348632814,0.025776268005371094,REST,0,0,0,0,False,False,False,False,False,False,,,,,,,,,,6.0,3.0,20.0,0.25
emg,6312091296,5425589,1,,,13388,1.6735,0.027952048541131536,123.31708526611328,0.01541463565826416,0.043615413665771485,0.029644025802612304,0.038548782348632814,0.025776268005371094,REST,0,0,0,0,False,False,False,False,False,False,,,,,,,,,,6.0,3.0,20.0,0.25
emg,6312195960,5425679,1,,,13308,1.6635,0.017432455774559763,124.93572235107422,0.015616965293884278,0.043615413665771485,0.029644025802612304,0.038548782348632814,0.025776268005371094,REST,0,0,0,0,False,False,False,False,False,False,,,,,,,,,,6.0,3.0,20.0,0.25
emg,6312300630,5425769,1,,,13147,1.643375,-0.0031368171736614325,88.99392700195312,0.011124240875244142,0.043615413665771485,0.029644025802612304,0.038548782348632814,0.025776268005371094,REST,0,0,0,0,False,False,False,False,False,False,,,,,,,,,,6.0,3.0,20.0,0.25
emg,6312405300,5425859,1,,,12993,1.624125,-0.022281670322923608,177.0267791748047,0.022128347396850587,0.043615413665771485,0.029644025802612304,0.038548782348632814,0.025776268005371094,REST,0,0,0,0,False,False,False,False,False,False,,,,,,,,,,6.0,3.0,20.0,0.25
imu,6312480426,,,630834,1,,,,,,,,,,,,,,,,,,,,,-0.17236328125,-0.074951171875,0.9127197265625,-0.061068702290076333,0.08396946564885496,0.04580152671755725,,,,6.0,3.0,20.0,0.25
emg,6312614637,5426039,1,,,13418,1.6772500000000001,0.030807717876176755,134.13723754882812,0.016767154693603514,0.043615413665771485,0.029644025802612304,0.038548782348632814,0.025776268005371094,REST,0,0,0,0,False,False,False,False,False,False,,,,,,,,,,6.0,3.0,20.0,0.25
emg,6312719310,5426129,1,,,13132,1.6415,-0.005409342405619855,117.61941528320312,0.014702426910400392,0.043615413665771485,0.029644025802612304,0.038548782348632814,0.025776268005371094,REST,0,0,0,0,False,False,False,False,False,False,,,,,,,,,,6.0,3.0,20.0,0.25
emg,6312813510,5426210,1,,,13349,1.668625,0.021930853911565906,119.5527114868164,0.014944088935852052,0.04328733444213867,0.02947604179382324,0.038548782348632814,0.025776268005371094,REST,0,0,0,0,False,False,False,False,False,False,,,,,,,,,,6.0,3.0,20.0,0.25
emg,6312919545,5426300,1,,,13146,1.64325,-0.0035557073702416897,135.22877502441406,0.01690359687805176,0.04328733444213867,0.02947604179382324,0.038548782348632814,0.025776268005371094,REST,0,0,0,0,False,False,False,False,False,False,,,,,,,,,,6.0,3.0,20.0,0.25
imu,6313000466,,,630886,1,,,,,,,,,,,,,,,,,,,,,-0.1761474609375,-0.0748291015625,0.908935546875,-0.022900763358778626,0.030534351145038167,0.04580152671755725,,,,6.0,3.0,20.0,0.25
emg,6313128686,5426481,1,,,13183,1.647875,0.0014813669905617832,101.82390594482422,0.012727988243103028,0.04328733444213867,0.02947604179382324,0.038548782348632814,0.025776268005371094,REST,0,0,0,0,False,False,False,False,False,False,,,,,,,,,,6.0,3.0,20.0,0.25
emg,6313233362,5426571,1,,,12997,1.624625,-0.02170702265869906,94.71650695800781,0.011839563369750977,0.04328733444213867,0.02947604179382324,0.038548782348632814,0.025776268005371094,REST,0,0,0,0,False,False,False,False,False,False,,,,,,,,,,6.0,3.0,20.0,0.25
emg,6313338586,5426661,1,,,13147,1.643375,-0.0026855856073284556,111.31500244140625,0.013914375305175782,0.04328733444213867,0.02947604179382324,0.038548782348632814,0.025776268005371094,REST,0,0,0,0,False,False,False,False,False,False,,,,,,,,,,6.0,3.0,20.0,0.25
emg,6313442704,5426751,1,,,13115,1.639375,-0.006588033830390305,134.8278045654297,0.016853475570678712,0.04328733444213867,0.02947604179382324,0.038548782348632814,0.025776268005371094,REST,0,0,0,0,False,False,False,False,False,False,,,,,,,,,,6.0,3.0,20.0,0.25
emg,6313547366,5426841,1,,,13118,1.63975,-0.0063133970530813155,73.91703796386719,0.009239629745483398,0.04328733444213867,0.02947604179382324,0.038548782348632814,0.025776268005371094,REST,0,0,0,0,False,False,False,False,False,False,,,,,,,,,,6.0,3.0,20.0,0.25
emg,6313652031,5426931,1,,,13427,1.678375,0.031344026222150934,189.6090545654297,0.023701131820678713,0.04328733444213867,0.02947604179382324,0.038548782348632814,0.025776268005371094,REST,0,0,0,0,False,False,False,False,False,False,,,,,,,,,,6.0,3.0,20.0,0.25
emg,6313757571,5427021,1,,,13315,1.664375,0.016646063846455394,164.15023803710938,0.020518779754638672,0.04328733444213867,0.02947604179382324,0.038548782348632814,0.025776268005371094,REST,0,0,0,0,False,False,False,False,False,False,,,,,,,,,,6.0,3.0,20.0,0.25
emg,6313861395,5427111,1,,,13260,1.6575,0.00936776467122269,128.49868774414062,0.01606233596801758,0.04297956466674805,0.02931235694885254,0.038548782348632814,0.025776268005371094,REST,0,0,0,0,False,False,False,False,False,False,,,,,,,,,,6.0,3.0,20.0,0.25
emg,6313966052,5427201,1,,,12987,1.623375,-0.02471625320682258,134.03802490234375,0.01675475311279297,0.04297956466674805,0.02931235694885254,0.038548782348632814,0.025776268005371094,REST,0,0,0,0,False,False,False,False,False,False,,,,,,,,,,6.0,3.0,20.0,0.25
emg,6314070713,5427291,1,,,13349,1.668625,0.02026521798982439,108.04779052734375,0.01350597381591797,0.04297956466674805,0.02931235694885254,0.038548782348632814,0.025776268005371094,REST,0,0,0,0,False,False,False,False,False,False,,,,,,,,,,6.0,3.0,20.0,0.25
emg,6314175392,5427381,1,,,13303,1.662875,0.013886514307883457,119.46055603027344,0.01493256950378418,0.04297956466674805,0.02931235694885254,0.038548782348632814,0.025776268005371094,REST,0,0,0,0,False,False,False,False,False,False,,,,,,,,,,6.0,3.0,20.0,0.25
emg,6314280594,5427471,1,,,13199,1.649875,0.0007717234971711395,113.1444091796875,0.014143051147460938,0.04297956466674805,0.02931235694885254,0.038548782348632814,0.025776268005371094,REST,0,0,0,0,False,False,False,False,False,False,,,,,,,,,,6.0,3.0,20.0,0.25
emg,6314385891,5427562,1,,,13116,1.6395,-0.009322254315568212,105.19053649902344,0.01314881706237793,0.04297956466674805,0.02931235694885254,0.038548782348632814,0.025776268005371094,REST,0,0,0,0,False,False,False,False,False,False,,,,,,,,,,6.0,3.0,20.0,0.25
emg,6314490556,5427652,1,,,13206,1.65075,0.0019673031179701095,101.56763458251953,0.012695954322814942,0.04297956466674805,0.02931235694885254,0.038548782348632814,0.025776268005371094,REST,0,0,0,0,False,False,False,False,False,False,,,,,,,,,,6.0,3.0,20.0,0.25
emg,6314595229,5427742,1,,,13304,1.663,0.014234499400481049,132.45660400390625,0.01655707550048828,0.04297956466674805,0.02931235694885254,0.038548782348632814,0.025776268005371094,REST,0,0,0,0,False,False,False,False,False,False,,,,,,,,,,6.0,3.0,20.0,0.25
emg,6314699917,5427832,1,,,13243,1.655375,0.00667340104496561,137.84872436523438,0.017231090545654297,0.04297956466674805,0.02931235694885254,0.038548782348632814,0.025776268005371094,REST,0,0,0,0,False,False,False,False,False,False,,,,,,,,,,6.0,3.0,20.0,0.25
emg,6314804570,5427922,1,,,13081,1.635125,-0.013708289094142678,73.77958679199219,0.009222448348999024,0.04265322494506836,0.029143491744995118,0.038548782348632814,0.025776268005371094,REST,0,0,0,0,False,False,False,False,False,False,,,,,,,,,,6.0,3.0,20.0,0.25
emg,6314909239,5428012,1,,,13225,1.653125,0.004075625014584805,78.87632751464844,0.009859540939331056,0.04265322494506836,0.029143491744995118,0.038548782348632814,0.025776268005371094,REST,0,0,0,0,False,False,False,False,False,False,,,,,,,,,,6.0,3.0,20.0,0.25
emg,6315002279,5428092,1,,,12940,1.6175,-0.03145745781585996,117.79104614257812,0.014723880767822266,0.04265322494506836,0.029143491744995118,0.038548782348632814,0.025776268005371094,REST,0,0,0,0,False,False,False,False,False,False,,,,,,,,,,6.0,3.0,20.0,0.25
imu,6315080426,,,631094,1,,,,,,,,,,,,,,,,,,,,,-0.17529296875,-0.0740966796875,0.9088134765625,-0.061068702290076333,0.022900763358778626,0.061068702290076333,,,,6.0,3.0,20.0,0.25
emg,6315223256,5428282,1,,,12933,1.616625,-0.031412567271074776,124.51873016357422,0.015564841270446777,0.04265322494506836,0.029143491744995118,0.038548782348632814,0.025776268005371094,REST,0,0,0,0,False,False,False,False,False,False,,,,,,,,,,6.0,3.0,20.0,0.25
emg,6315316299,5428362,1,,,13389,1.6736250000000001,0.025808524157186596,131.5184783935547,0.016439809799194335,0.04265322494506836,0.029143491744995118,0.038548782348632814,0.025776268005371094,REST,0,0,0,0,False,False,False,False,False,False,,,,,,,,,,6.0,3.0,20.0,0.25
emg,6315420954,5428452,1,,,13052,1.6315,-0.015936791054983024,95.31903839111328,0.011914879798889161,0.04265322494506836,0.029143491744995118,0.038548782348632814,0.025776268005371094,REST,0,0,0,0,False,False,False,False,False,False,,,,,,,,,,6.0,3.0,20.0,0.25
emg,6315525626,5428542,1,,,13163,1.645375,-0.0015444440590315356,71.89645385742188,0.008987056732177735,0.04265322494506836,0.029143491744995118,0.038548782348632814,0.025776268005371094,REST,0,0,0,0,False,False,False,False,False,False,,,,,,,,,,6.0,3.0,20.0,0.25
emg,6315631474,5428633,1,,,13272,1.659,0.01226032041766456,84.93172454833984,0.01061646556854248,0.04265322494506836,0.029143491744995118,0.038548782348632814,0.025776268005371094,REST,0,0,0,0,False,False,False,False,False,False,,,,,,,,,,6.0,3.0,20.0,0.25
emg,6315738453,5428724,1,,,13374,1.67175,0.024605538374016467,154.32522583007812,0.019290653228759766,0.04265322494506836,0.029143491744995118,0.038548782348632814,0.025776268005371094,REST,0,0,0,0,False,False,False,False,False,False,,,,,,,,,,6.0,3.0,20.0,0.25
emg,6315841962,5428814,1,,,13007,1.625875,-0.021645053366696976,124.9434585571289,0.015617932319641113,0.042253921508789066,0.028913715362548827,0.038548782348632814,0.025776268005371094,REST,0,0,0,0,False,False,False,False,False,False,,,,,,,,,,6.0,3.0,20.0,0.25
emg,6315946641,5428904,1,,,13137,1.642125,-0.005486524398568671,95.04576110839844,0.011880720138549804,0.042253921508789066,0.028913715362548827,0.038548782348632814,0.025776268005371094,REST,0,0,0,0,False,False,False,False,False,False,,,,,,,,,,6.0,3.0,20.0,0.25
emg,6316051880,5428994,1,,,13387,1.673375,0.02590133475837808,146.6907501220703,0.01833634376525879,0.042253921508789066,0.028913715362548827,0.038548782348632814,0.025776268005371094,REST,0,0,0,0,False,False,False,False,False,False,,,,,,,,,,6.0,3.0,20.0,0.25
emg,6316155975,5429084,1,,,13149,1.6436250000000001,-0.003952803560669738,176.62594604492188,0.022078243255615235,0.042253921508789066,0.028913715362548827,0.038548782348632814,0.025776268005371094,REST,0,0,0,0,False,False,False,False,False,False,,,,,,,,,,6.0,3.0,20.0,0.25
emg,6316260645,5429174,1,,,13079,1.634875,-0.012546294123103152,112.77436828613281,0.014096796035766601,0.042253921508789066,0.028913715362548827,0.038548782348632814,0.025776268005371094,REST,0,0,0,0,False,False,False,False,False,False,,,,,,,,,,6.0,3.0,20.0,0.25
emg,6316365322,5429264,1,,,13069,1.633625,-0.013668784151427138,88.97330474853516,0.011121663093566894,0.042253921508789066,0.028913715362548827,0.038548782348632814,0.025776268005371094,REST,0,0,0,0,False,False,False,False,False,False,,,,,,,,,,6.0,3.0,20.0,0.25
emg,6316470597,5429354,1,,,13312,1.6640000000000001,0.016575231221310993,116.770751953125,0.014596343994140625,0.042253921508789066,0.028913715362548827,0.038548782348632814,0.025776268005371094,REST,0,0,0,0,False,False,False,False,False,False,,,,,,,,,,6.0,3.0,20.0,0.25
emg,6316574673,5429444,1,,,13293,1.6616250000000001,0.014160624339897065,79.8290023803711,0.009978625297546386,0.042253921508789066,0.028913715362548827,0.038548782348632814,0.025776268005371094,REST,0,0,0,0,False,False,False,False,False,False,,,,,,,,,,6.0,3.0,20.0,0.25
emg,6316680486,5429534,1,,,13126,1.64075,-0.007393208068493307,136.70523071289062,0.017088153839111327,0.042253921508789066,0.028913715362548827,0.038548782348632814,0.025776268005371094,REST,0,0,0,0,False,False,False,False,False,False,,,,,,,,,,6.0,3.0,20.0,0.25
emg,6316785158,5429625,1,,,13237,1.654625,0.005864963255548528,141.8703155517578,0.017733789443969725,0.042253921508789066,0.028913715362548827,0.038548782348632814,0.025776268005371094,REST,0,0,0,0,False,False,False,False,False,False,,,,,,,,,,6.0,3.0,20.0,0.25
emg,6316891013,5429716,1,,,13287,1.660875,0.012017522479361054,49.83894348144531,0.006229867935180664,0.04188829803466797,0.028700666427612306,0.038548782348632814,0.025776268005371094,REST,0,0,0,0,False,False,False,False,False,False,,,,,,,,,,6.0,3.0,20.0,0.25
emg,6316995657,5429806,1,,,13313,1.664125,0.015225188128516587,149.6259002685547,0.018703237533569336,0.04188829803466797,0.028700666427612306,0.038548782348632814,0.025776268005371094,REST,0,0,0,0,False,False,False,False,False,False,,,,,,,,,,6.0,3.0,20.0,0.25
emg,6317100331,5429896,1,,,13161,1.645125,-0.00378274582372895,126.7453384399414,0.015843167304992675,0.04188829803466797,0.028700666427612306,0.038548782348632814,0.025776268005371094,REST,0,0,0,0,False,False,False,False,False,False,,,,,,,,,,6.0,3.0,20.0,0.25
imu,6317160426,,,631302,1,,,,,,,,,,,,,,,,,,,,,-0.1763916015625,-0.073486328125,0.9151611328125,-0.007633587786259542,0.0916030534351145,0.0916030534351145,,,,6.0,3.0,20.0,0.25
emg,6317309788,5430076,1,,,13346,1.66825,0.018991783948397956,130.33103942871094,0.016291379928588867,0.04188829803466797,0.028700666427612306,0.038548782348632814,0.025776268005371094,REST,0,0,0,0,False,False,False,False,False,False,,,,,,,,,,6.0,3.0,20.0,0.25
emg,6317414346,5430166,1,,,13239,1.654875,0.0052749804837863845,107.82173919677734,0.013477717399597168,0.04188829803466797,0.028700666427612306,0.038548782348632814,0.025776268005371094,REST,0,0,0,0,False,False,False,False,False,False,,,,,,,,,,6.0,3.0,20.0,0.25
emg,6317507387,5430246,1,,,13224,1.653,0.0032658769427642564,115.1151123046875,0.014389389038085938,0.04188829803466797,0.028700666427612306,0.038548782348632814,0.025776268005371094,REST,0,0,0,0,False,False,False,False,False,False,,,,,,,,,,6.0,3.0,20.0,0.25
emg,6317612051,5430336,1,,,13178,1.64725,-0.003078531107427951,172.7763671875,0.0215970458984375,0.04188829803466797,0.028700666427612306,0.038548782348632814,0.025776268005371094,REST,0,0,0,0,False,False,False,False,False,False,,,,,,,,,,6.0,3.0,20.0,0.25
imu,6317680431,,,631354,1,,,,,,,,,,,,,,,,,,,,,-0.177978515625,-0.0726318359375,0.908447265625,-0.11450381679389313,0.07633587786259542,0.04580152671755725,,,,6.0,3.0,20.0,0.25
emg,6317821405,5430516,1,,,12827,1.603375,-0.052553307661021176,1108.6380615234375,0.13857975769042968,0.04188829803466797,0.028700666427612306,0.038548782348632814,0.025776268005371094,CANDIDATE,0,0,0,0,False,False,False,False,False,False,,,,,,,,,,6.0,3.0,20.0,0.25
emg,6317926061,5430606,1,,,12539,1.567375,-0.08676801644011123,352.5904235839844,0.04407380294799805,0.04188829803466797,0.028700666427612306,0.038548782348632814,0.025776268005371094,ACTIVE,0,0,0,0,True,True,False,False,False,False,,,,,,,,,,6.0,3.0,20.0,0.25
emg,6318031889,5430697,1,,,12592,1.574,-0.1293263489765819,7252.12060546875,0.9065150756835938,0.04188829803466797,0.028700666427612306,0.038548782348632814,0.025776268005371094,ACTIVE,0,0,0,0,True,True,False,False,False,False,,,,,,,,,,6.0,3.0,20.0,0.25
emg,6318137733,5430788,1,,,11977,1.497125,-0.18360510121274465,1328.4189453125,0.1660523681640625,0.04188829803466797,0.028700666427612306,0.038548782348632814,0.025776268005371094,ACTIVE,0,0,0,0,True,True,False,False,False,False,,,,,,,,,,6.0,3.0,20.0,0.25
emg,6318242394,5430878,1,,,11893,1.486625,-0.17694248736899865,1171.9063720703125,0.14648829650878906,0.04188829803466797,0.028700666427612306,0.038548782348632814,0.025776268005371094,ACTIVE,0,0,0,0,True,True,False,False,False,False,,,,,,,,,,6.0,3.0,20.0,0.25
emg,6318347064,5430968,1,,,12635,1.579375,-0.07407589037187456,642.74560546875,0.08034320068359375,0.04188829803466797,0.028700666427612306,0.038548782348632814,0.025776268005371094,ACTIVE,0,0,0,0,True,True,False,False,False,False,,,,,,,,,,6.0,3.0,20.0,0.25
emg,6318451737,5431058,1,,,13002,1.62525,-0.02276428760207838,440.12176513671875,0.05501522064208984,0.04188829803466797,0.028700666427612306,0.038548782348632814,0.025776268005371094,ACTIVE,0,0,0,0,True,True,False,False,False,False,,,,,,,,,,6.0,3.0,20.0,0.25
emg,6318556410,5431148,1,,,13120,1.6400000000000001,-0.004319946007889541,291.3841857910156,0.03642302322387695,0.04188829803466797,0.028700666427612306,0.038548782348632814,0.025776268005371094,ACTIVE,0,0,0,0,True,True,False,False,False,False,,,,,,,,,,6.0,3.0,20.0,0.25
emg,6318661628,5431238,1,,,12727,1.590875,-0.05063531657405118,172.26806640625,0.02153350830078125,0.04188829803466797,0.028700666427612306,0.038548782348632814,0.025776268005371094,ACTIVE,0,0,0,0,True,True,False,False,False,False,,,,,,,,,,6.0,3.0,20.0,0.25
emg,6318765742,5431328,1,,,13052,1.6315,-0.0077767920280373826,231.12022399902344,0.02889002799987793,0.04188829803466797,0.028700666427612306,0.038548782348632814,0.025776268005371094,ACTIVE,0,0,0,0,True,True,False,False,False,False,,,,,,,,,,6.0,3.0,20.0,0.25
emg,6318870412,5431418,1,,,13159,1.644875,0.006467237897051614,144.13125610351562,0.018016407012939453,0.04188829803466797,0.028700666427612306,0.038548782348632814,0.025776268005371094,REFRACTORY,0,0,0,0,True,True,False,False,False,False,,,,,,,,,,6.0,3.0,20.0,0.25
emg,6318975080,5431508,1,,,13342,1.66775,0.029667202100099876,150.6476593017578,0.018830957412719725,0.04188829803466797,0.028700666427612306,0.038548782348632814,0.025776268005371094,REFRACTORY,0,0,0,0,False,False,False,False,False,False,,,,,,,,,,6.0,3.0,20.0,0.25
emg,6319080584,5431598,1,,,13101,1.637625,-0.0005523195530419134,139.00262451171875,0.017375328063964843,0.04188829803466797,0.028700666427612306,0.038548782348632814,0.025776268005371094,REFRACTORY,0,0,0,0,False,False,False,False,False,False,,,,,,,,,,6.0,3.0,20.0,0.25
emg,6319184447,5431688,1,,,13172,1.6465,0.007728690353093537,150.7372589111328,0.018842157363891603,0.04188829803466797,0.028700666427612306,0.038548782348632814,0.025776268005371094,REFRACTORY,0,0,0,0,False,False,False,False,False,False,,,,,,,,,,6.0,3.0,20.0,0.25
emg,6319289101,5431778,1,,,13353,1.669125,0.028853803846463855,136.4938201904297,0.01706172752380371,0.04148521423339844,0.028476598739624024,0.038548782348632814,0.025776268005371094,REST,0,0,0,0,False,False,False,False,False,False,,,,,,,,,,6.0,3.0,20.0,0.25
emg,6319396099,5431869,1,,,13105,1.638125,-0.0035275570050168348,144.5986328125,0.018074829101562502,0.04148521423339844,0.028476598739624024,0.038548782348632814,0.025776268005371094,REST,0,0,0,0,False,False,False,False,False,False,,,,,,,,,,6.0,3.0,20.0,0.25
emg,6319500158,5431959,1,,,13063,1.632875,-0.009083186595608472,100.97490692138672,0.01262186336517334,0.04148521423339844,0.028476598739624024,0.038548782348632814,0.025776268005371094,REST,0,0,0,0,False,False,False,False,False,False,,,,,,,,,,6.0,3.0,20.0,0.25
emg,6319604278,5432049,1,,,12918,1.6147500000000001,-0.02743295058834727,94.92295837402344,0.01186536979675293,0.04148521423339844,0.028476598739624024,0.038548782348632814,0.025776268005371094,REST,0,0,0,0,False,False,False,False,False,False,,,,,,,,,,6.0,3.0,20.0,0.25
imu,6319720426,,,631558,1,,,,,,,,,,,,,,,,,,,,,-0.175537109375,-0.0748291015625,0.909423828125,-0.03816793893129771,0.09923664122137404,0.04580152671755725,,,,6.0,3.0,20.0,0.25
imu,6319760426,,,631562,1,,,,,,,,,,,,,,,,,,,,,-0.1778564453125,-0.0740966796875,0.9068603515625,-0.04580152671755725,0.08396946564885496,0.03816793893129771,,,,6.0,3.0,20.0,0.25
emg,6319919199,5432319,1,,,13290,1.6612500000000001,0.016944393090760235,129.91615295410156,0.016239519119262694,0.04148521423339844,0.028476598739624024,0.038548782348632814,0.025776268005371094,REST,0,0,0,0,False,False,False,False,False,False,,,,,,,,,,6.0,3.0,20.0,0.25
emg,6320011366,5432399,1,,,13266,1.65825,0.013611842036596267,131.3743438720703,0.01642179298400879,0.04148521423339844,0.028476598739624024,0.038548782348632814,0.025776268005371094,REST,0,0,0,0,False,False,False,False,False,False,,,,,,,,,,6.0,3.0,20.0,0.25
emg,6320115999,5432489,1,,,13369,1.671125,0.025799466969058882,126.80379486083984,0.01585047435760498,0.04148521423339844,0.028476598739624024,0.038548782348632814,0.025776268005371094,REST,0,0,0,0,False,False,False,False,False,False,,,,,,,,,,6.0,3.0,20.0,0.25
emg,6320220660,5432579,1,,,13038,1.62975,-0.015880198241363885,132.30958557128906,0.016538698196411135,0.04111306381225586,0.028265562057495117,0.038548782348632814,0.025776268005371094,REST,0,0,0,0,False,False,False,False,False,False,,,,,,,,,,6.0,3.0,20.0,0.25
emg,6320325336,5432669,1,,,12994,1.62425,-0.021489466587734984,170.18536376953125,0.021273170471191406,0.04111306381225586,0.028265562057495117,0.038548782348632814,0.025776268005371094,REST,0,0,0,0,False,False,False,False,False,False,,,,,,,,,,6.0,3.0,20.0,0.25
emg,6320430578,5432759,1,,,13131,1.641375,-0.0044861059261649405,147.4000701904297,0.018425008773803712,0.04111306381225586,0.028265562057495117,0.038548782348632814,0.025776268005371094,REST,0,0,0,0,False,False,False,False,False,False,,,,,,,,,,6.0,3.0,20.0,0.25
emg,6320535830,5432849,1,,,13212,1.6515,0.005690566253428786,153.27304077148438,0.019159130096435547,0.04111306381225586,0.028265562057495117,0.038548782348632814,0.025776268005371094,REST,0,0,0,0,False,False,False,False,False,False,,,,,,,,,,6.0,3.0,20.0,0.25
emg,6320641661,5432940,1,,,13107,1.6383750000000001,-0.007673413963634523,137.7020263671875,0.01721275329589844,0.04111306381225586,0.028265562057495117,0.038548782348632814,0.025776268005371094,REST,0,0,0,0,False,False,False,False,False,False,,,,,,,,,,6.0,3.0,20.0,0.25
emg,6320746331,5433031,1,,,13200,1.6500000000000001,0.00328323650918505,134.14695739746094,0.016768369674682617,0.04111306381225586,0.028265562057495117,0.038548782348632814,0.025776268005371094,REST,0,0,0,0,False,False,False,False,False,False,,,,,,,,,,6.0,3.0,20.0,0.25
emg,6320851009,5433121,1,,,13111,1.638875,-0.008137346402925516,140.85818481445312,0.017607273101806643,0.04111306381225586,0.028265562057495117,0.038548782348632814,0.025776268005371094,REST,0,0,0,0,False,False,False,False,False,False,,,,,,,,,,6.0,3.0,20.0,0.25
emg,6320955678,5433211,1,,,13282,1.66025,0.01270581402228177,89.07938385009766,0.011134922981262207,0.04111306381225586,0.028265562057495117,0.038548782348632814,0.025776268005371094,REST,0,0,0,0,False,False,False,False,False,False,,,,,,,,,,6.0,3.0,20.0,0.25
emg,6321060339,5433301,1,,,13098,1.63725,-0.010206285236298518,126.26721954345703,0.01578340244293213,0.04111306381225586,0.028265562057495117,0.038548782348632814,0.025776268005371094,REST,0,0,0,0,False,False,False,False,False,False,,,,,,,,,,6.0,3.0,20.0,0.25
emg,6321165016,5433391,1,,,13035,1.629375,-0.0184137548902521,114.6414566040039,0.014330182075500488,0.04111306381225586,0.028265562057495117,0.038548782348632814,0.025776268005371094,REST,0,0,0,0,False,False,False,False,False,False,,,,,,,,,,6.0,3.0,20.0,0.25
emg,6321269692,5433481,1,,,13184,1.6480000000000001,-0.00014375847407621656,127.864501953125,0.015983062744140627,0.04071348571777344,0.028052680969238283,0.038548782348632814,0.025776268005371094,REST,0,0,0,0,False,False,False,False,False,False,,,,,,,,,,6.0,3.0,20.0,0.25
emg,6321374351,5433571,1,,,13243,1.655375,0.007320118524488217,113.28571319580078,0.014160714149475099,0.04071348571777344,0.028052680969238283,0.038548782348632814,0.025776268005371094,REST,0,0,0,0,False,False,False,False,False,False,,,,,,,,,,6.0,3.0,20.0,0.25
emg,6321479026,5433661,1,,,13212,1.6515,0.0038371794755904798,217.48338317871094,0.027185422897338867,0.04071348571777344,0.028052680969238283,0.038548782348632814,0.025776268005371094,REST,0,0,0,0,False,False,False,False,False,False,,,,,,,,,,6.0,3.0,20.0,0.25
emg,6321583696,5433751,1,,,12963,1.6203750000000001,-0.02740538210806287,146.17147827148438,0.018271434783935548,0.04071348571777344,0.028052680969238283,0.038548782348632814,0.025776268005371094,REST,0,0,0,0,False,False,False,False,False,False,,,,,,,,,,6.0,3.0,20.0,0.25
emg,6321688365,5433841,1,,,13224,1.653,0.004773656800737713,126.68572235107422,0.015835715293884278,0.04071348571777344,0.028052680969238283,0.038548782348632814,0.025776268005371094,REST,0,0,0,0,False,False,False,False,False,False,,,,,,,,,,6.0,3.0,20.0,0.25
emg,6321793642,5433931,1,,,13380,1.6725,0.02353336549140983,110.28662872314453,0.013785828590393066,0.04071348571777344,0.028052680969238283,0.038548782348632814,0.025776268005371094,REST,0,0,0,0,False,False,False,False,False,False,,,,,,,,,,6.0,3.0,20.0,0.25
imu,6321840426,,,631770,1,,,,,,,,,,,,,,,,,,,,,-0.1771240234375,-0.0765380859375,0.9117431640625,-0.03816793893129771,0.07633587786259542,0.03816793893129771,,,,6.0,3.0,20.0,0.25
emg,6322003537,5434112,1,,,13179,1.647375,-0.0022777644769158556,106.43651580810547,0.013304564476013183,0.04071348571777344,0.028052680969238283,0.038548782348632814,0.025776268005371094,REST,0,0,0,0,False,False,False,False,False,False,,,,,,,,,,6.0,3.0,20.0,0.25
emg,6322109947,5434203,1,,,13108,1.6385,-0.01101851403515508,151.57241821289062,0.01894655227661133,0.04071348571777344,0.028052680969238283,0.038548782348632814,0.025776268005371094,REST,0,0,0,0,False,False,False,False,False,False,,,,,,,,,,6.0,3.0,20.0,0.25
emg,6322203587,5434284,1,,,13188,1.6485,-0.0006976972263774694,138.4250946044922,0.017303136825561522,0.04071348571777344,0.028052680969238283,0.038548782348632814,0.025776268005371094,REST,0,0,0,0,False,False,False,False,False,False,,,,,,,,,,6.0,3.0,20.0,0.25
imu,6322320449,,,631818,1,,,,,,,,,,,,,,,,,,,,,-0.17578125,-0.0753173828125,0.906494140625,-0.07633587786259542,0.1450381679389313,0.13740458015267176,,,,6.0,3.0,20.0,0.25
imu,6322360476,,,631822,1,,,,,,,,,,,,,,,,,,,,,-0.17431640625,-0.074951171875,0.9127197265625,-0.08396946564885496,0.07633587786259542,0.10687022900763359,,,,6.0,3.0,20.0,0.25
emg,6322518170,5434554,1,,,13181,1.6476250000000001,-0.0004375877983711085,127.19489288330078,0.0158993616104126,0.040252044677734376,0.027814865112304688,0.038548782348632814,0.025776268005371094,REST,0,0,0,0,False,False,False,False,False,False,,,,,,,,,,6.0,3.0,20.0,0.25
emg,6322622265,5434644,1,,,13036,1.6295,-0.01804024833604867,125.37203216552734,0.015671504020690917,0.040252044677734376,0.027814865112304688,0.038548782348632814,0.025776268005371094,REST,0,0,0,0,False,False,False,False,False,False,,,,,,,,,,6.0,3.0,20.0,0.25
emg,6322726925,5434734,1,,,13084,1.6355,-0.01190585241532749,110.62091827392578,0.013827614784240723,0.040252044677734376,0.027814865112304688,0.038548782348632814,0.025776268005371094,REST,0,0,0,0,False,False,False,False,False,False,,,,,,,,,,6.0,3.0,20.0,0.25
emg,6322831588,5434824,1,,,13192,1.649,0.0018482143969353881,90.73392486572266,0.011341740608215332,0.040252044677734376,0.027814865112304688,0.038548782348632814,0.025776268005371094,REST,0,0,0,0,False,False,False,False,False,False,,,,,,,,,,6.0,3.0,20.0,0.25
emg,6322936888,5434914,1,,,13022,1.62775,-0.018921368545174344,111.11121368408203,0.013888901710510253,0.040252044677734376,0.027814865112304688,0.038548782348632814,0.025776268005371094,REST,0,0,0,0,False,False,False,False,False,False,,,,,,,,,,6.0,3.0,20.0,0.25
emg,6323040956,5435004,1,,,13050,1.63125,-0.014802553317478262,156.1595916748047,0.019519948959350587,0.040252044677734376,0.027814865112304688,0.038548782348632814,0.025776268005371094,REST,0,0,0,0,False,False,False,False,False,False,,,,,,,,,,6.0,3.0,20.0,0.25
emg,6323147931,5435095,1,,,13126,1.64075,-0.005133047900767629,103.2988052368164,0.012912350654602051,0.040252044677734376,0.027814865112304688,0.038548782348632814,0.025776268005371094,REST,0,0,0,0,False,False,False,False,False,False,,,,,,,,,,6.0,3.0,20.0,0.25
emg,6323251438,5435185,1,,,13626,1.70325,0.05718736662228108,124.5443344116211,0.015568041801452636,0.03972522354125976,0.027531007766723632,0.038548782348632814,0.025776268005371094,REST,0,0,0,0,False,False,False,False,False,False,,,,,,,,,,6.0,3.0,20.0,0.25
emg,6323357277,5435276,1,,,13354,1.6692500000000001,0.02279952647675998,105.9488525390625,0.013243606567382812,0.03972522354125976,0.027531007766723632,0.038548782348632814,0.025776268005371094,REST,0,0,0,0,False,False,False,False,False,False,,,,,,,,,,6.0,3.0,20.0,0.25
emg,6323464267,5435367,1,,,13232,1.6540000000000001,0.007208879587463857,90.30184173583984,0.01128773021697998,0.03972522354125976,0.027531007766723632,0.038548782348632814,0.025776268005371094,REST,0,0,0,0,False,False,False,False,False,False,,,,,,,,,,6.0,3.0,20.0,0.25
emg,6323567771,5435457,1,,,13063,1.632875,-0.014456192932701839,131.078369140625,0.016384796142578126,0.03972522354125976,0.027531007766723632,0.038548782348632814,0.025776268005371094,REST,0,0,0,0,False,False,False,False,False,False,,,,,,,,,,6.0,3.0,20.0,0.25
emg,6323672437,5435547,1,,,13262,1.65775,0.010140978361877773,137.80474853515625,0.017225593566894532,0.03972522354125976,0.027531007766723632,0.038548782348632814,0.025776268005371094,REST,0,0,0,0,False,False,False,False,False,False,,,,,,,,,,6.0,3.0,20.0,0.25
emg,6323777120,5435637,1,,,13212,1.6515,0.003645909319673457,134.1236114501953,0.016765451431274416,0.03972522354125976,0.027531007766723632,0.038548782348632814,0.025776268005371094,REST,0,0,0,0,False,False,False,False,False,False,,,,,,,,,,6.0,3.0,20.0,0.25
emg,6323881873,5435727,1,,,13139,1.6423750000000001,-0.005424558439204752,128.63973999023438,0.016079967498779296,0.03972522354125976,0.027531007766723632,0.038548782348632814,0.025776268005371094,REST,0,0,0,0,False,False,False,False,False,False,,,,,,,,,,6.0,3.0,20.0,0.25
emg,6323986447,5435817,1,,,13114,1.63925,-0.008663471093602437,114.3340835571289,0.014291760444641114,0.03972522354125976,0.027531007766723632,0.038548782348632814,0.025776268005371094,REST,0,0,0,0,False,False,False,False,False,False,,,,,,,,,,6.0,3.0,20.0,0.25
emg,6324091124,5435907,1,,,13280,1.6600000000000001,0.011957655310954385,162.3673095703125,0.020295913696289063,0.03972522354125976,0.027531007766723632,0.038548782348632814,0.025776268005371094,REST,0,0,0,0,False,False,False,False,False,False,,,,,,,,,,6.0,3.0,20.0,0.25
emg,6324195800,5435997,1,,,13253,1.656625,0.008158378023981339,87.33599853515625,0.010916999816894531,0.03972522354125976,0.027531007766723632,0.038548782348632814,0.025776268005371094,REST,0,0,0,0,False,False,False,False,False,False,,,,,,,,,,6.0,3.0,20.0,0.25
emg,6324301028,5436087,1,,,13106,1.63825,-0.010822750094939826,125.83972930908203,0.015729966163635253,0.0392667121887207,0.027291162490844727,0.038548782348632814,0.025776268005371094,REST,0,0,0,0,False,False,False,False,False,False,,,,,,,,,,6.0,3.0,20.0,0.25
imu,6324400426,,,632026,1,,,,,,,,,,,,,,,,,,,,,-0.175537109375,-0.0772705078125,0.907470703125,-0.05343511450381679,0.03816793893129771,0.07633587786259542,,,,6.0,3.0,20.0,0.25
imu,6324440426,,,632030,1,,,,,,,,,,,,,,,,,,,,,-0.17578125,-0.0745849609375,0.912841796875,-0.04580152671755725,0.12213740458015267,0.061068702290076333,,,,6.0,3.0,20.0,0.25
emg,6324617368,5436359,1,,,13426,1.67825,0.027807514518184417,147.8818817138672,0.018485235214233398,0.0392667121887207,0.027291162490844727,0.038548782348632814,0.025776268005371094,REST,0,0,0,0,False,False,False,False,False,False,,,,,,,,,,6.0,3.0,20.0,0.25
emg,6324709851,5436439,1,,,13294,1.66175,0.010978338127535237,187.08441162109375,0.02338555145263672,0.0392667121887207,0.027291162490844727,0.038548782348632814,0.025776268005371094,REST,0,0,0,0,False,False,False,False,False,False,,,,,,,,,,6.0,3.0,20.0,0.25
emg,6324814510,5436529,1,,,13384,1.673,0.021472036346986023,130.16268920898438,0.016270336151123048,0.0392667121887207,0.027291162490844727,0.038548782348632814,0.025776268005371094,REST,0,0,0,0,False,False,False,False,False,False,,,,,,,,,,6.0,3.0,20.0,0.25
imu,6324920429,,,632078,1,,,,,,,,,,,,,,,,,,,,,-0.174560546875,-0.0750732421875,0.909423828125,-0.07633587786259542,0.07633587786259542,0.015267175572519083,,,,6.0,3.0,20.0,0.25
emg,6325024556,5436709,1,,,13085,1.635625,-0.016755819518350146,116.10112762451172,0.014512640953063965,0.0392667121887207,0.027291162490844727,0.038548782348632814,0.025776268005371094,REST,0,0,0,0,False,False,False,False,False,False,,,,,,,,,,6.0,3.0,20.0,0.25
emg,6325128551,5436799,1,,,13251,1.656375,0.004061306926087305,101.42158508300781,0.012677698135375977,0.0392667121887207,0.027291162490844727,0.038548782348632814,0.025776268005371094,REST,0,0,0,0,False,False,False,False,False,False,,,,,,,,,,6.0,3.0,20.0,0.25
emg,6325233187,5436889,1,,,13278,1.65975,0.007225346783062525,90.60089874267578,0.011325112342834473,0.03893152236938477,0.027124975204467775,0.038548782348632814,0.025776268005371094,REST,0,0,0,0,False,False,False,False,False,False,,,,,,,,,,6.0,3.0,20.0,0.25
emg,6325337858,5436979,1,,,13252,1.6565,0.0035820255331926454,163.14064025878906,0.020392580032348635,0.03893152236938477,0.027124975204467775,0.038548782348632814,0.025776268005371094,REST,0,0,0,0,False,False,False,False,False,False,,,,,,,,,,6.0,3.0,20.0,0.25
emg,6325442530,5437069,1,,,13015,1.626875,-0.02615051854276418,115.72084045410156,0.014465105056762696,0.03893152236938477,0.027124975204467775,0.038548782348632814,0.025776268005371094,REST,0,0,0,0,False,False,False,False,False,False,,,,,,,,,,6.0,3.0,20.0,0.25
emg,6325547459,5437159,1,,,13239,1.654875,0.0018352636893192997,131.82308959960938,0.01647788619995117,0.03893152236938477,0.027124975204467775,0.038548782348632814,0.025776268005371094,REST,0,0,0,0,False,False,False,False,False,False,,,,,,,,,,6.0,3.0,20.0,0.25
emg,6325651873,5437249,1,,,13509,1.688625,0.0349865542971497,112.81112670898438,0.014101390838623048,0.03893152236938477,0.027124975204467775,0.038548782348632814,0.025776268005371094,REST,0,0,0,0,False,False,False,False,False,False,,,,,,,,,,6.0,3.0,20.0,0.25
emg,6325756537,5437339,1,,,13188,1.6485,-0.005131347122740548,109.40213775634766,0.013675267219543458,0.03893152236938477,0.027124975204467775,0.038548782348632814,0.025776268005371094,REST,0,0,0,0,False,False,False,False,False,False,,,,,,,,,,6.0,3.0,20.0,0.25
emg,6325862373,5437430,1,,,12968,1.621,-0.03288169692383924,126.42407989501953,0.01580300998687744,0.03893152236938477,0.027124975204467775,0.038548782348632814,0.025776268005371094,REST,0,0,0,0,False,False,False,False,False,False,,,,,,,,,,6.0,3.0,20.0,0.25
emg,6325967049,5437520,1,,,13083,1.635375,-0.018358035643972093,127.66150665283203,0.015957688331604006,0.03893152236938477,0.027124975204467775,0.038548782348632814,0.025776268005371094,REST,0,0,0,0,False,False,False,False,False,False,,,,,,,,,,6.0,3.0,20.0,0.25
emg,6326071708,5437610,1,,,13305,1.663125,0.009747046040089025,132.0949249267578,0.016511865615844726,0.03893152236938477,0.027124975204467775,0.038548782348632814,0.025776268005371094,REST,0,0,0,0,False,False,False,False,False,False,,,,,,,,,,6.0,3.0,20.0,0.25
emg,6326176383,5437700,1,,,13364,1.6705,0.017192860545139466,116.19530487060547,0.014524413108825684,0.03893152236938477,0.027124975204467775,0.038548782348632814,0.025776268005371094,REST,0,0,0,0,False,False,False,False,False,False,,,,,,,,,,6.0,3.0,20.0,0.25
emg,6326281053,5437790,1,,,13140,1.6425,-0.011248919799512036,174.82154846191406,0.021852693557739257,0.03863297653198242,0.026978530883789063,0.038548782348632814,0.025776268005371094,REST,0,0,0,0,False,False,False,False,False,False,,,,,,,,,,6.0,3.0,20.0,0.25
emg,6326385718,5437880,1,,,13939,1.742375,0.08445050202226034,656.469482421875,0.08205868530273437,0.03863297653198242,0.026978530883789063,0.038548782348632814,0.025776268005371094,ACTIVE,0,0,0,0,True,True,False,False,False,False,,,,,,,,,,6.0,3.0,20.0,0.25
emg,6326491287,5437970,1,,,25868,3.2335000000000003,1.542855880469822,7351.52734375,0.91894091796875,0.03863297653198242,0.026978530883789063,0.038548782348632814,0.025776268005371094,ACTIVE,0,0,0,0,True,True,False,False,False,False,,,,,,,,,,6.0,3.0,20.0,0.25
emg,6326595065,5438060,1,,,12702,1.58775,-0.10768651948018748,2615.3154296875,0.3269144287109375,0.03863297653198242,0.026978530883789063,0.038548782348632814,0.025776268005371094,ACTIVE,0,0,0,0,True,True,False,False,False,False,,,,,,,,,,6.0,3.0,20.0,0.25
emg,6326699728,5438150,1,,,11782,1.47275,-0.2031007198548509,1580.4945068359375,0.1975618133544922,0.03863297653198242,0.026978530883789063,0.038548782348632814,0.025776268005371094,ACTIVE,0,0,0,0,True,True,False,False,False,False,,,,,,,,,,6.0,3.0,20.0,0.25
emg,6326804403,5438240,1,,,12729,1.5911250000000001,-0.07003626299181231,1024.1275634765625,0.12801594543457032,0.03863297653198242,0.026978530883789063,0.038548782348632814,0.025776268005371094,ACTIVE,0,0,0,0,True,True,False,False,False,False,,,,,,,,,,6.0,3.0,20.0,0.25
emg,6326897449,5438320,1,,,12822,1.6027500000000001,-0.05125254026931847,532.99853515625,0.06662481689453126,0.03863297653198242,0.026978530883789063,0.038548782348632814,0.025776268005371094,ACTIVE,0,0,0,0,True,True,False,False,False,False,,,,,,,,,,6.0,3.0,20.0,0.25
imu,6327000426,,,632286,1,,,,,,,,,,,,,,,,,,,,,-0.1710205078125,-0.0738525390625,0.9027099609375,-0.2748091603053435,0.007633587786259542,0.022900763358778626,,,,6.0,3.0,20.0,0.25
imu,6327040429,,,632290,1,,,,,,,,,,,,,,,,,,,,,-0.176025390625,-0.0712890625,0.911376953125,-0.17557251908396945,0.061068702290076333,0.007633587786259542,,,,6.0,3.0,20.0,0.25
emg,6327223083,5438600,1,,,12803,1.600375,-0.040794403168978866,237.43499755859375,0.02967937469482422,0.03863297653198242,0.026978530883789063,0.038548782348632814,0.025776268005371094,ACTIVE,0,0,0,0,True,True,False,False,False,False,,,,,,,,,,6.0,3.0,20.0,0.25
emg,6327316140,5438680,1,,,13118,1.63975,0.0006502723248873465,248.2472381591797,0.031030904769897463,0.03863297653198242,0.026978530883789063,0.038548782348632814,0.025776268005371094,ACTIVE,0,0,0,0,True,True,False,False,False,False,,,,,,,,,,6.0,3.0,20.0,0.25
emg,6327421363,5438770,1,,,12991,1.623875,-0.014087378446618004,171.9444580078125,0.021493057250976562,0.03863297653198242,0.026978530883789063,0.038548782348632814,0.025776268005371094,REFRACTORY,0,0,0,0,True,True,False,False,False,False,,,,,,,,,,6.0,3.0,20.0,0.25
imu,6327520431,,,632338,1,,,,,,,,,,,,,,,,,,,,,-0.176513671875,-0.0748291015625,0.91552734375,-0.09923664122137404,0.015267175572519083,0.030534351145038167,,,,6.0,3.0,20.0,0.25
emg,6327630133,5438950,1,,,13088,1.6360000000000001,-0.0009015118043342873,156.03591918945312,0.01950448989868164,0.03863297653198242,0.026978530883789063,0.038548782348632814,0.025776268005371094,REFRACTORY,0,0,0,0,False,False,False,False,False,False,,,,,,,,,,6.0,3.0,20.0,0.25
emg,6327734798,5439040,1,,,13441,1.680125,0.04296994252566866,140.21726989746094,0.017527158737182618,0.03863297653198242,0.026978530883789063,0.038548782348632814,0.025776268005371094,REFRACTORY,0,0,0,0,False,False,False,False,False,False,,,,,,,,,,6.0,3.0,20.0,0.25
emg,6327839481,5439130,1,,,13079,1.634875,-0.002668505410093669,164.07528686523438,0.020509410858154296,0.03863297653198242,0.026978530883789063,0.038548782348632814,0.025776268005371094,REST,0,0,0,0,False,False,False,False,False,False,,,,,,,,,,6.0,3.0,20.0,0.25
emg,6327944197,5439220,1,,,13131,1.641375,0.003545313601849731,153.28201293945312,0.01916025161743164,0.03863297653198242,0.026978530883789063,0.038548782348632814,0.025776268005371094,REST,0,0,0,0,False,False,False,False,False,False,,,,,,,,,,6.0,3.0,20.0,0.25
emg,6328048818,5439310,1,,,13030,1.6287500000000001,-0.00990416222201973,166.06661987304688,0.02075832748413086,0.03863297653198242,0.026978530883789063,0.038548782348632814,0.025776268005371094,REST,0,0,0,0,False,False,False,False,False,False,,,,,,,,,,6.0,3.0,20.0,0.25
emg,6328153483,5439400,1,,,13293,1.6616250000000001,0.022433038281942652,120.324951171875,0.015040618896484375,0.03863297653198242,0.026978530883789063,0.038548782348632814,0.025776268005371094,REST,0,0,0,0,False,False,False,False,False,False,,,,,,,,,,6.0,3.0,20.0,0.25
emg,6328258156,5439490,1,,,13318,1.66475,0.02483810294513633,172.69371032714844,0.021586713790893556,0.03863297653198242,0.026978530883789063,0.038548782348632814,0.025776268005371094,REST,0,0,0,0,False,False,False,False,False,False,,,,,,,,,,6.0,3.0,20.0,0.25
emg,6328363397,5439580,1,,,13130,1.64125,0.00040544454983315603,138.37261962890625,0.017296577453613283,0.03863297653198242,0.026978530883789063,0.038548782348632814,0.025776268005371094,REST,0,0,0,0,False,False,False,False,False,False,,,,,,,,,,6.0,3.0,20.0,0.25
emg,6328469816,5439671,1,,,13330,1.66625,0.024328553468896175,144.23085021972656,0.01802885627746582,0.03863297653198242,0.026978530883789063,0.038548782348632814,0.025776268005371094,REST,0,0,0,0,False,False,False,False,False,False,,,,,,,,,,6.0,3.0,20.0,0.25
emg,6328573328,5439761,1,,,13450,1.6812500000000001,0.03866547275076626,109.05225372314453,0.013631531715393067,0.03863297653198242,0.026978530883789063,0.038548782348632814,0.025776268005371094,REST,0,0,0,0,False,False,False,False,False,False,,,,,,,,,,6.0,3.0,20.0,0.25
emg,6328678004,5439851,1,,,13247,1.655875,0.012972200447777693,128.361083984375,0.016045135498046877,0.03863297653198242,0.026978530883789063,0.038548782348632814,0.025776268005371094,REST,0,0,0,0,False,False,False,False,False,False,,,,,,,,,,6.0,3.0,20.0,0.25
emg,6328782805,5439941,1,,,13155,1.6443750000000001,0.0013089066172953245,109.3456802368164,0.013668210029602052,0.03845425796508789,0.026908905029296874,0.038548782348632814,0.025776268005371094,REST,0,0,0,0,False,False,False,False,False,False,,,,,,,,,,6.0,3.0,20.0,0.25
emg,6328887341,5440031,1,,,13088,1.6360000000000001,-0.007708740075096365,127.40202331542969,0.01592525291442871,0.03845425796508789,0.026908905029296874,0.038548782348632814,0.025776268005371094,REST,0,0,0,0,False,False,False,False,False,False,,,,,,,,,,6.0,3.0,20.0,0.25
emg,6328992006,5440121,1,,,13313,1.664125,0.020011931418179918,122.5494384765625,0.015318679809570314,0.03845425796508789,0.026908905029296874,0.038548782348632814,0.025776268005371094,REST,0,0,0,0,False,False,False,False,False,False,,,,,,,,,,6.0,3.0,20.0,0.25
emg,6329096676,5440211,1,,,13265,1.658125,0.013546476274730379,108.64207458496094,0.013580259323120118,0.03845425796508789,0.026908905029296874,0.038548782348632814,0.025776268005371094,REST,0,0,0,0,False,False,False,False,False,False,,,,,,,,,,6.0,3.0,20.0,0.25
emg,6329201907,5440301,1,,,13112,1.639,-0.006094050841900733,155.42723083496094,0.019428403854370117,0.03845425796508789,0.026908905029296874,0.038548782348632814,0.025776268005371094,REST,0,0,0,0,False,False,False,False,False,False,,,,,,,,,,6.0,3.0,20.0,0.25
emg,6329306023,5440391,1,,,13169,1.646125,0.0007499169314286735,96.03794860839844,0.012004743576049805,0.03845425796508789,0.026908905029296874,0.038548782348632814,0.025776268005371094,REST,0,0,0,0,False,False,False,False,False,False,,,,,,,,,,6.0,3.0,20.0,0.25
emg,6329410683,5440481,1,,,13144,1.643,-0.002934948427561368,130.27203369140625,0.01628400421142578,0.03845425796508789,0.026908905029296874,0.038548782348632814,0.025776268005371094,REST,0,0,0,0,False,False,False,False,False,False,,,,,,,,,,6.0,3.0,20.0,0.25
emg,6329503731,5440561,1,,,13075,1.6343750000000001,-0.011781618841085306,70.50244903564453,0.008812806129455567,0.03845425796508789,0.026908905029296874,0.038548782348632814,0.025776268005371094,REST,0,0,0,0,False,False,False,False,False,False,,,,,,,,,,6.0,3.0,20.0,0.25
imu,6329600426,,,632546,1,,,,,,,,,,,,,,,,,,,,,-0.175048828125,-0.0726318359375,0.9119873046875,-0.061068702290076333,0.061068702290076333,0.07633587786259542,,,,6.0,3.0,20.0,0.25
imu,6329640431,,,632550,1,,,,,,,,,,,,,,,,,,,,,-0.175048828125,-0.073974609375,0.9102783203125,-0.04580152671755725,0.11450381679389313,0.022900763358778626,,,,6.0,3.0,20.0,0.25
emg,6329820064,5440833,1,,,13233,1.654125,0.007361569696525017,170.0139617919922,0.021251745223999023,0.03827498626708985,0.026841716766357424,0.038548782348632814,0.025776268005371094,REST,0,0,0,0,False,False,False,False,False,False,,,,,,,,,,6.0,3.0,20.0,0.25
emg,6329925895,5440924,1,,,13261,1.6576250000000001,0.010398695314999262,104.20648193359375,0.013025810241699218,0.03827498626708985,0.026841716766357424,0.038548782348632814,0.025776268005371094,REST,0,0,0,0,False,False,False,False,False,False,,,,,,,,,,6.0,3.0,20.0,0.25
emg,6330031287,5441014,1,,,13351,1.668875,0.021213691941881052,92.57908630371094,0.011572385787963867,0.03827498626708985,0.026841716766357424,0.038548782348632814,0.025776268005371094,REST,0,0,0,0,False,False,False,False,False,False,,,,,,,,,,6.0,3.0,20.0,0.25
emg,6330135237,5441104,1,,,13355,1.669375,0.02113911281782821,140.43186950683594,0.017553983688354494,0.03827498626708985,0.026841716766357424,0.038548782348632814,0.025776268005371094,REST,0,0,0,0,False,False,False,False,False,False,,,,,,,,,,6.0,3.0,20.0,0.25
emg,6330239905,5441194,1,,,13234,1.65425,0.005873329448065734,77.4574966430664,0.0096821870803833,0.03827498626708985,0.026841716766357424,0.038548782348632814,0.025776268005371094,REST,0,0,0,0,False,False,False,False,False,False,,,,,,,,,,6.0,3.0,20.0,0.25
emg,6330344575,5441284,1,,,12985,1.623125,-0.025027829050040307,147.39405822753906,0.018424257278442383,0.03827498626708985,0.026841716766357424,0.038548782348632814,0.025776268005371094,REST,0,0,0,0,False,False,False,False,False,False,,,,,,,,,,6.0,3.0,20.0,0.25
emg,6330449251,5441374,1,,,13006,1.62575,-0.02179930122676832,88.8990707397461,0.011112383842468262,0.03827498626708985,0.026841716766357424,0.038548782348632814,0.025776268005371094,REST,0,0,0,0,False,False,False,False,False,False,,,,,,,,,,6.0,3.0,20.0,0.25
emg,6330554201,5441464,1,,,13340,1.6675,0.02015203548634026,91.49827575683594,0.011437284469604493,0.03827498626708985,0.026841716766357424,0.038548782348632814,0.025776268005371094,REST,0,0,0,0,False,False,False,False,False,False,,,,,,,,,,6.0,3.0,20.0,0.25
emg,6330658589,5441554,1,,,13221,1.652625,0.005590874050846573,111.34461212158203,0.013918076515197754,0.03827498626708985,0.026841716766357424,0.038548782348632814,0.025776268005371094,REST,0,0,0,0,False,False,False,False,False,False,,,,,,,,,,6.0,3.0,20.0,0.25
emg,6330763255,5441644,1,,,13228,1.6535,0.0064950410972872685,118.14611053466797,0.014768263816833497,0.03818766403198242,0.02681357192993164,0.038548782348632814,0.025776268005371094,REST,0,0,0,0,False,False,False,False,False,False,,,,,,,,,,6.0,3.0,20.0,0.25
emg,6330867931,5441734,1,,,12773,1.596625,-0.050894805155231815,301.6649475097656,0.037708118438720704,0.03818766403198242,0.02681357192993164,0.038548782348632814,0.025776268005371094,REST,0,0,0,0,False,False,False,False,False,False,,,,,,,,,,6.0,3.0,20.0,0.25
emg,6330973157,5441824,1,,,13015,1.626875,-0.02087364545860204,214.17547607421875,0.026771934509277343,0.03818766403198242,0.02681357192993164,0.038548782348632814,0.025776268005371094,ACTIVE,0,0,0,0,True,True,False,False,False,False,,,,,,,,,,6.0,3.0,20.0,0.25
emg,6331078427,5441915,1,,,13426,1.67825,0.030491934287452782,107.06482696533203,0.013383103370666505,0.03818766403198242,0.02681357192993164,0.038548782348632814,0.025776268005371094,REFRACTORY,0,0,0,0,False,False,False,False,False,False,,,,,,,,,,6.0,3.0,20.0,0.25
emg,6331183098,5442005,1,,,12999,1.624875,-0.02280513302392051,192.02117919921875,0.024002647399902346,0.03818766403198242,0.02681357192993164,0.038548782348632814,0.025776268005371094,REFRACTORY,0,0,0,0,False,False,False,False,False,False,,,,,,,,,,6.0,3.0,20.0,0.25
emg,6331287774,5442095,1,,,12874,1.60925,-0.03816088332069456,114.37738037109375,0.01429717254638672,0.03818766403198242,0.02681357192993164,0.038548782348632814,0.025776268005371094,REFRACTORY,0,0,0,0,False,False,False,False,False,False,,,,,,,,,,6.0,3.0,20.0,0.25
emg,6331392806,5442185,1,,,13411,1.676375,0.02911672473857352,166.61793518066406,0.020827241897583008,0.03818766403198242,0.02681357192993164,0.038548782348632814,0.025776268005371094,REFRACTORY,0,0,0,0,False,False,False,False,False,False,,,,,,,,,,6.0,3.0,20.0,0.25
emg,6331497114,5442275,1,,,13280,1.6600000000000001,0.012846858261491345,134.1387939453125,0.016767349243164063,0.03818766403198242,0.02681357192993164,0.038548782348632814,0.025776268005371094,REST,0,0,0,0,False,False,False,False,False,False,,,,,,,,,,6.0,3.0,20.0,0.25
emg,6331601780,5442365,1,,,13001,1.625125,-0.0218176312880225,99.09772491455078,0.012387215614318848,0.03818766403198242,0.02681357192993164,0.038548782348632814,0.025776268005371094,REST,0,0,0,0,False,False,False,False,False,False,,,,,,,,,,6.0,3.0,20.0,0.25
imu,6331680426,,,632754,1,,,,,,,,,,,,,,,,,,,,,-0.1751708984375,-0.0745849609375,0.9114990234375,-0.07633587786259542,0.1297709923664122,0.05343511450381679,,,,6.0,3.0,20.0,0.25
emg,6331811676,5442545,1,,,13271,1.658875,0.011427164504376641,60.84263229370117,0.007605329036712647,0.03818766403198242,0.02681357192993164,0.038548782348632814,0.025776268005371094,REST,0,0,0,0,False,False,False,False,False,False,,,,,,,,,,6.0,3.0,20.0,0.25
emg,6331915813,5442635,1,,,13332,1.6665,0.018618173758344403,118.60504913330078,0.014825631141662597,0.03818766403198242,0.02681357192993164,0.038548782348632814,0.025776268005371094,REST,0,0,0,0,False,False,False,False,False,False,,,,,,,,,,6.0,3.0,20.0,0.25
emg,6332008836,5442715,1,,,13313,1.664125,0.01617283082822185,97.38661193847656,0.01217332649230957,0.03818766403198242,0.02681357192993164,0.038548782348632814,0.025776268005371094,REST,0,0,0,0,False,False,False,False,False,False,,,,,,,,,,6.0,3.0,20.0,0.25
emg,6332113498,5442805,1,,,13095,1.636875,-0.011744763681235337,179.6696319580078,0.022458703994750976,0.03818766403198242,0.02681357192993164,0.038548782348632814,0.025776268005371094,REST,0,0,0,0,False,False,False,False,False,False,,,,,,,,,,6.0,3.0,20.0,0.25
imu,6332200443,,,632806,1,,,,,,,,,,,,,,,,,,,,,-0.1756591796875,-0.0760498046875,0.91064453125,-0.03816793893129771,0.061068702290076333,0.03816793893129771,,,,6.0,3.0,20.0,0.25
emg,6332322887,5442985,1,,,13270,1.65875,0.009626378756428355,203.31985473632812,0.025414981842041016,0.03822652053833008,0.026850088119506836,0.038548782348632814,0.025776268005371094,REST,0,0,0,0,False,False,False,False,False,False,,,,,,,,,,6.0,3.0,20.0,0.25
emg,6332427510,5443075,1,,,13096,1.637,-0.012029315607844593,175.80813598632812,0.021976016998291017,0.03822652053833008,0.026850088119506836,0.038548782348632814,0.025776268005371094,REST,0,0,0,0,False,False,False,False,False,False,,,,,,,,,,6.0,3.0,20.0,0.25
emg,6332532175,5443165,1,,,13364,1.6705,0.021773304190464415,156.0905303955078,0.019511316299438478,0.03822652053833008,0.026850088119506836,0.038548782348632814,0.025776268005371094,REST,0,0,0,0,False,False,False,False,False,False,,,,,,,,,,6.0,3.0,20.0,0.25
emg,6332636845,5443255,1,,,13312,1.6640000000000001,0.01576979002943002,156.91014099121094,0.01961376762390137,0.03822652053833008,0.026850088119506836,0.038548782348632814,0.025776268005371094,REST,0,0,0,0,False,False,False,False,False,False,,,,,,,,,,6.0,3.0,20.0,0.25
emg,6332742101,5443345,1,,,13344,1.668,0.019621837560901634,114.97102355957031,0.014371377944946289,0.03822652053833008,0.026850088119506836,0.038548782348632814,0.025776268005371094,REST,0,0,0,0,False,False,False,False,False,False,,,,,,,,,,6.0,3.0,20.0,0.25
emg,6332846193,5443435,1,,,12854,1.6067500000000001,-0.041666853350082134,167.55538940429688,0.02094442367553711,0.03822652053833008,0.026850088119506836,0.038548782348632814,0.025776268005371094,REST,0,0,0,0,False,False,False,False,False,False,,,,,,,,,,6.0,3.0,20.0,0.25
emg,6332950858,5443525,1,,,13170,1.64625,-0.0022743478000586403,97.6609115600586,0.012207613945007325,0.03822652053833008,0.026850088119506836,0.038548782348632814,0.025776268005371094,REST,0,0,0,0,False,False,False,False,False,False,,,,,,,,,,6.0,3.0,20.0,0.25
emg,6333055521,5443615,1,,,13332,1.6665,0.01755171382781784,122.10038757324219,0.015262548446655274,0.03822652053833008,0.026850088119506836,0.038548782348632814,0.025776268005371094,REST,0,0,0,0,False,False,False,False,False,False,,,,,,,,,,6.0,3.0,20.0,0.25
emg,6333160198,5443705,1,,,13350,1.66875,0.019451163774655278,121.38997650146484,0.015173747062683107,0.03822652053833008,0.026850088119506836,0.038548782348632814,0.025776268005371094,REST,0,0,0,0,False,False,False,False,False,False,,,,,,,,,,6.0,3.0,20.0,0.25
emg,6333264874,5443795,1,,,13051,1.631375,-0.01781571198472376,69.21192932128906,0.008651491165161134,0.03832613754272461,0.026905900955200197,0.038548782348632814,0.025776268005371094,REST,0,0,0,0,False,False,False,False,False,False,,,,,,,,,,6.0,3.0,20.0,0.25
emg,6333369535,5443885,1,,,13113,1.639125,-0.009635729304884988,145.69461059570312,0.01821182632446289,0.03832613754272461,0.026905900955200197,0.038548782348632814,0.025776268005371094,REST,0,0,0,0,False,False,False,False,False,False,,,,,,,,,,6.0,3.0,20.0,0.25
emg,6333474208,5443975,1,,,13235,1.654375,0.005868774279187194,95.13172149658203,0.011891465187072753,0.03832613754272461,0.026905900955200197,0.038548782348632814,0.025776268005371094,REST,0,0,0,0,False,False,False,False,False,False,,,,,,,,,,6.0,3.0,20.0,0.25
emg,6333580041,5444066,1,,,13125,1.640625,-0.007875022760109873,92.41361236572266,0.011551701545715332,0.03832613754272461,0.026905900955200197,0.038548782348632814,0.025776268005371094,REST,0,0,0,0,False,False,False,False,False,False,,,,,,,,,,6.0,3.0,20.0,0.25
emg,6333684717,5444156,1,,,13144,1.643,-0.005694258370730232,114.67501068115234,0.014334376335144044,0.03832613754272461,0.026905900955200197,0.038548782348632814,0.025776268005371094,REST,0,0,0,0,False,False,False,False,False,False,,,,,,,,,,6.0,3.0,20.0,0.25
emg,6333790548,5444246,1,,,13128,1.641,-0.007292253799115134,133.91976928710938,0.016739971160888673,0.03832613754272461,0.026905900955200197,0.038548782348632814,0.025776268005371094,REST,0,0,0,0,False,False,False,False,False,False,,,,,,,,,,6.0,3.0,20.0,0.25
emg,6333895214,5444337,1,,,13439,1.679875,0.03142807599483732,173.4926300048828,0.021686578750610353,0.03832613754272461,0.026905900955200197,0.038548782348632814,0.025776268005371094,REST,0,0,0,0,False,False,False,False,False,False,,,,,,,,,,6.0,3.0,20.0,0.25
emg,6333999881,5444427,1,,,13407,1.675875,0.02733839705306651,130.1671142578125,0.016270889282226562,0.03832613754272461,0.026905900955200197,0.038548782348632814,0.025776268005371094,REST,0,0,0,0,False,False,False,False,False,False,,,,,,,,,,6.0,3.0,20.0,0.25
emg,6334105243,5444517,1,,,13027,1.6283750000000001,-0.02021188379265393,125.37408447265625,0.01567176055908203,0.03832613754272461,0.026905900955200197,0.038548782348632814,0.025776268005371094,REST,0,0,0,0,False,False,False,False,False,False,,,,,,,,,,6.0,3.0,20.0,0.25
emg,6334197635,5444597,1,,,13404,1.6755,0.026511124667117913,146.3775177001953,0.018297189712524413,0.03832613754272461,0.026905900955200197,0.038548782348632814,0.025776268005371094,REST,0,0,0,0,False,False,False,False,False,False,,,,,,,,,,6.0,3.0,20.0,0.25
imu,6334280426,,,633014,1,,,,,,,,,,,,,,,,,,,,,-0.173828125,-0.0760498046875,0.906982421875,0.0,0.11450381679389313,-0.007633587786259542,,,,6.0,3.0,20.0,0.25
emg,6334418564,5444787,1,,,13271,1.658875,0.010649042939848696,101.43081665039062,0.012678852081298828,0.03849918746948242,0.026997831344604494,0.038548782348632814,0.025776268005371094,REST,0,0,0,0,False,False,False,False,False,False,,,,,,,,,,6.0,3.0,20.0,0.25
emg,6334511610,5444867,1,,,13505,1.688125,0.03986473064448859,111.85999298095703,0.013982499122619629,0.03849918746948242,0.026997831344604494,0.038548782348632814,0.025776268005371094,REST,0,0,0,0,False,False,False,False,False,False,,,,,,,,,,6.0,3.0,20.0,0.25
emg,6334616557,5444957,1,,,13321,1.665125,0.016988642286676736,115.40107727050781,0.014425134658813477,0.03849918746948242,0.026997831344604494,0.038548782348632814,0.025776268005371094,REST,0,0,0,0,False,False,False,False,False,False,,,,,,,,,,6.0,3.0,20.0,0.25
emg,6334720950,5445047,1,,,12930,1.61625,-0.031502212155186005,108.64881896972656,0.013581102371215821,0.03849918746948242,0.026997831344604494,0.038548782348632814,0.025776268005371094,REST,0,0,0,0,False,False,False,False,False,False,,,,,,,,,,6.0,3.0,20.0,0.25
imu,6334800426,,,633066,1,,,,,,,,,,,,,,,,,,,,,-0.17529296875,-0.0736083984375,0.9091796875,-0.015267175572519083,0.12213740458015267,0.04580152671755725,,,,6.0,3.0,20.0,0.25
emg,6334934008,5445229,1,,,13185,1.648125,0.00022963081409765884,153.05589294433594,0.019131986618041993,0.03849918746948242,0.026997831344604494,0.038548782348632814,0.025776268005371094,REST,0,0,0,0,False,False,False,False,False,False,,,,,,,,,,6.0,3.0,20.0,0.25
emg,6335037286,5445319,1,,,13395,1.674375,0.02632778722555451,196.01673889160156,0.024502092361450196,0.03849918746948242,0.026997831344604494,0.038548782348632814,0.025776268005371094,REST,0,0,0,0,False,False,False,False,False,False,,,,,,,,,,6.0,3.0,20.0,0.25
emg,6335141950,5445409,1,,,13217,1.652125,0.0044038266230246315,114.8720932006836,0.014359011650085449,0.03849918746948242,0.026997831344604494,0.038548782348632814,0.025776268005371094,CANDIDATE,0,0,0,0,False,False,False,False,False,False,,,,,,,,,,6.0,3.0,20.0,0.25
emg,6335246617,5445499,1,,,12119,1.514875,-0.1388382650300486,961.4746704101562,0.12018433380126953,0.03849918746948242,0.026997831344604494,0.038548782348632814,0.025776268005371094,ACTIVE,0,0,0,0,True,True,False,False,False,False,,,,,,,,,,6.0,3.0,20.0,0.25
emg,6335351846,5445589,1,,,9293,1.1616250000000001,-0.5371104240447149,7755.20947265625,0.9694011840820312,0.03849918746948242,0.026997831344604494,0.038548782348632814,0.025776268005371094,ACTIVE,0,0,0,0,True,True,False,False,False,False,,,,,,,,,,6.0,3.0,20.0,0.25
emg,6335455968,5445679,1,,,12558,1.56975,-0.10783194210840152,1399.8502197265625,0.17498127746582032,0.03849918746948242,0.026997831344604494,0.038548782348632814,0.025776268005371094,ACTIVE,0,0,0,0,True,True,False,False,False,False,,,,,,,,,,6.0,3.0,20.0,0.25
emg,6335560630,5445769,1,,,12197,1.5246250000000001,-0.13742855030253764,1072.273681640625,0.13403421020507814,0.03849918746948242,0.026997831344604494,0.038548782348632814,0.025776268005371094,ACTIVE,0,0,0,0,True,True,False,False,False,False,,,,,,,,,,6.0,3.0,20.0,0.25
emg,6335665300,5445859,1,,,12712,1.589,-0.0642365325220664,562.2720336914062,0.07028400421142578,0.03849918746948242,0.026997831344604494,0.038548782348632814,0.025776268005371094,ACTIVE,0,0,0,0,True,True,False,False,False,False,,,,,,,,,,6.0,3.0,20.0,0.25
emg,6335769970,5445949,1,,,12778,1.59725,-0.05061275397546772,405.70440673828125,0.050713050842285154,0.03849918746948242,0.026997831344604494,0.038548782348632814,0.025776268005371094,ACTIVE,0,0,0,0,True,True,False,False,False,False,,,,,,,,,,6.0,3.0,20.0,0.25
emg,6335874643,5446039,1,,,13171,1.6463750000000001,0.0022677304883642613,329.8334655761719,0.041229183197021485,0.03849918746948242,0.026997831344604494,0.038548782348632814,0.025776268005371094,ACTIVE,0,0,0,0,True,True,False,False,False,False,,,,,,,,,,6.0,3.0,20.0,0.25
emg,6335979314,5446129,1,,,12944,1.618,-0.022946339678293626,265.7955322265625,0.03322444152832031,0.03849918746948242,0.026997831344604494,0.038548782348632814,0.025776268005371094,ACTIVE,0,0,0,0,True,True,False,False,False,False,,,,,,,,,,6.0,3.0,20.0,0.25
emg,6336083980,5446219,1,,,12860,1.6075,-0.031239955091994842,316.78277587890625,0.03959784698486328,0.03849918746948242,0.026997831344604494,0.038548782348632814,0.025776268005371094,ACTIVE,0,0,0,0,True,True,False,False,False,False,,,,,,,,,,6.0,3.0,20.0,0.25
emg,6336188645,5446309,1,,,12889,1.6111250000000001,-0.026416620779838862,167.03366088867188,0.020879207611083986,0.03849918746948242,0.026997831344604494,0.038548782348632814,0.025776268005371094,REFRACTORY,0,0,0,0,True,True,False,False,False,False,,,,,,,,,,6.0,3.0,20.0,0.25
emg,6336293315,5446399,1,,,13169,1.646125,0.00938760611569367,99.03206634521484,0.012379008293151856,0.03849918746948242,0.026997831344604494,0.038548782348632814,0.025776268005371094,REFRACTORY,0,0,0,0,False,False,False,False,False,False,,,,,,,,,,6.0,3.0,20.0,0.25
imu,6336360426,,,633222,1,,,,,,,,,,,,,,,,,,,,,-0.1722412109375,-0.0740966796875,0.90478515625,-0.007633587786259542,0.08396946564885496,0.06870229007633588,,,,6.0,3.0,20.0,0.25
emg,6336502660,5446579,1,,,13077,1.634625,-0.0019551313500889567,84.81448364257812,0.010601810455322266,0.03849918746948242,0.026997831344604494,0.038548782348632814,0.025776268005371094,REFRACTORY,0,0,0,0,False,False,False,False,False,False,,,,,,,,,,6.0,3.0,20.0,0.25
emg,6336607325,5446669,1,,,13092,1.6365,-0.0005489309073525295,109.14933013916016,0.01364366626739502,0.03849918746948242,0.026997831344604494,0.038548782348632814,0.025776268005371094,REST,0,0,0,0,False,False,False,False,False,False,,,,,,,,,,6.0,3.0,20.0,0.25
emg,6336712000,5446759,1,,,13329,1.666125,0.028569858395523395,109.5365982055664,0.013692074775695801,0.03879113006591797,0.02716116523742676,0.038548782348632814,0.025776268005371094,REST,0,0,0,0,False,False,False,False,False,False,,,,,,,,,,6.0,3.0,20.0,0.25
emg,6336805046,5446839,1,,,13086,1.63575,-0.002555070702655371,122.91754150390625,0.015364692687988282,0.03879113006591797,0.02716116523742676,0.038548782348632814,0.025776268005371094,REST,0,0,0,0,False,False,False,False,False,False,,,,,,,,,,6.0,3.0,20.0,0.25
imu,6336880426,,,633274,1,,,,,,,,,,,,,,,,,,,,,-0.175048828125,-0.076416015625,0.912353515625,0.0,0.09923664122137404,0.05343511450381679,,,,6.0,3.0,20.0,0.25
emg,6337026010,5447029,1,,,13136,1.6420000000000001,0.0016874193710723073,206.52828979492188,0.025816036224365235,0.03879113006591797,0.02716116523742676,0.038548782348632814,0.025776268005371094,REST,0,0,0,0,False,False,False,False,False,False,,,,,,,,,,6.0,3.0,20.0,0.25
emg,6337119050,5447109,1,,,13337,1.667125,0.025618285955489872,158.48281860351562,0.019810352325439453,0.03879113006591797,0.02716116523742676,0.038548782348632814,0.025776268005371094,REST,0,0,0,0,False,False,False,False,False,False,,,,,,,,,,6.0,3.0,20.0,0.25
emg,6337223722,5447199,1,,,13028,1.6285,-0.013991279054143435,66.59827423095703,0.008324784278869629,0.03879113006591797,0.02716116523742676,0.038548782348632814,0.025776268005371094,REST,0,0,0,0,False,False,False,False,False,False,,,,,,,,,,6.0,3.0,20.0,0.25
emg,6337329582,5447290,1,,,13112,1.639,-0.003515523223322603,80.19505310058594,0.010024381637573243,0.03879113006591797,0.02716116523742676,0.038548782348632814,0.025776268005371094,REST,0,0,0,0,False,False,False,False,False,False,,,,,,,,,,6.0,3.0,20.0,0.25
emg,6337434223,5447380,1,,,13253,1.656625,0.013238983277998218,148.2803497314453,0.018535043716430666,0.03879113006591797,0.02716116523742676,0.038548782348632814,0.025776268005371094,REST,0,0,0,0,False,False,False,False,False,False,,,,,,,,,,6.0,3.0,20.0,0.25
emg,6337538891,5447470,1,,,13446,1.68075,0.03571540790216399,219.58102416992188,0.027447628021240233,0.03879113006591797,0.02716116523742676,0.038548782348632814,0.025776268005371094,REST,0,0,0,0,False,False,False,False,False,False,,,,,,,,,,6.0,3.0,20.0,0.25
emg,6337645298,5447561,1,,,13382,1.67275,0.025418496933784507,206.1354217529297,0.025766927719116213,0.039097301483154295,0.027337690353393555,0.038548782348632814,0.025776268005371094,REST,0,0,0,0,False,False,False,False,False,False,,,,,,,,,,6.0,3.0,20.0,0.25
emg,6337749415,5447651,1,,,13387,1.673375,0.023195547798336547,198.47848510742188,0.024809810638427736,0.039097301483154295,0.027337690353393555,0.038548782348632814,0.025776268005371094,REST,0,0,0,0,False,False,False,False,False,False,,,,,,,,,,6.0,3.0,20.0,0.25
emg,6337854059,5447741,1,,,13240,1.655,0.002624219913656356,131.0836944580078,0.01638546180725098,0.039097301483154295,0.027337690353393555,0.038548782348632814,0.025776268005371094,REST,0,0,0,0,False,False,False,False,False,False,,,,,,,,,,6.0,3.0,20.0,0.25
emg,6337958729,5447831,1,,,13191,1.648875,-0.00264608633628316,101.95972442626953,0.012744965553283692,0.039097301483154295,0.027337690353393555,0.038548782348632814,0.025776268005371094,REST,0,0,0,0,False,False,False,False,False,False,,,,,,,,,,6.0,3.0,20.0,0.25
emg,6338063412,5447921,1,,,12998,1.6247500000000001,-0.024712234598789795,182.91441345214844,0.022864301681518553,0.039097301483154295,0.027337690353393555,0.038548782348632814,0.025776268005371094,REST,0,0,0,0,False,False,False,False,False,False,,,,,,,,,,6.0,3.0,20.0,0.25
emg,6338168156,5448011,1,,,12911,1.613875,-0.03412246405750108,179.72776794433594,0.022465970993041994,0.039097301483154295,0.027337690353393555,0.038548782348632814,0.025776268005371094,REST,0,0,0,0,False,False,False,False,False,False,,,,,,,,,,6.0,3.0,20.0,0.25
emg,6338272752,5448101,1,,,13235,1.654375,0.00716909073048444,235.40078735351562,0.029425098419189454,0.039097301483154295,0.027337690353393555,0.038548782348632814,0.025776268005371094,REST,0,0,0,0,False,False,False,False,False,False,,,,,,,,,,6.0,3.0,20.0,0.25
emg,6338377416,5448191,1,,,13067,1.633375,-0.013221720786421809,151.41600036621094,0.018927000045776368,0.039097301483154295,0.027337690353393555,0.038548782348632814,0.025776268005371094,REST,0,0,0,0,False,False,False,False,False,False,,,,,,,,,,6.0,3.0,20.0,0.25
emg,6338482083,5448281,1,,,13240,1.655,0.008771763913636654,97.5865249633789,0.012198315620422364,0.039097301483154295,0.027337690353393555,0.038548782348632814,0.025776268005371094,REST,0,0,0,0,False,False,False,False,False,False,,,,,,,,,,6.0,3.0,20.0,0.25
emg,6338587308,5448371,1,,,12988,1.6235,-0.02238638359062839,125.30667114257812,0.015663333892822266,0.039097301483154295,0.027337690353393555,0.038548782348632814,0.025776268005371094,REST,0,0,0,0,False,False,False,False,False,False,,,,,,,,,,6.0,3.0,20.0,0.25
emg,6338693749,5448462,1,,,13323,1.665375,0.01963831142729333,101.40398406982422,0.012675498008728027,0.039524349212646484,0.02757855987548828,0.038548782348632814,0.025776268005371094,REST,0,0,0,0,False,False,False,False,False,False,,,,,,,,,,6.0,3.0,20.0,0.25
emg,6338797259,5448552,1,,,13342,1.66775,0.02193201327168004,83.78807830810547,0.010473509788513184,0.039524349212646484,0.02757855987548828,0.038548782348632814,0.025776268005371094,REST,0,0,0,0,False,False,False,False,False,False,,,,,,,,,,6.0,3.0,20.0,0.25
emg,6338903089,5448643,1,,,13266,1.65825,0.011735944474747129,89.37108612060547,0.011171385765075684,0.039524349212646484,0.02757855987548828,0.038548782348632814,0.025776268005371094,REST,0,0,0,0,False,False,False,False,False,False,,,,,,,,,,6.0,3.0,20.0,0.25
imu,6338960462,,,633482,1,,,,,,,,,,,,,,,,,,,,,-0.174560546875,-0.0736083984375,0.911865234375,-0.015267175572519083,0.11450381679389313,0.07633587786259542,,,,6.0,3.0,20.0,0.25
emg,6339112432,5448823,1,,,13187,1.648375,0.0013144609913873229,120.16948699951172,0.015021185874938964,0.039524349212646484,0.02757855987548828,0.038548782348632814,0.025776268005371094,REST,0,0,0,0,False,False,False,False,False,False,,,,,,,,,,6.0,3.0,20.0,0.25
emg,6339217095,5448913,1,,,13401,1.675125,0.027969656918638064,108.51026153564453,0.013563782691955567,0.039524349212646484,0.02757855987548828,0.038548782348632814,0.025776268005371094,REST,0,0,0,0,False,False,False,False,False,False,,,,,,,,,,6.0,3.0,20.0,0.25
emg,6339310142,5448993,1,,,13095,1.636875,-0.010359034299289194,155.8827667236328,0.019485345840454103,0.039524349212646484,0.02757855987548828,0.038548782348632814,0.025776268005371094,REST,0,0,0,0,False,False,False,False,False,False,,,,,,,,,,6.0,3.0,20.0,0.25
emg,6339414812,5449083,1,,,13245,1.6556250000000001,0.007953953336018449,146.13150024414062,0.018266437530517578,0.039524349212646484,0.02757855987548828,0.038548782348632814,0.025776268005371094,REST,0,0,0,0,False,False,False,False,False,False,,,,,,,,,,6.0,3.0,20.0,0.25
imu,6339480431,,,633534,1,,,,,,,,,,,,,,,,,,,,,-0.176025390625,-0.073974609375,0.909423828125,-0.030534351145038167,0.08396946564885496,0.015267175572519083,,,,6.0,3.0,20.0,0.25
emg,6339624152,5449263,1,,,13421,1.6776250000000001,0.028736636119924386,127.12141418457031,0.01589017677307129,0.039524349212646484,0.02757855987548828,0.038548782348632814,0.025776268005371094,REST,0,0,0,0,False,False,False,False,False,False,,,,,,,,,,6.0,3.0,20.0,0.25
emg,6339728822,5449353,1,,,12975,1.621875,-0.026927709772157638,140.06639099121094,0.017508298873901366,0.040004589080810546,0.02784954071044922,0.038548782348632814,0.025776268005371094,REST,0,0,0,0,False,False,False,False,False,False,,,,,,,,,,6.0,3.0,20.0,0.25
emg,6339833489,5449443,1,,,13130,1.64125,-0.008148651287599673,138.5000457763672,0.017312505722045898,0.040004589080810546,0.02784954071044922,0.038548782348632814,0.025776268005371094,REST,0,0,0,0,False,False,False,False,False,False,,,,,,,,,,6.0,3.0,20.0,0.25
emg,6339939549,5449533,1,,,13360,1.67,0.020322892565046047,129.52349853515625,0.01619043731689453,0.040004589080810546,0.02784954071044922,0.038548782348632814,0.025776268005371094,REST,0,0,0,0,False,False,False,False,False,False,,,,,,,,,,6.0,3.0,20.0,0.25
emg,6340043992,5449624,1,,,13248,1.6560000000000001,0.006646818545518407,117.0958480834961,0.014636981010437013,0.040004589080810546,0.02784954071044922,0.038548782348632814,0.025776268005371094,REST,0,0,0,0,False,False,False,False,False,False,,,,,,,,,,6.0,3.0,20.0,0.25
emg,6340149830,5449715,1,,,13204,1.6505,0.0010395595553278625,78.90125274658203,0.009862656593322755,0.040004589080810546,0.02784954071044922,0.038548782348632814,0.025776268005371094,REST,0,0,0,0,False,False,False,False,False,False,,,,,,,,,,6.0,3.0,20.0,0.25
emg,6340255239,5449805,1,,,13334,1.66675,0.016951237921871476,136.00437927246094,0.01700054740905762,0.040004589080810546,0.02784954071044922,0.038548782348632814,0.025776268005371094,REST,0,0,0,0,False,False,False,False,False,False,,,,,,,,,,6.0,3.0,20.0,0.25
emg,6340359182,5449895,1,,,13467,1.683375,0.03289428460711008,123.46572875976562,0.015433216094970703,0.040004589080810546,0.02784954071044922,0.038548782348632814,0.025776268005371094,REST,0,0,0,0,False,False,False,False,False,False,,,,,,,,,,6.0,3.0,20.0,0.25
emg,6340463833,5449985,1,,,13064,1.633,-0.01758536611147532,106.85041046142578,0.013356301307678222,0.040004589080810546,0.02784954071044922,0.038548782348632814,0.025776268005371094,REST,0,0,0,0,False,False,False,False,False,False,,,,,,,,,,6.0,3.0,20.0,0.25
emg,6340568508,5450075,1,,,13079,1.634875,-0.016152930788614794,101.96029663085938,0.012745037078857421,0.040004589080810546,0.02784954071044922,0.038548782348632814,0.025776268005371094,REST,0,0,0,0,False,False,False,False,False,False,,,,,,,,,,6.0,3.0,20.0,0.25
emg,6340673184,5450165,1,,,13188,1.6485,-0.0027670548505427384,146.08616638183594,0.018260770797729493,0.04025718688964844,0.02798330116271973,0.038548782348632814,0.025776268005371094,REST,0,0,0,0,False,False,False,False,False,False,,,,,,,,,,6.0,3.0,20.0,0.25
emg,6340778155,5450255,1,,,13393,1.674125,0.022653236686786205,106.2833480834961,0.013285418510437012,0.04025718688964844,0.02798330116271973,0.038548782348632814,0.025776268005371094,REST,0,0,0,0,False,False,False,False,False,False,,,,,,,,,,6.0,3.0,20.0,0.25
emg,6340882520,5450345,1,,,13200,1.6500000000000001,-0.0014626033075657574,104.83716583251953,0.013104645729064942,0.04025718688964844,0.02798330116271973,0.038548782348632814,0.025776268005371094,REST,0,0,0,0,False,False,False,False,False,False,,,,,,,,,,6.0,3.0,20.0,0.25
emg,6340987190,5450435,1,,,12939,1.617375,-0.03371112071918314,157.50299072265625,0.01968787384033203,0.04025718688964844,0.02798330116271973,0.038548782348632814,0.025776268005371094,REST,0,0,0,0,False,False,False,False,False,False,,,,,,,,,,6.0,3.0,20.0,0.25
emg,6341091855,5450525,1,,,13109,1.638625,-0.011609044212669062,127.55818176269531,0.015944772720336915,0.04025718688964844,0.02798330116271973,0.038548782348632814,0.025776268005371094,REST,0,0,0,0,False,False,False,False,False,False,,,,,,,,,,6.0,3.0,20.0,0.25
emg,6341197084,5450615,1,,,13269,1.658625,0.008389809747961774,129.0501251220703,0.01613126564025879,0.04025718688964844,0.02798330116271973,0.038548782348632814,0.025776268005371094,REST,0,0,0,0,False,False,False,False,False,False,,,,,,,,,,6.0,3.0,20.0,0.25
emg,6341301214,5450705,1,,,13107,1.6383750000000001,-0.011814761814791463,29.705915451049805,0.0037132394313812256,0.04025718688964844,0.02798330116271973,0.038548782348632814,0.025776268005371094,REST,0,0,0,0,False,False,False,False,False,False,,,,,,,,,,6.0,3.0,20.0,0.25
emg,6341405869,5450795,1,,,13099,1.637375,-0.01315583694620548,106.62294006347656,0.013327867507934571,0.04025718688964844,0.02798330116271973,0.038548782348632814,0.025776268005371094,REST,0,0,0,0,False,False,False,False,False,False,,,,,,,,,,6.0,3.0,20.0,0.25
imu,6341520426,,,633738,1,,,,,,,,,,,,,,,,,,,,,-0.17529296875,-0.0758056640625,0.9053955078125,-0.022900763358778626,0.08396946564885496,0.05343511450381679,,,,6.0,3.0,20.0,0.25
imu,6341560427,,,633742,1,,,,,,,,,,,,,,,,,,,,,-0.173828125,-0.07470703125,0.909912109375,-0.030534351145038167,0.06870229007633588,0.022900763358778626,,,,6.0,3.0,20.0,0.25
emg,6341719905,5451065,1,,,13279,1.659875,0.011398395491480251,188.5658416748047,0.023570730209350587,0.040518569946289065,0.02812383460998535,0.038548782348632814,0.025776268005371094,REST,0,0,0,0,False,False,False,False,False,False,,,,,,,,,,6.0,3.0,20.0,0.25
emg,6341812927,5451145,1,,,13177,1.647125,-0.0012785171841680487,107.53836822509766,0.013442296028137207,0.040518569946289065,0.02812383460998535,0.038548782348632814,0.025776268005371094,REST,0,0,0,0,False,False,False,False,False,False,,,,,,,,,,6.0,3.0,20.0,0.25
emg,6341917588,5451235,1,,,13372,1.6715,0.023406172539754744,114.9803466796875,0.014372543334960937,0.040518569946289065,0.02812383460998535,0.038548782348632814,0.025776268005371094,REST,0,0,0,0,False,False,False,False,False,False,,,,,,,,,,6.0,3.0,20.0,0.25
emg,6342022258,5451325,1,,,13174,1.64675,-0.000944042634946074,145.52342224121094,0.01819042778015137,0.040518569946289065,0.02812383460998535,0.038548782348632814,0.025776268005371094,REST,0,0,0,0,False,False,False,False,False,False,,,,,,,,,,6.0,3.0,20.0,0.25
emg,6342127523,5451415,1,,,12952,1.619,-0.028178878824816067,181.94598388671875,0.022743247985839845,0.040518569946289065,0.02812383460998535,0.038548782348632814,0.025776268005371094,REST,0,0,0,0,False,False,False,False,False,False,,,,,,,,,,6.0,3.0,20.0,0.25
emg,6342231607,5451505,1,,,13298,1.66225,0.014711421531014901,176.7987518310547,0.022099843978881838,0.040518569946289065,0.02812383460998535,0.038548782348632814,0.025776268005371094,REST,0,0,0,0,False,False,False,False,False,False,,,,,,,,,,6.0,3.0,20.0,0.25
emg,6342336268,5451595,1,,,24801,3.1001250000000002,1.4118726017330563,7921.37890625,0.99017236328125,0.040518569946289065,0.02812383460998535,0.038548782348632814,0.025776268005371094,ACTIVE,0,0,0,0,True,True,False,False,False,False,,,,,,,,,,6.0,3.0,20.0,0.25
emg,6342440933,5451685,1,,,13295,1.661875,-0.01769457497707916,1708.178466796875,0.2135223083496094,0.040518569946289065,0.02812383460998535,0.038548782348632814,0.025776268005371094,ACTIVE,0,0,0,0,True,True,False,False,False,False,,,,,,,,,,6.0,3.0,20.0,0.25
emg,6342546779,5451776,1,,,12420,1.5525,-0.11443372315819755,856.8007202148438,0.10710009002685547,0.040518569946289065,0.02812383460998535,0.038548782348632814,0.025776268005371094,ACTIVE,0,0,0,0,True,True,False,False,False,False,,,,,,,,,,6.0,3.0,20.0,0.25
emg,6342651446,5451866,1,,,12697,1.5871250000000001,-0.07106495992839945,672.8773803710938,0.08410967254638672,0.040518569946289065,0.02812383460998535,0.038548782348632814,0.025776268005371094,ACTIVE,0,0,0,0,True,True,False,False,False,False,,,,,,,,,,6.0,3.0,20.0,0.25
emg,6342758432,5451957,1,,,13004,1.6255,-0.027870388325886175,351.4053039550781,0.043925662994384766,0.040518569946289065,0.02812383460998535,0.038548782348632814,0.025776268005371094,ACTIVE,0,0,0,0,True,True,False,False,False,False,,,,,,,,,,6.0,3.0,20.0,0.25
emg,6342861944,5452047,1,,,13062,1.63275,-0.0188244343804147,147.3485107421875,0.018418563842773437,0.040518569946289065,0.02812383460998535,0.038548782348632814,0.025776268005371094,ACTIVE,0,0,0,0,True,True,False,False,False,False,,,,,,,,,,6.0,3.0,20.0,0.25
emg,6342968335,5452138,1,,,12597,1.574625,-0.07649656617116785,285.8448791503906,0.03573060989379883,0.040518569946289065,0.02812383460998535,0.038548782348632814,0.025776268005371094,REFRACTORY,0,0,0,0,False,False,False,False,False,False,,,,,,,,,,6.0,3.0,20.0,0.25
emg,6343072472,5452228,1,,,13258,1.6572500000000001,0.0077956338946414405,217.263427734375,0.027157928466796877,0.040518569946289065,0.02812383460998535,0.038548782348632814,0.025776268005371094,REFRACTORY,0,0,0,0,False,False,False,False,False,False,,,,,,,,,,6.0,3.0,20.0,0.25
emg,6343177114,5452318,1,,,12968,1.621,-0.02606370580445616,240.06793212890625,0.030008491516113282,0.040518569946289065,0.02812383460998535,0.038548782348632814,0.025776268005371094,REFRACTORY,0,0,0,0,False,False,False,False,False,False,,,,,,,,,,6.0,3.0,20.0,0.25
emg,6343281780,5452408,1,,,13019,1.627375,-0.017036011522127525,244.5728302001953,0.030571603775024415,0.040518569946289065,0.02812383460998535,0.038548782348632814,0.025776268005371094,REST,0,0,0,0,False,False,False,False,False,False,,,,,,,,,,6.0,3.0,20.0,0.25
emg,6343386463,5452498,1,,,12908,1.6135,-0.029599022345157877,165.59210205078125,0.020699012756347657,0.040518569946289065,0.02812383460998535,0.038548782348632814,0.025776268005371094,REST,0,0,0,0,False,False,False,False,False,False,,,,,,,,,,6.0,3.0,20.0,0.25
emg,6343491184,5452588,1,,,12829,1.603625,-0.03837768095393512,147.8917694091797,0.018486471176147462,0.040518569946289065,0.02812383460998535,0.038548782348632814,0.025776268005371094,REST,0,0,0,0,False,False,False,False,False,False,,,,,,,,,,6.0,3.0,20.0,0.25
emg,6343595802,5452678,1,,,13114,1.63925,-0.0020980800232541785,139.92230224609375,0.01749028778076172,0.040518569946289065,0.02812383460998535,0.038548782348632814,0.025776268005371094,REST,0,0,0,0,False,False,False,False,False,False,,,,,,,,,,6.0,3.0,20.0,0.25
imu,6343640426,,,633950,1,,,,,,,,,,,,,,,,,,,,,-0.1741943359375,-0.073974609375,0.90576171875,-0.030534351145038167,0.09923664122137404,0.061068702290076333,,,,6.0,3.0,20.0,0.25
emg,6343805143,5452858,1,,,13042,1.63025,-0.010536206391241754,108.00100708007812,0.013500125885009765,0.040797565460205076,0.028294065475463866,0.038548782348632814,0.025776268005371094,REST,0,0,0,0,False,False,False,False,False,False,,,,,,,,,,6.0,3.0,20.0,0.25
emg,6343910372,5452948,1,,,13129,1.641125,0.0001954294407207069,71.64600372314453,0.008955750465393066,0.040797565460205076,0.028294065475463866,0.038548782348632814,0.025776268005371094,REST,0,0,0,0,False,False,False,False,False,False,,,,,,,,,,6.0,3.0,20.0,0.25
emg,6344002859,5453028,1,,,13177,1.647125,0.005850553514401113,137.93743896484375,0.01724217987060547,0.040797565460205076,0.028294065475463866,0.038548782348632814,0.025776268005371094,REST,0,0,0,0,False,False,False,False,False,False,,,,,,,,,,6.0,3.0,20.0,0.25
imu,6344120426,,,633998,1,,,,,,,,,,,,,,,,,,,,,-0.1748046875,-0.0745849609375,0.9100341796875,-0.015267175572519083,0.09923664122137404,0.04580152671755725,,,,6.0,3.0,20.0,0.25
imu,6344160431,,,634002,1,,,,,,,,,,,,,,,,,,,,,-0.173828125,-0.075439453125,0.910400390625,-0.007633587786259542,0.05343511450381679,0.08396946564885496,,,,6.0,3.0,20.0,0.25
emg,6344317582,5453298,1,,,13462,1.68275,0.03983998062353855,180.30960083007812,0.022538700103759766,0.040797565460205076,0.028294065475463866,0.038548782348632814,0.025776268005371094,REST,0,0,0,0,False,False,False,False,False,False,,,,,,,,,,6.0,3.0,20.0,0.25
emg,6344421566,5453388,1,,,13076,1.6345,-0.00887106393563486,213.2159881591797,0.02665199851989746,0.040797565460205076,0.028294065475463866,0.038548782348632814,0.025776268005371094,REST,0,0,0,0,False,False,False,False,False,False,,,,,,,,,,6.0,3.0,20.0,0.25
emg,6344526192,5453478,1,,,13137,1.642125,-0.0019524295946795611,177.37786865234375,0.02217223358154297,0.040797565460205076,0.028294065475463866,0.038548782348632814,0.025776268005371094,REST,0,0,0,0,False,False,False,False,False,False,,,,,,,,,,6.0,3.0,20.0,0.25
emg,6344630865,5453568,1,,,12931,1.6163750000000001,-0.027492804578769015,159.6232452392578,0.019952905654907226,0.040797565460205076,0.028294065475463866,0.038548782348632814,0.025776268005371094,REST,0,0,0,0,False,False,False,False,False,False,,,,,,,,,,6.0,3.0,20.0,0.25
emg,6344735543,5453658,1,,,13157,1.644625,0.0005046363802545528,81.80653381347656,0.01022581672668457,0.0411198844909668,0.028490697860717774,0.038548782348632814,0.025776268005371094,REST,0,0,0,0,False,False,False,False,False,False,,,,,,,,,,6.0,3.0,20.0,0.25
emg,6344840481,5453748,1,,,13203,1.650375,0.005994376167748339,152.27325439453125,0.019034156799316408,0.0411198844909668,0.028490697860717774,0.038548782348632814,0.025776268005371094,REST,0,0,0,0,False,False,False,False,False,False,,,,,,,,,,6.0,3.0,20.0,0.25
emg,6344944877,5453838,1,,,13167,1.645875,0.0009682088197002781,113.77473449707031,0.01422184181213379,0.0411198844909668,0.028490697860717774,0.038548782348632814,0.025776268005371094,REST,0,0,0,0,False,False,False,False,False,False,,,,,,,,,,6.0,3.0,20.0,0.25
emg,6345049542,5453928,1,,,13385,1.673125,0.027422165019046263,117.4512939453125,0.014681411743164063,0.0411198844909668,0.028490697860717774,0.038548782348632814,0.025776268005371094,REST,0,0,0,0,False,False,False,False,False,False,,,,,,,,,,6.0,3.0,20.0,0.25
emg,6345155380,5454019,1,,,13235,1.654375,0.008086146147387119,151.06124877929688,0.01888265609741211,0.0411198844909668,0.028490697860717774,0.038548782348632814,0.025776268005371094,REST,0,0,0,0,False,False,False,False,False,False,,,,,,,,,,6.0,3.0,20.0,0.25
emg,6345260069,5454109,1,,,13275,1.659375,0.01224017555601753,171.42315673828125,0.021427894592285158,0.0411198844909668,0.028490697860717774,0.038548782348632814,0.025776268005371094,REST,0,0,0,0,False,False,False,False,False,False,,,,,,,,,,6.0,3.0,20.0,0.25
emg,6345365881,5454200,1,,,13084,1.6355,-0.012227942262961422,115.65998840332031,0.014457498550415039,0.0411198844909668,0.028490697860717774,0.038548782348632814,0.025776268005371094,REST,0,0,0,0,False,False,False,False,False,False,,,,,,,,,,6.0,3.0,20.0,0.25
emg,6345470550,5454290,1,,,13227,1.653375,0.00524351747894114,124.40225982666016,0.01555028247833252,0.0411198844909668,0.028490697860717774,0.038548782348632814,0.025776268005371094,REST,0,0,0,0,False,False,False,False,False,False,,,,,,,,,,6.0,3.0,20.0,0.25
emg,6345575223,5454380,1,,,13298,1.66225,0.014466538590991895,134.86178588867188,0.016857723236083984,0.0411198844909668,0.028490697860717774,0.038548782348632814,0.025776268005371094,REST,0,0,0,0,False,False,False,False,False,False,,,,,,,,,,6.0,3.0,20.0,0.25
emg,6345679899,5454470,1,,,13065,1.633125,-0.014794218633547462,88.59223175048828,0.011074028968811036,0.04133595275878906,0.02863534355163574,0.038548782348632814,0.025776268005371094,REST,0,0,0,0,False,False,False,False,False,False,,,,,,,,,,6.0,3.0,20.0,0.25
emg,6345784563,5454560,1,,,13041,1.630125,-0.01715801701599662,172.90826416015625,0.021613533020019532,0.04133595275878906,0.02863534355163574,0.038548782348632814,0.025776268005371094,REST,0,0,0,0,False,False,False,False,False,False,,,,,,,,,,6.0,3.0,20.0,0.25
emg,6345889230,5454650,1,,,13215,1.651875,0.004714174157221862,142.94505310058594,0.017868131637573243,0.04133595275878906,0.02863534355163574,0.038548782348632814,0.025776268005371094,REST,0,0,0,0,False,False,False,False,False,False,,,,,,,,,,6.0,3.0,20.0,0.25
emg,6345993903,5454740,1,,,13233,1.654125,0.0069052094509307604,106.85269927978516,0.013356587409973145,0.04133595275878906,0.02863534355163574,0.038548782348632814,0.025776268005371094,REST,0,0,0,0,False,False,False,False,False,False,,,,,,,,,,6.0,3.0,20.0,0.25
emg,6346098576,5454830,1,,,13556,1.6945000000000001,0.046543872851309454,154.52403259277344,0.01931550407409668,0.04133595275878906,0.02863534355163574,0.038548782348632814,0.025776268005371094,REST,0,0,0,0,False,False,False,False,False,False,,,,,,,,,,6.0,3.0,20.0,0.25
imu,6346200426,,,634206,1,,,,,,,,,,,,,,,,,,,,,-0.176513671875,-0.07470703125,0.9134521484375,-0.09923664122137404,0.030534351145038167,0.05343511450381679,,,,6.0,3.0,20.0,0.25
imu,6346240426,,,634210,1,,,,,,,,,,,,,,,,,,,,,-0.1761474609375,-0.07373046875,0.9158935546875,-0.06870229007633588,0.04580152671755725,0.03816793893129771,,,,6.0,3.0,20.0,0.25
emg,6346414907,5455101,1,,,13199,1.649875,0.002183875203063401,94.45931243896484,0.011807414054870605,0.04133595275878906,0.02863534355163574,0.038548782348632814,0.025776268005371094,REST,0,0,0,0,False,False,False,False,False,False,,,,,,,,,,6.0,3.0,20.0,0.25
emg,6346506792,5455181,1,,,12987,1.623375,-0.02429952572248939,140.19639587402344,0.01752454948425293,0.04133595275878906,0.02863534355163574,0.038548782348632814,0.025776268005371094,REST,0,0,0,0,False,False,False,False,False,False,,,,,,,,,,6.0,3.0,20.0,0.25
emg,6346612641,5455272,1,,,13058,1.63225,-0.014867835994963663,231.42713928222656,0.028928392410278322,0.04133595275878906,0.02863534355163574,0.038548782348632814,0.025776268005371094,REST,0,0,0,0,False,False,False,False,False,False,,,,,,,,,,6.0,3.0,20.0,0.25
imu,6346720429,,,634258,1,,,,,,,,,,,,,,,,,,,,,-0.1767578125,-0.075927734375,0.9085693359375,-0.06870229007633588,0.09923664122137404,0.030534351145038167,,,,6.0,3.0,20.0,0.25
imu,6346760426,,,634262,1,,,,,,,,,,,,,,,,,,,,,-0.1715087890625,-0.0736083984375,0.9102783203125,0.0,0.04580152671755725,0.09923664122137404,,,,6.0,3.0,20.0,0.25
emg,6346927588,5455542,1,,,13166,1.64575,6.612443707543214e-05,162.8705291748047,0.020358816146850586,0.04169128036499024,0.028856895446777345,0.038548782348632814,0.025776268005371094,REST,0,0,0,0,False,False,False,False,False,False,,,,,,,,,,6.0,3.0,20.0,0.25
emg,6347031316,5455632,1,,,13435,1.679375,0.033093462457547185,161.4894256591797,0.020186178207397463,0.04169128036499024,0.028856895446777345,0.038548782348632814,0.025776268005371094,REST,0,0,0,0,False,False,False,False,False,False,,,,,,,,,,6.0,3.0,20.0,0.25
emg,6347135974,5455722,1,,,13332,1.6665,0.019338819612228164,177.89572143554688,0.02223696517944336,0.04169128036499024,0.028856895446777345,0.038548782348632814,0.025776268005371094,REST,0,0,0,0,False,False,False,False,False,False,,,,,,,,,,6.0,3.0,20.0,0.25
emg,6347240639,5455812,1,,,13215,1.651875,0.0040998832443346345,151.3310089111328,0.018916376113891603,0.04169128036499024,0.028856895446777345,0.038548782348632814,0.025776268005371094,REST,0,0,0,0,False,False,False,False,False,False,,,,,,,,,,6.0,3.0,20.0,0.25
emg,6347345315,5455902,1,,,13077,1.634625,-0.01339634361172326,150.6918182373047,0.018836477279663085,0.04169128036499024,0.028856895446777345,0.038548782348632814,0.025776268005371094,REST,0,0,0,0,False,False,False,False,False,False,,,,,,,,,,6.0,3.0,20.0,0.25
emg,6347450554,5455992,1,,,13128,1.641,-0.007167234437220005,101.13709259033203,0.012642136573791504,0.04169128036499024,0.028856895446777345,0.038548782348632814,0.025776268005371094,REST,0,0,0,0,False,False,False,False,False,False,,,,,,,,,,6.0,3.0,20.0,0.25
emg,6347554652,5456082,1,,,13116,1.6395,-0.008380058486378017,125.01615142822266,0.015627018928527834,0.04169128036499024,0.028856895446777345,0.038548782348632814,0.025776268005371094,REST,0,0,0,0,False,False,False,False,False,False,,,,,,,,,,6.0,3.0,20.0,0.25
emg,6347660480,5456172,1,,,13334,1.66675,0.018061513251873995,159.82028198242188,0.019977535247802734,0.04169128036499024,0.028856895446777345,0.038548782348632814,0.025776268005371094,REST,0,0,0,0,False,False,False,False,False,False,,,,,,,,,,6.0,3.0,20.0,0.25
emg,6347765152,5456263,1,,,13127,1.640875,-0.007900791105069471,113.10388946533203,0.014137986183166504,0.04207292175292969,0.029090341567993165,0.038548782348632814,0.025776268005371094,REST,0,0,0,0,False,False,False,False,False,False,,,,,,,,,,6.0,3.0,20.0,0.25
emg,6347870986,5456354,1,,,13152,1.6440000000000001,-0.004601310143175219,133.83277893066406,0.016729097366333007,0.04207292175292969,0.029090341567993165,0.038548782348632814,0.025776268005371094,REST,0,0,0,0,False,False,False,False,False,False,,,,,,,,,,6.0,3.0,20.0,0.25
emg,6347975657,5456444,1,,,13252,1.6565,0.007830370575695023,146.59634399414062,0.018324542999267578,0.04207292175292969,0.029090341567993165,0.038548782348632814,0.025776268005371094,REST,0,0,0,0,False,False,False,False,False,False,,,,,,,,,,6.0,3.0,20.0,0.25
emg,6348080318,5456534,1,,,13510,1.68875,0.04001502913999855,139.15975952148438,0.017394969940185547,0.04207292175292969,0.029090341567993165,0.038548782348632814,0.025776268005371094,REST,0,0,0,0,False,False,False,False,False,False,,,,,,,,,,6.0,3.0,20.0,0.25
emg,6348184995,5456624,1,,,13188,1.6485,-0.0006863110213861656,129.21343994140625,0.01615167999267578,0.04207292175292969,0.029090341567993165,0.038548782348632814,0.025776268005371094,REST,0,0,0,0,False,False,False,False,False,False,,,,,,,,,,6.0,3.0,20.0,0.25
emg,6348289671,5456714,1,,,12922,1.61525,-0.03413318447864433,126.41500091552734,0.01580187511444092,0.04207292175292969,0.029090341567993165,0.038548782348632814,0.025776268005371094,REST,0,0,0,0,False,False,False,False,False,False,,,,,,,,,,6.0,3.0,20.0,0.25
emg,6348394332,5456804,1,,,13175,1.646875,-0.0026199510308408946,181.5559539794922,0.022694494247436525,0.04207292175292969,0.029090341567993165,0.038548782348632814,0.025776268005371094,REST,0,0,0,0,False,False,False,False,False,False,,,,,,,,,,6.0,3.0,20.0,0.25
emg,6348499005,5456894,1,,,13365,1.670625,0.021282464218875807,96.42362976074219,0.012052953720092774,0.04207292175292969,0.029090341567993165,0.038548782348632814,0.025776268005371094,REST,0,0,0,0,False,False,False,False,False,False,,,,,,,,,,6.0,3.0,20.0,0.25
emg,6348603675,5456984,1,,,13248,1.6560000000000001,0.006497064899129823,130.8805694580078,0.01636007118225098,0.04207292175292969,0.029090341567993165,0.038548782348632814,0.025776268005371094,REST,0,0,0,0,False,False,False,False,False,False,,,,,,,,,,6.0,3.0,20.0,0.25
emg,6348708352,5457074,1,,,12888,1.611,-0.03788726562104294,154.45590209960938,0.019306987762451173,0.04236360168457031,0.029261543273925782,0.038548782348632814,0.025776268005371094,REST,0,0,0,0,False,False,False,False,False,False,,,,,,,,,,6.0,3.0,20.0,0.25
imu,6348800557,,,634466,1,,,,,,,,,,,,,,,,,,,,,-0.1763916015625,-0.073974609375,0.9090576171875,-0.007633587786259542,0.061068702290076333,0.030534351145038167,,,,6.0,3.0,20.0,0.25
imu,6348840426,,,634470,1,,,,,,,,,,,,,,,,,,,,,-0.1749267578125,-0.0758056640625,0.910888671875,-0.05343511450381679,0.05343511450381679,0.061068702290076333,,,,6.0,3.0,20.0,0.25
emg,6349023515,5457345,1,,,13040,1.6300000000000001,-0.01790274958273841,164.4052276611328,0.0205506534576416,0.04236360168457031,0.029261543273925782,0.038548782348632814,0.025776268005371094,REST,0,0,0,0,False,False,False,False,False,False,,,,,,,,,,6.0,3.0,20.0,0.25
emg,6349118315,5457426,1,,,13296,1.6620000000000001,0.014301167675326854,122.68358612060547,0.015335448265075683,0.04236360168457031,0.029261543273925782,0.038548782348632814,0.025776268005371094,REST,0,0,0,0,False,False,False,False,False,False,,,,,,,,,,6.0,3.0,20.0,0.25
emg,6349223555,5457517,1,,,13129,1.641125,-0.006203440590462961,138.83900451660156,0.017354875564575194,0.04236360168457031,0.029261543273925782,0.038548782348632814,0.025776268005371094,REST,0,0,0,0,False,False,False,False,False,False,,,,,,,,,,6.0,3.0,20.0,0.25
imu,6349320426,,,634518,1,,,,,,,,,,,,,,,,,,,,,-0.17333984375,-0.074462890625,0.90869140625,-0.09923664122137404,0.06870229007633588,0.0,,,,6.0,3.0,20.0,0.25
emg,6349432900,5457697,1,,,13093,1.636625,-0.010523719231389617,122.81686401367188,0.015352108001708985,0.04236360168457031,0.029261543273925782,0.038548782348632814,0.025776268005371094,REST,0,0,0,0,False,False,False,False,False,False,,,,,,,,,,6.0,3.0,20.0,0.25
emg,6349538140,5457787,1,,,13269,1.658625,0.011676394721180205,96.049072265625,0.012006134033203126,0.04236360168457031,0.029261543273925782,0.038548782348632814,0.025776268005371094,REST,0,0,0,0,False,False,False,False,False,False,,,,,,,,,,6.0,3.0,20.0,0.25
emg,6349642239,5457877,1,,,13257,1.657125,0.010385623450828607,95.59574890136719,0.011949468612670898,0.04236360168457031,0.029261543273925782,0.038548782348632814,0.025776268005371094,REST,0,0,0,0,False,False,False,False,False,False,,,,,,,,,,6.0,3.0,20.0,0.25
emg,6349746904,5457967,1,,,13238,1.65475,0.008189351675742307,122.22167205810547,0.015277709007263184,0.04238374710083008,0.029271453857421876,0.038548782348632814,0.025776268005371094,REST,0,0,0,0,False,False,False,False,False,False,,,,,,,,,,6.0,3.0,20.0,0.25
emg,6349851567,5458057,1,,,13059,1.6323750000000001,-0.014158303286248453,139.48390197753906,0.017435487747192384,0.04238374710083008,0.029271453857421876,0.038548782348632814,0.025776268005371094,REST,0,0,0,0,False,False,False,False,False,False,,,,,,,,,,6.0,3.0,20.0,0.25
emg,6349956873,5458147,1,,,13227,1.653375,0.006372200755379254,92.52410125732422,0.011565512657165527,0.04238374710083008,0.029271453857421876,0.038548782348632814,0.025776268005371094,REST,0,0,0,0,False,False,False,False,False,False,,,,,,,,,,6.0,3.0,20.0,0.25
emg,6350060932,5458237,1,,,13160,1.645,-0.0016559498532759953,166.42315673828125,0.020802894592285157,0.04238374710083008,0.029271453857421876,0.038548782348632814,0.025776268005371094,REST,0,0,0,0,False,False,False,False,False,False,,,,,,,,,,6.0,3.0,20.0,0.25
emg,6350165579,5458327,1,,,13064,1.633,-0.013746041318376756,120.54444885253906,0.015068056106567383,0.04238374710083008,0.029271453857421876,0.038548782348632814,0.025776268005371094,REST,0,0,0,0,False,False,False,False,False,False,,,,,,,,,,6.0,3.0,20.0,0.25
emg,6350270252,5458417,1,,,12782,1.59775,-0.04918938030118514,319.0348815917969,0.03987936019897461,0.04238374710083008,0.029271453857421876,0.038548782348632814,0.025776268005371094,REST,0,0,0,0,False,False,False,False,False,False,,,,,,,,,,6.0,3.0,20.0,0.25
emg,6350376084,5458508,1,,,13107,1.6383750000000001,-0.008725791385688408,128.54293823242188,0.016067867279052735,0.04238374710083008,0.029271453857421876,0.038548782348632814,0.025776268005371094,REST,0,0,0,0,False,False,False,False,False,False,,,,,,,,,,6.0,3.0,20.0,0.25
emg,6350480769,5458598,1,,,13215,1.651875,0.004266366759023255,511.1538391113281,0.06389422988891602,0.04238374710083008,0.029271453857421876,0.038548782348632814,0.025776268005371094,CANDIDATE,0,0,0,0,False,False,False,False,False,False,,,,,,,,,,6.0,3.0,20.0,0.25
emg,6350585424,5458688,1,,,19053,2.381625,0.6756688709540422,10145.3515625,1.2681689453125,0.04238374710083008,0.029271453857421876,0.038548782348632814,0.025776268005371094,ACTIVE,0,0,0,0,True,True,False,False,False,False,,,,,,,,,,6.0,3.0,20.0,0.25
emg,6350690092,5458778,1,,,12168,1.5210000000000001,-0.15561260820926281,2042.716064453125,0.25533950805664063,0.04238374710083008,0.029271453857421876,0.038548782348632814,0.025776268005371094,ACTIVE,0,0,0,0,True,True,False,False,False,False,,,,,,,,,,6.0,3.0,20.0,0.25
emg,6350794767,5458868,1,,,12450,1.5562500000000001,-0.10491553281084998,1190.14697265625,0.14876837158203127,0.04238374710083008,0.029271453857421876,0.038548782348632814,0.025776268005371094,ACTIVE,0,0,0,0,True,True,False,False,False,False,,,,,,,,,,6.0,3.0,20.0,0.25
imu,6350880426,,,634674,1,,,,,,,,,,,,,,,,,,,,,-0.1669921875,-0.06884765625,0.9095458984375,-0.5419847328244275,0.015267175572519083,-0.03816793893129771,,,,6.0,3.0,20.0,0.25
emg,6351004104,5459048,1,,,13278,1.65975,0.01053425518351414,307.1640930175781,0.03839551162719727,0.04238374710083008,0.029271453857421876,0.038548782348632814,0.025776268005371094,ACTIVE,0,0,0,0,True,True,False,False,False,False,,,,,,,,,,6.0,3.0,20.0,0.25
emg,6351108777,5459138,1,,,12857,1.6071250000000001,-0.038888574002553744,224.37887573242188,0.028047359466552735,0.04238374710083008,0.029271453857421876,0.038548782348632814,0.025776268005371094,ACTIVE,0,0,0,0,True,True,False,False,False,False,,,,,,,,,,6.0,3.0,20.0,0.25
emg,6351213447,5459228,1,,,12906,1.61325,-0.030210931853966505,290.7251281738281,0.036340641021728515,0.04238374710083008,0.029271453857421876,0.038548782348632814,0.025776268005371094,ACTIVE,0,0,0,0,True,True,False,False,False,False,,,,,,,,,,6.0,3.0,20.0,0.25
emg,6351306487,5459308,1,,,12701,1.587625,-0.05391520366789404,229.88902282714844,0.028736127853393554,0.04238374710083008,0.029271453857421876,0.038548782348632814,0.025776268005371094,ACTIVE,0,0,0,0,True,True,False,False,False,False,,,,,,,,,,6.0,3.0,20.0,0.25
imu,6351400426,,,634726,1,,,,,,,,,,,,,,,,,,,,,-0.1763916015625,-0.0733642578125,0.911865234375,0.0,0.022900763358778626,-0.030534351145038167,,,,6.0,3.0,20.0,0.25
imu,6351440431,,,634730,1,,,,,,,,,,,,,,,,,,,,,-0.174072265625,-0.0765380859375,0.9107666015625,0.015267175572519083,0.05343511450381679,0.03816793893129771,,,,6.0,3.0,20.0,0.25
emg,6351621660,5459579,1,,,13188,1.6485,0.010351005862075935,166.74098205566406,0.02084262275695801,0.04238374710083008,0.029271453857421876,0.038548782348632814,0.025776268005371094,REFRACTORY,0,0,0,0,False,False,False,False,False,False,,,,,,,,,,6.0,3.0,20.0,0.25
emg,6351726336,5459669,1,,,12980,1.6225,-0.015632009451737483,119.50313568115234,0.014937891960144042,0.04238374710083008,0.029271453857421876,0.038548782348632814,0.025776268005371094,REFRACTORY,0,0,0,0,False,False,False,False,False,False,,,,,,,,,,6.0,3.0,20.0,0.25
emg,6351831560,5459759,1,,,13176,1.647,0.008249303589458412,130.044677734375,0.016255584716796875,0.04238374710083008,0.029271453857421876,0.038548782348632814,0.025776268005371094,REST,0,0,0,0,False,False,False,False,False,False,,,,,,,,,,6.0,3.0,20.0,0.25
emg,6351936830,5459850,1,,,13352,1.669,0.029499259137441003,138.74159240722656,0.01734269905090332,0.04238374710083008,0.029271453857421876,0.038548782348632814,0.025776268005371094,REST,0,0,0,0,False,False,False,False,False,False,,,,,,,,,,6.0,3.0,20.0,0.25
emg,6352041503,5459940,1,,,13093,1.636625,-0.00413263075916892,153.00489807128906,0.019125612258911132,0.04238374710083008,0.029271453857421876,0.038548782348632814,0.025776268005371094,REST,0,0,0,0,False,False,False,False,False,False,,,,,,,,,,6.0,3.0,20.0,0.25
emg,6352146179,5460030,1,,,13128,1.641,-0.00039928128811084207,123.86505889892578,0.015483132362365723,0.04238032913208008,0.029272724151611328,0.038548782348632814,0.025776268005371094,REST,0,0,0,0,False,False,False,False,False,False,,,,,,,,,,6.0,3.0,20.0,0.25
emg,6352251181,5460120,1,,,13090,1.63625,-0.00582436736461478,149.344482421875,0.018668060302734376,0.04238032913208008,0.029272724151611328,0.038548782348632814,0.025776268005371094,REST,0,0,0,0,False,False,False,False,False,False,,,,,,,,,,6.0,3.0,20.0,0.25
emg,6352355518,5460210,1,,,13332,1.6665,0.02385691933641043,101.78852081298828,0.012723565101623535,0.04238032913208008,0.029272724151611328,0.038548782348632814,0.025776268005371094,REST,0,0,0,0,False,False,False,False,False,False,,,,,,,,,,6.0,3.0,20.0,0.25
emg,6352460185,5460300,1,,,13209,1.651125,0.007812247133636818,166.6342010498047,0.020829275131225587,0.04238032913208008,0.029272724151611328,0.038548782348632814,0.025776268005371094,REST,0,0,0,0,False,False,False,False,False,False,,,,,,,,,,6.0,3.0,20.0,0.25
emg,6352564856,5460390,1,,,13244,1.6555,0.011579089136681375,150.28823852539062,0.01878602981567383,0.04238032913208008,0.029272724151611328,0.038548782348632814,0.025776268005371094,REST,0,0,0,0,False,False,False,False,False,False,,,,,,,,,,6.0,3.0,20.0,0.25
emg,6352670082,5460480,1,,,13014,1.6267500000000001,-0.017593529118032247,128.43231201171875,0.016054039001464845,0.04238032913208008,0.029272724151611328,0.038548782348632814,0.025776268005371094,REST,0,0,0,0,False,False,False,False,False,False,,,,,,,,,,6.0,3.0,20.0,0.25
emg,6352774217,5460570,1,,,13065,1.633125,-0.011444395576848176,135.01544189453125,0.016876930236816405,0.04238032913208008,0.029272724151611328,0.038548782348632814,0.025776268005371094,REST,0,0,0,0,False,False,False,False,False,False,,,,,,,,,,6.0,3.0,20.0,0.25
emg,6352880024,5460661,1,,,13204,1.6505,0.005978524655261719,91.31404876708984,0.01141425609588623,0.04238032913208008,0.029272724151611328,0.038548782348632814,0.025776268005371094,REST,0,0,0,0,False,False,False,False,False,False,,,,,,,,,,6.0,3.0,20.0,0.25
emg,6352984693,5460751,1,,,12891,1.611375,-0.032804924102666,135.72071838378906,0.016965089797973634,0.04238032913208008,0.029272724151611328,0.038548782348632814,0.025776268005371094,REST,0,0,0,0,False,False,False,False,False,False,,,,,,,,,,6.0,3.0,20.0,0.25
emg,6353089899,5460841,1,,,13150,1.64375,-0.0005394410954813189,104.62045288085938,0.013077556610107422,0.042460975646972654,0.029329792022705078,0.038548782348632814,0.025776268005371094,REST,0,0,0,0,False,False,False,False,False,False,,,,,,,,,,6.0,3.0,20.0,0.25
emg,6353194041,5460931,1,,,13253,1.656625,0.011721528654573321,74.48980712890625,0.009311225891113281,0.042460975646972654,0.029329792022705078,0.038548782348632814,0.025776268005371094,REST,0,0,0,0,False,False,False,False,False,False,,,,,,,,,,6.0,3.0,20.0,0.25
emg,6353298705,5461021,1,,,13374,1.67175,0.02634490514747645,141.5748748779297,0.01769685935974121,0.042460975646972654,0.029329792022705078,0.038548782348632814,0.025776268005371094,REST,0,0,0,0,False,False,False,False,False,False,,,,,,,,,,6.0,3.0,20.0,0.25
emg,6353403371,5461111,1,,,13284,1.6605,0.01344402686370949,137.51454162597656,0.01718931770324707,0.042460975646972654,0.029329792022705078,0.038548782348632814,0.025776268005371094,REST,0,0,0,0,False,False,False,False,False,False,,,,,,,,,,6.0,3.0,20.0,0.25
imu,6353480426,,,634934,1,,,,,,,,,,,,,,,,,,,,,-0.1744384765625,-0.0743408203125,0.9107666015625,-0.08396946564885496,0.030534351145038167,0.0,,,,6.0,3.0,20.0,0.25
emg,6353612740,5461291,1,,,13278,1.65975,0.01070374042695521,116.619140625,0.014577392578125,0.042460975646972654,0.029329792022705078,0.038548782348632814,0.025776268005371094,REST,0,0,0,0,False,False,False,False,False,False,,,,,,,,,,6.0,3.0,20.0,0.25
emg,6353717381,5461381,1,,,13349,1.668625,0.0187115639006461,87.55844116210938,0.010944805145263673,0.042460975646972654,0.029329792022705078,0.038548782348632814,0.025776268005371094,REST,0,0,0,0,False,False,False,False,False,False,,,,,,,,,,6.0,3.0,20.0,0.25
emg,6353810426,5461461,1,,,13299,1.662375,0.010810538836981243,182.11317443847656,0.022764146804809572,0.042460975646972654,0.029329792022705078,0.038548782348632814,0.025776268005371094,REST,0,0,0,0,False,False,False,False,False,False,,,,,,,,,,6.0,3.0,20.0,0.25
emg,6353915096,5461551,1,,,13574,1.69675,0.04250668321740858,198.47775268554688,0.02480971908569336,0.042460975646972654,0.029329792022705078,0.038548782348632814,0.025776268005371094,REST,0,0,0,0,False,False,False,False,False,False,,,,,,,,,,6.0,3.0,20.0,0.25
imu,6354000431,,,634986,1,,,,,,,,,,,,,,,,,,,,,-0.1761474609375,-0.074462890625,0.908935546875,-0.06870229007633588,0.04580152671755725,0.05343511450381679,,,,6.0,3.0,20.0,0.25
emg,6354126766,5461732,1,,,13417,1.677125,0.0178695126948043,256.3346862792969,0.03204183578491211,0.042703800201416016,0.02948189926147461,0.038548782348632814,0.025776268005371094,REST,0,0,0,0,False,False,False,False,False,False,,,,,,,,,,6.0,3.0,20.0,0.25
emg,6354230262,5461822,1,,,13431,1.6788750000000001,0.01780819468798489,167.541748046875,0.020942718505859374,0.042703800201416016,0.02948189926147461,0.038548782348632814,0.025776268005371094,REST,0,0,0,0,False,False,False,False,False,False,,,,,,,,,,6.0,3.0,20.0,0.25
emg,6354334939,5461912,1,,,13539,1.692375,0.029695470891033304,136.46261596679688,0.01705782699584961,0.042703800201416016,0.02948189926147461,0.038548782348632814,0.025776268005371094,REST,0,0,0,0,False,False,False,False,False,False,,,,,,,,,,6.0,3.0,20.0,0.25
emg,6354441344,5462003,1,,,13322,1.6652500000000001,0.0016309341049667303,160.46458435058594,0.020058073043823243,0.042703800201416016,0.02948189926147461,0.038548782348632814,0.025776268005371094,REST,0,0,0,0,False,False,False,False,False,False,,,,,,,,,,6.0,3.0,20.0,0.25
emg,6354547763,5462094,1,,,13166,1.64575,-0.018038486921407415,114.9032211303711,0.014362902641296388,0.042703800201416016,0.02948189926147461,0.038548782348632814,0.025776268005371094,REST,0,0,0,0,False,False,False,False,False,False,,,,,,,,,,6.0,3.0,20.0,0.25
emg,6354651275,5462184,1,,,13272,1.659,-0.004475062314995393,120.15347290039062,0.01501918411254883,0.042703800201416016,0.02948189926147461,0.038548782348632814,0.025776268005371094,REST,0,0,0,0,False,False,False,False,False,False,,,,,,,,,,6.0,3.0,20.0,0.25
emg,6354755951,5462274,1,,,13272,1.659,-0.0038823870588977627,113.29536437988281,0.014161920547485352,0.042703800201416016,0.02948189926147461,0.038548782348632814,0.025776268005371094,REST,0,0,0,0,False,False,False,False,False,False,,,,,,,,,,6.0,3.0,20.0,0.25
emg,6354861189,5462364,1,,,13135,1.641875,-0.019665536896080082,133.92430114746094,0.016740537643432616,0.042703800201416016,0.02948189926147461,0.038548782348632814,0.025776268005371094,REST,0,0,0,0,False,False,False,False,False,False,,,,,,,,,,6.0,3.0,20.0,0.25
emg,6354965291,5462454,1,,,13180,1.6475,-0.01242132655622652,160.600341796875,0.020075042724609374,0.042703800201416016,0.02948189926147461,0.038548782348632814,0.025776268005371094,REST,0,0,0,0,False,False,False,False,False,False,,,,,,,,,,6.0,3.0,20.0,0.25
emg,6355069955,5462544,1,,,12921,1.6151250000000001,-0.04294126081641103,193.3300018310547,0.024166250228881837,0.04295951843261719,0.029642070770263672,0.038548782348632814,0.025776268005371094,REST,0,0,0,0,False,False,False,False,False,False,,,,,,,,,,6.0,3.0,20.0,0.25
emg,6355174632,5462634,1,,,13214,1.65175,-0.0045649469620154814,191.59878540039062,0.02394984817504883,0.04295951843261719,0.029642070770263672,0.038548782348632814,0.025776268005371094,REST,0,0,0,0,False,False,False,False,False,False,,,,,,,,,,6.0,3.0,20.0,0.25
emg,6355279905,5462724,1,,,13311,1.663875,0.008806308209614588,116.27157592773438,0.014533946990966797,0.04295951843261719,0.029642070770263672,0.038548782348632814,0.025776268005371094,REST,0,0,0,0,False,False,False,False,False,False,,,,,,,,,,6.0,3.0,20.0,0.25
emg,6355383982,5462814,1,,,13017,1.627125,-0.026322094913424188,157.11680603027344,0.01963960075378418,0.04295951843261719,0.029642070770263672,0.038548782348632814,0.025776268005371094,REST,0,0,0,0,False,False,False,False,False,False,,,,,,,,,,6.0,3.0,20.0,0.25
emg,6355492119,5462906,1,,,13128,1.641,-0.011149015646251037,159.2313995361328,0.019903924942016604,0.04295951843261719,0.029642070770263672,0.038548782348632814,0.025776268005371094,REST,0,0,0,0,False,False,False,False,False,False,,,,,,,,,,6.0,3.0,20.0,0.25
imu,6355560426,,,635142,1,,,,,,,,,,,,,,,,,,,,,-0.173828125,-0.075439453125,0.9107666015625,-0.03816793893129771,0.061068702290076333,0.022900763358778626,,,,6.0,3.0,20.0,0.25
emg,6355701472,5463087,1,,,13044,1.6305,-0.01989493038867174,109.13774108886719,0.013642217636108398,0.04295951843261719,0.029642070770263672,0.038548782348632814,0.025776268005371094,REST,0,0,0,0,False,False,False,False,False,False,,,,,,,,,,6.0,3.0,20.0,0.25
emg,6355806136,5463177,1,,,13042,1.63025,-0.019374554573503122,102.98360443115234,0.012872950553894043,0.04295951843261719,0.029642070770263672,0.038548782348632814,0.025776268005371094,REST,0,0,0,0,False,False,False,False,False,False,,,,,,,,,,6.0,3.0,20.0,0.25
emg,6355910804,5463267,1,,,12972,1.6215,-0.0276857022017869,168.9883270263672,0.021123540878295897,0.04295951843261719,0.029642070770263672,0.038548782348632814,0.025776268005371094,REST,0,0,0,0,False,False,False,False,False,False,,,,,,,,,,6.0,3.0,20.0,0.25
emg,6356003844,5463347,1,,,13210,1.65125,0.0019466222486892448,96.5090103149414,0.012063626289367677,0.04295951843261719,0.029642070770263672,0.038548782348632814,0.025776268005371094,REST,0,0,0,0,False,False,False,False,False,False,,,,,,,,,,6.0,3.0,20.0,0.25
imu,6356080426,,,635194,1,,,,,,,,,,,,,,,,,,,,,-0.1788330078125,-0.0732421875,0.9072265625,-0.007633587786259542,0.04580152671755725,0.061068702290076333,,,,6.0,3.0,20.0,0.25
emg,6356224814,5463537,1,,,13037,1.629625,-0.020145300538622957,109.25183868408203,0.013656479835510254,0.04302599716186523,0.02970595359802246,0.038548782348632814,0.025776268005371094,REST,0,0,0,0,False,False,False,False,False,False,,,,,,,,,,6.0,3.0,20.0,0.25
emg,6356317851,5463617,1,,,13227,1.653375,0.003650575904909914,127.15064239501953,0.01589383029937744,0.04302599716186523,0.02970595359802246,0.038548782348632814,0.025776268005371094,REST,0,0,0,0,False,False,False,False,False,False,,,,,,,,,,6.0,3.0,20.0,0.25
emg,6356422524,5463707,1,,,13054,1.63175,-0.017812945074108244,117.69562530517578,0.014711953163146973,0.04302599716186523,0.02970595359802246,0.038548782348632814,0.025776268005371094,REST,0,0,0,0,False,False,False,False,False,False,,,,,,,,,,6.0,3.0,20.0,0.25
emg,6356527200,5463797,1,,,13133,1.6416250000000001,-0.008074604285679188,109.57332611083984,0.013696665763854981,0.04302599716186523,0.02970595359802246,0.038548782348632814,0.025776268005371094,REST,0,0,0,0,False,False,False,False,False,False,,,,,,,,,,6.0,3.0,20.0,0.25
emg,6356631869,5463887,1,,,13246,1.65575,0.005758852763461553,105.1725845336914,0.013146573066711426,0.04302599716186523,0.02970595359802246,0.038548782348632814,0.025776268005371094,REST,0,0,0,0,False,False,False,False,False,False,,,,,,,,,,6.0,3.0,20.0,0.25
emg,6356736532,5463977,1,,,13470,1.68375,0.03345356559139456,138.22213745117188,0.017277767181396484,0.04302599716186523,0.02970595359802246,0.038548782348632814,0.025776268005371094,REST,0,0,0,0,False,False,False,False,False,False,,,,,,,,,,6.0,3.0,20.0,0.25
emg,6356842367,5464068,1,,,13268,1.6585,0.008033053232957554,157.2479705810547,0.019655996322631836,0.04302599716186523,0.02970595359802246,0.038548782348632814,0.025776268005371094,REST,0,0,0,0,False,False,False,False,False,False,,,,,,,,,,6.0,3.0,20.0,0.25
emg,6356947043,5464158,1,,,13027,1.6283750000000001,-0.02188617691546413,131.50405883789062,0.016438007354736328,0.04302599716186523,0.02970595359802246,0.038548782348632814,0.025776268005371094,REST,0,0,0,0,False,False,False,False,False,False,,,,,,,,,,6.0,3.0,20.0,0.25
emg,6357051879,5464248,1,,,13422,1.67775,0.02743672806299413,102.32406616210938,0.012790508270263672,0.04302599716186523,0.02970595359802246,0.038548782348632814,0.025776268005371094,REST,0,0,0,0,False,False,False,False,False,False,,,,,,,,,,6.0,3.0,20.0,0.25
emg,6357156370,5464338,1,,,13355,1.669375,0.01895720037180748,103.42717742919922,0.012928397178649903,0.043017730712890626,0.0297231502532959,0.038548782348632814,0.025776268005371094,REST,0,0,0,0,False,False,False,False,False,False,,,,,,,,,,6.0,3.0,20.0,0.25
emg,6357261047,5464428,1,,,13164,1.6455,-0.005080317036532778,87.76245880126953,0.010970307350158692,0.043017730712890626,0.0297231502532959,0.038548782348632814,0.025776268005371094,REST,0,0,0,0,False,False,False,False,False,False,,,,,,,,,,6.0,3.0,20.0,0.25
emg,6357365723,5464518,1,,,13087,1.635875,-0.014636106427057038,117.68114471435547,0.014710143089294433,0.043017730712890626,0.0297231502532959,0.038548782348632814,0.025776268005371094,REST,0,0,0,0,False,False,False,False,False,False,,,,,,,,,,6.0,3.0,20.0,0.25
emg,6357470947,5464608,1,,,13097,1.637125,-0.013209614505111267,133.03770446777344,0.01662971305847168,0.043017730712890626,0.0297231502532959,0.038548782348632814,0.025776268005371094,REST,0,0,0,0,False,False,False,False,False,False,,,,,,,,,,6.0,3.0,20.0,0.25
emg,6357575065,5464698,1,,,13244,1.6555,0.0051623116841028605,143.4273681640625,0.017928421020507814,0.043017730712890626,0.0297231502532959,0.038548782348632814,0.025776268005371094,REST,0,0,0,0,False,False,False,False,False,False,,,,,,,,,,6.0,3.0,20.0,0.25
emg,6357679727,5464788,1,,,13345,1.668125,0.017721511318292027,114.97953796386719,0.014372442245483398,0.043017730712890626,0.0297231502532959,0.038548782348632814,0.025776268005371094,REST,0,0,0,0,False,False,False,False,False,False,,,,,,,,,,6.0,3.0,20.0,0.25
emg,6357784392,5464878,1,,,13101,1.637625,-0.012471150227191696,97.93177795410156,0.012241472244262695,0.043017730712890626,0.0297231502532959,0.038548782348632814,0.025776268005371094,REST,0,0,0,0,False,False,False,False,False,False,,,,,,,,,,6.0,3.0,20.0,0.25
emg,6357889895,5464968,1,,,13226,1.65325,0.0030556911048160718,107.89120483398438,0.013486400604248047,0.043017730712890626,0.0297231502532959,0.038548782348632814,0.025776268005371094,REST,0,0,0,0,False,False,False,False,False,False,,,,,,,,,,6.0,3.0,20.0,0.25
emg,6357993757,5465058,1,,,13437,1.6796250000000001,0.0287087085669695,115.55123901367188,0.014443904876708985,0.043017730712890626,0.0297231502532959,0.038548782348632814,0.025776268005371094,REST,0,0,0,0,False,False,False,False,False,False,,,,,,,,,,6.0,3.0,20.0,0.25
emg,6358098414,5465148,1,,,13297,1.662125,0.010620644648019262,159.84413146972656,0.01998051643371582,0.04284942245483399,0.029647254943847658,0.038548782348632814,0.025776268005371094,REST,0,0,0,0,False,False,False,False,False,False,,,,,,,,,,6.0,3.0,20.0,0.25
imu,6358160436,,,635402,1,,,,,,,,,,,,,,,,,,,,,-0.1761474609375,-0.075439453125,0.9114990234375,-0.007633587786259542,0.07633587786259542,0.04580152671755725,,,,6.0,3.0,20.0,0.25
emg,6358309470,5465329,1,,,12717,1.589625,-0.06180685682039466,217.84852600097656,0.02723106575012207,0.04284942245483399,0.029647254943847658,0.038548782348632814,0.025776268005371094,REST,0,0,0,0,False,False,False,False,False,False,,,,,,,,,,6.0,3.0,20.0,0.25
emg,6358413587,5465419,1,,,15667,1.958375,0.26487520694435474,7931.234375,0.991404296875,0.04284942245483399,0.029647254943847658,0.038548782348632814,0.025776268005371094,ACTIVE,0,0,0,0,True,True,False,False,False,False,,,,,,,,,,6.0,3.0,20.0,0.25
emg,6358506623,5465499,1,,,12109,1.513625,-0.163177856567148,1620.5218505859375,0.2025652313232422,0.04284942245483399,0.029647254943847658,0.038548782348632814,0.025776268005371094,ACTIVE,0,0,0,0,True,True,False,False,False,False,,,,,,,,,,6.0,3.0,20.0,0.25
emg,6358611290,5465589,1,,,12595,1.574375,-0.0885093749504886,981.9918823242188,0.12274898529052734,0.04284942245483399,0.029647254943847658,0.038548782348632814,0.025776268005371094,ACTIVE,0,0,0,0,True,True,False,False,False,False,,,,,,,,,,6.0,3.0,20.0,0.25
imu,6358680431,,,635454,1,,,,,,,,,,,,,,,,,,,,,-0.1739501953125,-0.0634765625,0.9129638671875,0.08396946564885496,0.11450381679389313,0.07633587786259542,,,,6.0,3.0,20.0,0.25
emg,6358820674,5465769,1,,,12837,1.604625,-0.04708068873298732,280.486572265625,0.035060821533203126,0.04284942245483399,0.029647254943847658,0.038548782348632814,0.025776268005371094,ACTIVE,0,0,0,0,True,True,False,False,False,False,,,,,,,,,,6.0,3.0,20.0,0.25
emg,6358925309,5465859,1,,,12945,1.618125,-0.03071330433638697,253.4482421875,0.0316810302734375,0.04284942245483399,0.029647254943847658,0.038548782348632814,0.025776268005371094,ACTIVE,0,0,0,0,True,True,False,False,False,False,,,,,,,,,,6.0,3.0,20.0,0.25
emg,6359029970,5465949,1,,,12989,1.623625,-0.02260553611339655,235.55606079101562,0.029444507598876953,0.04284942245483399,0.029647254943847658,0.038548782348632814,0.025776268005371094,ACTIVE,0,0,0,0,True,True,False,False,False,False,,,,,,,,,,6.0,3.0,20.0,0.25
emg,6359134640,5466039,1,,,13212,1.6515,0.0067821227514457405,153.82568359375,0.01922821044921875,0.04284942245483399,0.029647254943847658,0.038548782348632814,0.025776268005371094,ACTIVE,0,0,0,0,True,True,False,False,False,False,,,,,,,,,,6.0,3.0,20.0,0.25
emg,6359239902,5466129,1,,,13288,1.661,0.017117258166884808,173.1271209716797,0.021640890121459963,0.04284942245483399,0.029647254943847658,0.038548782348632814,0.025776268005371094,REFRACTORY,0,0,0,0,False,False,False,False,False,False,,,,,,,,,,6.0,3.0,20.0,0.25
emg,6359347469,5466221,1,,,13026,1.62825,-0.015008210044810122,91.96660614013672,0.01149582576751709,0.04284942245483399,0.029647254943847658,0.038548782348632814,0.025776268005371094,REFRACTORY,0,0,0,0,False,False,False,False,False,False,,,,,,,,,,6.0,3.0,20.0,0.25
emg,6359453302,5466312,1,,,13150,1.64375,0.0009420204764563067,65.45606231689453,0.008182007789611817,0.04284942245483399,0.029647254943847658,0.038548782348632814,0.025776268005371094,REFRACTORY,0,0,0,0,False,False,False,False,False,False,,,,,,,,,,6.0,3.0,20.0,0.25
emg,6359556817,5466402,1,,,13195,1.649375,0.006602578762111788,106.2619857788086,0.013282748222351074,0.04284942245483399,0.029647254943847658,0.038548782348632814,0.025776268005371094,REST,0,0,0,0,False,False,False,False,False,False,,,,,,,,,,6.0,3.0,20.0,0.25
emg,6359661876,5466492,1,,,13162,1.64525,0.0017579735719881473,340.0147399902344,0.0425018424987793,0.04284942245483399,0.029647254943847658,0.038548782348632814,0.025776268005371094,REST,0,0,0,0,False,False,False,False,False,False,,,,,,,,,,6.0,3.0,20.0,0.25
emg,6359766149,5466582,1,,,13086,1.63575,-0.007541897721853097,148.9163360595703,0.018614542007446288,0.04284942245483399,0.029647254943847658,0.038548782348632814,0.025776268005371094,REST,0,0,0,0,False,False,False,False,False,False,,,,,,,,,,6.0,3.0,20.0,0.25
emg,6359870819,5466672,1,,,13374,1.67175,0.02764917941599232,125.23755645751953,0.01565469455718994,0.04284942245483399,0.029647254943847658,0.038548782348632814,0.025776268005371094,REST,0,0,0,0,False,False,False,False,False,False,,,,,,,,,,6.0,3.0,20.0,0.25
emg,6359975492,5466762,1,,,13355,1.669375,0.024311622396830268,150.79208374023438,0.018849010467529296,0.04284942245483399,0.029647254943847658,0.038548782348632814,0.025776268005371094,REST,0,0,0,0,False,False,False,False,False,False,,,,,,,,,,6.0,3.0,20.0,0.25
emg,6360080719,5466852,1,,,13213,1.6516250000000001,0.005888196212034957,94.92491912841797,0.011865614891052246,0.04284942245483399,0.029647254943847658,0.038548782348632814,0.025776268005371094,REST,0,0,0,0,False,False,False,False,False,False,,,,,,,,,,6.0,3.0,20.0,0.25
emg,6360184856,5466942,1,,,13023,1.627875,-0.018133150395842623,138.3997344970703,0.01729996681213379,0.04284942245483399,0.029647254943847658,0.038548782348632814,0.025776268005371094,REST,0,0,0,0,False,False,False,False,False,False,,,,,,,,,,6.0,3.0,20.0,0.25
emg,6360289496,5467032,1,,,13095,1.636875,-0.009478228415738199,150.0218505859375,0.018752731323242188,0.0427351188659668,0.029602222442626953,0.038548782348632814,0.025776268005371094,REST,0,0,0,0,False,False,False,False,False,False,,,,,,,,,,6.0,3.0,20.0,0.25
emg,6360394164,5467122,1,,,13405,1.6756250000000001,0.02825458363344402,148.6149444580078,0.018576868057250978,0.0427351188659668,0.029602222442626953,0.038548782348632814,0.025776268005371094,REST,0,0,0,0,False,False,False,False,False,False,,,,,,,,,,6.0,3.0,20.0,0.25
emg,6360498839,5467212,1,,,13447,1.6808750000000001,0.03213698293777667,172.7872314453125,0.021598403930664062,0.0427351188659668,0.029602222442626953,0.038548782348632814,0.025776268005371094,REST,0,0,0,0,False,False,False,False,False,False,,,,,,,,,,6.0,3.0,20.0,0.25
emg,6360603538,5467302,1,,,13138,1.64225,-0.006817698861224075,110.97428894042969,0.013871786117553712,0.0427351188659668,0.029602222442626953,0.038548782348632814,0.025776268005371094,REST,0,0,0,0,False,False,False,False,False,False,,,,,,,,,,6.0,3.0,20.0,0.25
imu,6360720426,,,635658,1,,,,,,,,,,,,,,,,,,,,,-0.17578125,-0.0736083984375,0.908447265625,-0.015267175572519083,0.13740458015267176,0.061068702290076333,,,,6.0,3.0,20.0,0.25
imu,6360760426,,,635662,1,,,,,,,,,,,,,,,,,,,,,-0.174072265625,-0.0743408203125,0.9114990234375,-0.05343511450381679,0.08396946564885496,0.03816793893129771,,,,6.0,3.0,20.0,0.25
emg,6360919253,5467573,1,,,13255,1.656875,0.0069305776795218765,111.48812866210938,0.013936016082763672,0.0427351188659668,0.029602222442626953,0.038548782348632814,0.025776268005371094,REST,0,0,0,0,False,False,False,False,False,False,,,,,,,,,,6.0,3.0,20.0,0.25
emg,6361011767,5467653,1,,,13217,1.652125,0.0021491768170283088,115.28141021728516,0.014410176277160645,0.0427351188659668,0.029602222442626953,0.038548782348632814,0.025776268005371094,REST,0,0,0,0,False,False,False,False,False,False,,,,,,,,,,6.0,3.0,20.0,0.25
emg,6361116387,5467743,1,,,13380,1.6725,0.022035798873790258,122.44107818603516,0.015305134773254394,0.0427351188659668,0.029602222442626953,0.038548782348632814,0.025776268005371094,REST,0,0,0,0,False,False,False,False,False,False,,,,,,,,,,6.0,3.0,20.0,0.25
emg,6361221062,5467833,1,,,13192,1.649,-0.0014312020428484118,115.33219909667969,0.014416524887084961,0.0427351188659668,0.029602222442626953,0.038548782348632814,0.025776268005371094,REST,0,0,0,0,False,False,False,False,False,False,,,,,,,,,,6.0,3.0,20.0,0.25
emg,6361325732,5467923,1,,,13054,1.63175,-0.018860620701391495,144.20404052734375,0.01802550506591797,0.04253947448730469,0.0295106201171875,0.038548782348632814,0.025776268005371094,REST,0,0,0,0,False,False,False,False,False,False,,,,,,,,,,6.0,3.0,20.0,0.25
emg,6361430512,5468013,1,,,13242,1.65525,0.004808600749229841,92.58609771728516,0.011573262214660644,0.04253947448730469,0.0295106201171875,0.038548782348632814,0.025776268005371094,REST,0,0,0,0,False,False,False,False,False,False,,,,,,,,,,6.0,3.0,20.0,0.25
emg,6361535077,5468103,1,,,13449,1.681125,0.03054877678978629,124.3396987915039,0.015542462348937988,0.04253947448730469,0.0295106201171875,0.038548782348632814,0.025776268005371094,REST,0,0,0,0,False,False,False,False,False,False,,,,,,,,,,6.0,3.0,20.0,0.25
emg,6361639742,5468193,1,,,13175,1.646875,-0.00372733550545834,85.67173767089844,0.010708967208862306,0.04253947448730469,0.0295106201171875,0.038548782348632814,0.025776268005371094,REST,0,0,0,0,False,False,False,False,False,False,,,,,,,,,,6.0,3.0,20.0,0.25
emg,6361744412,5468283,1,,,12986,1.62325,-0.02691340192300329,132.86575317382812,0.016608219146728515,0.04253947448730469,0.0295106201171875,0.038548782348632814,0.025776268005371094,REST,0,0,0,0,False,False,False,False,False,False,,,,,,,,,,6.0,3.0,20.0,0.25
emg,6361849641,5468373,1,,,13155,1.6443750000000001,-0.005517708965009582,119.33051300048828,0.014916314125061036,0.04253947448730469,0.0295106201171875,0.038548782348632814,0.025776268005371094,REST,0,0,0,0,False,False,False,False,False,False,,,,,,,,,,6.0,3.0,20.0,0.25
emg,6361956075,5468464,1,,,13226,1.65325,0.003556121877481999,119.71405029296875,0.014964256286621094,0.04253947448730469,0.0295106201171875,0.038548782348632814,0.025776268005371094,REST,0,0,0,0,False,False,False,False,False,False,,,,,,,,,,6.0,3.0,20.0,0.25
emg,6362059587,5468554,1,,,13200,1.6500000000000001,0.0008327871061399872,162.9960174560547,0.020374502182006836,0.04253947448730469,0.0295106201171875,0.038548782348632814,0.025776268005371094,REST,0,0,0,0,False,False,False,False,False,False,,,,,,,,,,6.0,3.0,20.0,0.25
emg,6362165413,5468645,1,,,13048,1.631,-0.017895251701018466,105.3441162109375,0.013168014526367188,0.04253947448730469,0.0295106201171875,0.038548782348632814,0.025776268005371094,REST,0,0,0,0,False,False,False,False,False,False,,,,,,,,,,6.0,3.0,20.0,0.25
emg,6362270096,5468735,1,,,13113,1.639125,-0.009507812998662102,159.5231170654297,0.01994038963317871,0.04253947448730469,0.0295106201171875,0.038548782348632814,0.025776268005371094,REST,0,0,0,0,False,False,False,False,False,False,,,,,,,,,,6.0,3.0,20.0,0.25
emg,6362374760,5468825,1,,,13339,1.667375,0.01869337779775493,169.24925231933594,0.021156156539916992,0.04227062225341797,0.029377105712890626,0.038548782348632814,0.025776268005371094,REST,0,0,0,0,False,False,False,False,False,False,,,,,,,,,,6.0,3.0,20.0,0.25
emg,6362479423,5468915,1,,,13275,1.659375,0.010407474372394754,119.445068359375,0.014930633544921875,0.04227062225341797,0.029377105712890626,0.038548782348632814,0.025776268005371094,REST,0,0,0,0,False,False,False,False,False,False,,,,,,,,,,6.0,3.0,20.0,0.25
emg,6362584098,5469005,1,,,12984,1.623,-0.025763032842303968,141.01869201660156,0.017627336502075194,0.04227062225341797,0.029377105712890626,0.038548782348632814,0.025776268005371094,REST,0,0,0,0,False,False,False,False,False,False,,,,,,,,,,6.0,3.0,20.0,0.25
emg,6362688774,5469095,1,,,13150,1.64375,-0.005137970495002087,84.09970092773438,0.010512462615966797,0.04227062225341797,0.029377105712890626,0.038548782348632814,0.025776268005371094,REST,0,0,0,0,False,False,False,False,False,False,,,,,,,,,,6.0,3.0,20.0,0.25
emg,6362793997,5469185,1,,,13297,1.662125,0.012534485729728262,140.60540771484375,0.01757567596435547,0.04227062225341797,0.029377105712890626,0.038548782348632814,0.025776268005371094,REST,0,0,0,0,False,False,False,False,False,False,,,,,,,,,,6.0,3.0,20.0,0.25
imu,6362840426,,,635870,1,,,,,,,,,,,,,,,,,,,,,-0.176025390625,-0.0755615234375,0.90966796875,-0.06870229007633588,0.05343511450381679,0.05343511450381679,,,,6.0,3.0,20.0,0.25
emg,6363002778,5469365,1,,,13124,1.6405,-0.009326282015749365,136.09783935546875,0.017012229919433595,0.04227062225341797,0.029377105712890626,0.038548782348632814,0.025776268005371094,REST,0,0,0,0,False,False,False,False,False,False,,,,,,,,,,6.0,3.0,20.0,0.25
emg,6363107445,5469455,1,,,13031,1.628875,-0.020944993392420397,145.31883239746094,0.018164854049682617,0.04227062225341797,0.029377105712890626,0.038548782348632814,0.025776268005371094,REST,0,0,0,0,False,False,False,False,False,False,,,,,,,,,,6.0,3.0,20.0,0.25
emg,6363201927,5469535,1,,,13189,1.648625,-0.001873225638803433,131.31008911132812,0.016413761138916017,0.04227062225341797,0.029377105712890626,0.038548782348632814,0.025776268005371094,REST,0,0,0,0,False,False,False,False,False,False,,,,,,,,,,6.0,3.0,20.0,0.25
imu,6363320426,,,635918,1,,,,,,,,,,,,,,,,,,,,,-0.1761474609375,-0.076171875,0.9105224609375,-0.007633587786259542,0.0916030534351145,0.12213740458015267,,,,6.0,3.0,20.0,0.25
imu,6363360431,,,635922,1,,,,,,,,,,,,,,,,,,,,,-0.173583984375,-0.07421875,0.9053955078125,-0.030534351145038167,0.05343511450381679,0.015267175572519083,,,,6.0,3.0,20.0,0.25
emg,6363517587,5469807,1,,,13343,1.667875,0.01665356923376038,124.10543060302734,0.015513178825378419,0.04197618103027344,0.029232269287109376,0.038548782348632814,0.025776268005371094,REST,0,0,0,0,False,False,False,False,False,False,,,,,,,,,,6.0,3.0,20.0,0.25
emg,6363621527,5469897,1,,,13031,1.628875,-0.022166224559322822,156.54965209960938,0.019568706512451173,0.04197618103027344,0.029232269287109376,0.038548782348632814,0.025776268005371094,REST,0,0,0,0,False,False,False,False,False,False,,,,,,,,,,6.0,3.0,20.0,0.25
emg,6363726161,5469987,1,,,13057,1.632125,-0.01835488712643052,125.36817932128906,0.015671022415161134,0.04197618103027344,0.029232269287109376,0.038548782348632814,0.025776268005371094,REST,0,0,0,0,False,False,False,False,False,False,,,,,,,,,,6.0,3.0,20.0,0.25
emg,6363830832,5470077,1,,,13247,1.655875,0.005672422409170874,96.03819274902344,0.01200477409362793,0.04197618103027344,0.029232269287109376,0.038548782348632814,0.025776268005371094,REST,0,0,0,0,False,False,False,False,False,False,,,,,,,,,,6.0,3.0,20.0,0.25
emg,6363935514,5470167,1,,,13395,1.674375,0.024049140688639836,137.81199645996094,0.01722649955749512,0.04197618103027344,0.029232269287109376,0.038548782348632814,0.025776268005371094,REST,0,0,0,0,False,False,False,False,False,False,,,,,,,,,,6.0,3.0,20.0,0.25
emg,6364040485,5470257,1,,,13213,1.6516250000000001,0.0012933561953176742,118.75550079345703,0.01484443759918213,0.04197618103027344,0.029232269287109376,0.038548782348632814,0.025776268005371094,REST,0,0,0,0,False,False,False,False,False,False,,,,,,,,,,6.0,3.0,20.0,0.25
emg,6364144850,5470347,1,,,13015,1.626875,-0.02288763048732645,106.33808898925781,0.013292261123657226,0.04197618103027344,0.029232269287109376,0.038548782348632814,0.025776268005371094,REST,0,0,0,0,False,False,False,False,False,False,,,,,,,,,,6.0,3.0,20.0,0.25
emg,6364249516,5470437,1,,,13182,1.64775,-0.001754572181736247,153.80882263183594,0.01922610282897949,0.04197618103027344,0.029232269287109376,0.038548782348632814,0.025776268005371094,REST,0,0,0,0,False,False,False,False,False,False,,,,,,,,,,6.0,3.0,20.0,0.25
emg,6364354181,5470527,1,,,13389,1.6736250000000001,0.023948603300284477,137.78857421875,0.017223571777343752,0.04163683700561523,0.029055366516113283,0.038548782348632814,0.025776268005371094,REST,0,0,0,0,False,False,False,False,False,False,,,,,,,,,,6.0,3.0,20.0,0.25
emg,6364459410,5470617,1,,,13191,1.648875,-0.0007063286006643299,91.09550476074219,0.011386938095092773,0.04163683700561523,0.029055366516113283,0.038548782348632814,0.025776268005371094,REST,0,0,0,0,False,False,False,False,False,False,,,,,,,,,,6.0,3.0,20.0,0.25
emg,6364563533,5470707,1,,,13018,1.62725,-0.022021895127606994,131.8640594482422,0.016483007431030275,0.04163683700561523,0.029055366516113283,0.038548782348632814,0.025776268005371094,REST,0,0,0,0,False,False,False,False,False,False,,,,,,,,,,6.0,3.0,20.0,0.25
emg,6364668193,5470797,1,,,13076,1.6345,-0.014147689653776219,136.26121520996094,0.017032651901245116,0.04163683700561523,0.029055366516113283,0.038548782348632814,0.025776268005371094,REST,0,0,0,0,False,False,False,False,False,False,,,,,,,,,,6.0,3.0,20.0,0.25
emg,6364772864,5470887,1,,,13233,1.654125,0.005674829838841378,103.79203033447266,0.012974003791809083,0.04163683700561523,0.029055366516113283,0.038548782348632814,0.025776268005371094,REST,0,0,0,0,False,False,False,False,False,False,,,,,,,,,,6.0,3.0,20.0,0.25
emg,6364877536,5470977,1,,,13213,1.6516250000000001,0.003156018247903347,139.94723510742188,0.017493404388427735,0.04163683700561523,0.029055366516113283,0.038548782348632814,0.025776268005371094,REST,0,0,0,0,False,False,False,False,False,False,,,,,,,,,,6.0,3.0,20.0,0.25
emg,6364982231,5471067,1,,,13087,1.635875,-0.012691721606049144,99.96614837646484,0.012495768547058106,0.04163683700561523,0.029055366516113283,0.038548782348632814,0.025776268005371094,REST,0,0,0,0,False,False,False,False,False,False,,,,,,,,,,6.0,3.0,20.0,0.25
emg,6365086880,5471157,1,,,12957,1.619625,-0.02899863359467103,140.2398223876953,0.017529977798461913,0.04163683700561523,0.029055366516113283,0.038548782348632814,0.025776268005371094,REST,0,0,0,0,False,False,False,False,False,False,,,,,,,,,,6.0,3.0,20.0,0.25
emg,6365191544,5471247,1,,,13325,1.6656250000000001,0.01644616402940824,118.89025115966797,0.014861281394958497,0.04163683700561523,0.029055366516113283,0.038548782348632814,0.025776268005371094,REST,0,0,0,0,False,False,False,False,False,False,,,,,,,,,,6.0,3.0,20.0,0.25
emg,6365296214,5471337,1,,,13408,1.676,0.026398387189030537,95.3439712524414,0.011917996406555177,0.04113651275634766,0.02878463363647461,0.038548782348632814,0.025776268005371094,REST,0,0,0,0,False,False,False,False,False,False,,,,,,,,,,6.0,3.0,20.0,0.25
emg,6365400879,5471427,1,,,13095,1.636875,-0.0128054222560825,126.78661346435547,0.015848326683044433,0.04113651275634766,0.02878463363647461,0.038548782348632814,0.025776268005371094,REST,0,0,0,0,False,False,False,False,False,False,,,,,,,,,,6.0,3.0,20.0,0.25
imu,6365440426,,,636130,1,,,,,,,,,,,,,,,,,,,,,-0.177490234375,-0.0758056640625,0.908203125,-0.030534351145038167,0.10687022900763359,0.007633587786259542,,,,6.0,3.0,20.0,0.25
emg,6365610224,5471607,1,,,13222,1.65275,0.003025042811219736,106.57662963867188,0.013322078704833984,0.04113651275634766,0.02878463363647461,0.038548782348632814,0.025776268005371094,REST,0,0,0,0,False,False,False,False,False,False,,,,,,,,,,6.0,3.0,20.0,0.25
emg,6365714889,5471697,1,,,13429,1.678625,0.028851539553915062,116.3167953491211,0.014539599418640137,0.04113651275634766,0.02878463363647461,0.038548782348632814,0.025776268005371094,REST,0,0,0,0,False,False,False,False,False,False,,,,,,,,,,6.0,3.0,20.0,0.25
emg,6365807934,5471777,1,,,13052,1.6315,-0.018033882928292666,129.3731689453125,0.016171646118164063,0.04113651275634766,0.02878463363647461,0.038548782348632814,0.025776268005371094,REST,0,0,0,0,False,False,False,False,False,False,,,,,,,,,,6.0,3.0,20.0,0.25
imu,6365920427,,,636178,1,,,,,,,,,,,,,,,,,,,,,-0.1729736328125,-0.07568359375,0.91357421875,-0.06870229007633588,0.061068702290076333,0.05343511450381679,,,,6.0,3.0,20.0,0.25
imu,6365960431,,,636182,1,,,,,,,,,,,,,,,,,,,,,-0.1754150390625,-0.0751953125,0.9105224609375,-0.05343511450381679,0.04580152671755725,0.06870229007633588,,,,6.0,3.0,20.0,0.25
emg,6366124270,5472049,1,,,13054,1.63175,-0.01803519965976852,141.0293731689453,0.017628671646118164,0.04113651275634766,0.02878463363647461,0.038548782348632814,0.025776268005371094,REST,0,0,0,0,False,False,False,False,False,False,,,,,,,,,,6.0,3.0,20.0,0.25
emg,6366228946,5472139,1,,,13181,1.6476250000000001,-0.0016632373208949058,109.28691101074219,0.013660863876342773,0.04113651275634766,0.02878463363647461,0.038548782348632814,0.025776268005371094,REST,0,0,0,0,False,False,False,False,False,False,,,,,,,,,,6.0,3.0,20.0,0.25
emg,6366334185,5472229,1,,,13340,1.6675,0.018326789104390784,122.13546752929688,0.01526693344116211,0.040491302490234374,0.028429452896118163,0.038548782348632814,0.025776268005371094,REST,0,0,0,0,False,False,False,False,False,False,,,,,,,,,,6.0,3.0,20.0,0.25
emg,6366438287,5472319,1,,,13150,1.64375,-0.005901117983948545,177.31211853027344,0.022164014816284182,0.040491302490234374,0.028429452896118163,0.038548782348632814,0.025776268005371094,CANDIDATE,0,0,0,0,False,False,False,False,False,False,,,,,,,,,,6.0,3.0,20.0,0.25
emg,6366542950,5472409,1,,,16159,2.019875,0.32894096654519456,3952.705322265625,0.49408816528320315,0.040491302490234374,0.028429452896118163,0.038548782348632814,0.025776268005371094,ACTIVE,0,0,0,0,True,True,False,False,False,False,,,,,,,,,,6.0,3.0,20.0,0.25
emg,6366647626,5472499,1,,,12412,1.5515,-0.12132329523907748,1104.531982421875,0.1380664978027344,0.040491302490234374,0.028429452896118163,0.038548782348632814,0.025776268005371094,ACTIVE,0,0,0,0,True,True,False,False,False,False,,,,,,,,,,6.0,3.0,20.0,0.25
emg,6366752917,5472589,1,,,12918,1.6147500000000001,-0.047475869627118916,629.19091796875,0.07864886474609376,0.040491302490234374,0.028429452896118163,0.038548782348632814,0.025776268005371094,ACTIVE,0,0,0,0,True,True,False,False,False,False,,,,,,,,,,6.0,3.0,20.0,0.25
emg,6366856986,5472679,1,,,13020,1.6275,-0.03005172463787642,334.2174377441406,0.04177717971801758,0.040491302490234374,0.028429452896118163,0.038548782348632814,0.025776268005371094,ACTIVE,0,0,0,0,True,True,False,False,False,False,,,,,,,,,,6.0,3.0,20.0,0.25
emg,6366961627,5472769,1,,,12889,1.6111250000000001,-0.042898182762292736,313.1365966796875,0.03914207458496094,0.040491302490234374,0.028429452896118163,0.038548782348632814,0.025776268005371094,ACTIVE,0,0,0,0,True,True,False,False,False,False,,,,,,,,,,6.0,3.0,20.0,0.25
emg,6367066300,5472859,1,,,12986,1.62325,-0.02831578177782057,201.826171875,0.025228271484375002,0.040491302490234374,0.028429452896118163,0.038548782348632814,0.025776268005371094,ACTIVE,0,0,0,0,True,True,False,False,False,False,,,,,,,,,,6.0,3.0,20.0,0.25
emg,6367170976,5472949,1,,,12756,1.5945,-0.05476298308847949,183.93418884277344,0.02299177360534668,0.040491302490234374,0.028429452896118163,0.038548782348632814,0.025776268005371094,ACTIVE,0,0,0,0,True,True,False,False,False,False,,,,,,,,,,6.0,3.0,20.0,0.25
emg,6367277973,5473040,1,,,13156,1.6445,-0.003473251626027629,220.8766326904297,0.027609579086303713,0.040491302490234374,0.028429452896118163,0.038548782348632814,0.025776268005371094,ACTIVE,0,0,0,0,True,True,False,False,False,False,,,,,,,,,,6.0,3.0,20.0,0.25
emg,6367381470,5473130,1,,,12883,1.6103750000000001,-0.03639391854922969,186.60719299316406,0.023325899124145507,0.040491302490234374,0.028429452896118163,0.038548782348632814,0.025776268005371094,REFRACTORY,0,0,0,0,True,False,False,False,False,False,,,,,,,,,,6.0,3.0,20.0,0.25
emg,6367486136,5473220,1,,,13091,1.6363750000000001,-0.009638800631551536,177.53555297851562,0.022191944122314452,0.040491302490234374,0.028429452896118163,0.038548782348632814,0.025776268005371094,REFRACTORY,0,0,0,0,True,False,False,False,False,False,,,,,,,,,,6.0,3.0,20.0,0.25
emg,6367591523,5473310,1,,,13176,1.647,0.0016877559067149939,248.0917205810547,0.031011465072631837,0.040491302490234374,0.028429452896118163,0.038548782348632814,0.025776268005371094,REFRACTORY,0,0,0,0,False,False,False,False,False,False,,,,,,,,,,6.0,3.0,20.0,0.25
emg,6367695503,5473400,1,,,13437,1.6796250000000001,0.03436986387350016,213.00497436523438,0.026625621795654298,0.040491302490234374,0.028429452896118163,0.038548782348632814,0.025776268005371094,REFRACTORY,0,0,0,0,False,False,False,False,False,False,,,,,,,,,,6.0,3.0,20.0,0.25
emg,6367800150,5473490,1,,,13148,1.6435,-0.001539722228598439,273.2803039550781,0.034160037994384766,0.040491302490234374,0.028429452896118163,0.038548782348632814,0.025776268005371094,REST,0,0,0,0,False,False,False,False,False,False,,,,,,,,,,6.0,3.0,20.0,0.25
emg,6367904823,5473580,1,,,13126,1.64075,-0.0037551939297360004,299.6145324707031,0.03745181655883789,0.040491302490234374,0.028429452896118163,0.038548782348632814,0.025776268005371094,REST,0,0,0,0,False,False,False,False,False,False,,,,,,,,,,6.0,3.0,20.0,0.25
imu,6368000532,,,636386,1,,,,,,,,,,,,,,,,,,,,,-0.176025390625,-0.0711669921875,0.9105224609375,0.0,0.09923664122137404,0.12213740458015267,,,,6.0,3.0,20.0,0.25
imu,6368040545,,,636390,1,,,,,,,,,,,,,,,,,,,,,-0.17724609375,-0.0743408203125,0.909423828125,-0.061068702290076333,0.022900763358778626,0.030534351145038167,,,,6.0,3.0,20.0,0.25
emg,6368218837,5473850,1,,,13262,1.65775,0.011749471474564954,166.8728485107422,0.020859106063842774,0.040491302490234374,0.028429452896118163,0.038548782348632814,0.025776268005371094,REST,0,0,0,0,False,False,False,False,False,False,,,,,,,,,,6.0,3.0,20.0,0.25
emg,6368311882,5473930,1,,,13618,1.70225,0.0556098224959376,198.9678497314453,0.024870981216430665,0.040491302490234374,0.028429452896118163,0.038548782348632814,0.025776268005371094,REST,0,0,0,0,False,False,False,False,False,False,,,,,,,,,,6.0,3.0,20.0,0.25
emg,6368416540,5474020,1,,,13522,1.69025,0.04242067106997238,209.54318237304688,0.026192897796630858,0.040491302490234374,0.028429452896118163,0.038548782348632814,0.025776268005371094,REST,0,0,0,0,False,False,False,False,False,False,,,,,,,,,,6.0,3.0,20.0,0.25
imu,6368520431,,,636438,1,,,,,,,,,,,,,,,,,,,,,-0.1746826171875,-0.07373046875,0.91064453125,0.030534351145038167,0.09923664122137404,0.04580152671755725,,,,6.0,3.0,20.0,0.25
emg,6368627085,5474201,1,,,13007,1.625875,-0.023479731034267592,271.5370788574219,0.03394213485717774,0.04004368209838867,0.028187263488769532,0.038548782348632814,0.025776268005371094,REST,0,0,0,0,False,False,False,False,False,False,,,,,,,,,,6.0,3.0,20.0,0.25
emg,6368731713,5474291,1,,,13324,1.6655,0.015576036346842237,130.99136352539062,0.016373920440673827,0.04004368209838867,0.028187263488769532,0.038548782348632814,0.025776268005371094,REST,0,0,0,0,False,False,False,False,False,False,,,,,,,,,,6.0,3.0,20.0,0.25
emg,6368836386,5474381,1,,,13396,1.6745,0.024126355107135566,168.13223266601562,0.021016529083251953,0.04004368209838867,0.028187263488769532,0.038548782348632814,0.025776268005371094,REST,0,0,0,0,False,False,False,False,False,False,,,,,,,,,,6.0,3.0,20.0,0.25
emg,6368941051,5474471,1,,,13080,1.635,-0.015323552220292136,166.75131225585938,0.020843914031982422,0.04004368209838867,0.028187263488769532,0.038548782348632814,0.025776268005371094,REST,0,0,0,0,False,False,False,False,False,False,,,,,,,,,,6.0,3.0,20.0,0.25
emg,6369046638,5474561,1,,,12905,1.6131250000000001,-0.0368332941779399,165.97665405273438,0.020747081756591797,0.04004368209838867,0.028187263488769532,0.038548782348632814,0.025776268005371094,REST,0,0,0,0,False,False,False,False,False,False,,,,,,,,,,6.0,3.0,20.0,0.25
emg,6369150398,5474651,1,,,13486,1.68575,0.03594934545332973,171.3409423828125,0.021417617797851562,0.04004368209838867,0.028187263488769532,0.038548782348632814,0.025776268005371094,REST,0,0,0,0,False,False,False,False,False,False,,,,,,,,,,6.0,3.0,20.0,0.25
emg,6369255059,5474741,1,,,13658,1.70725,0.05696154865686753,303.57330322265625,0.03794666290283203,0.04004368209838867,0.028187263488769532,0.038548782348632814,0.025776268005371094,CANDIDATE,0,0,0,0,False,False,False,False,False,False,,,,,,,,,,6.0,3.0,20.0,0.25
emg,6369359736,5474831,1,,,13415,1.6768750000000001,0.026231500017035225,273.87872314453125,0.03423484039306641,0.04004368209838867,0.028187263488769532,0.038548782348632814,0.025776268005371094,REST,0,0,0,0,False,False,False,False,False,False,,,,,,,,,,6.0,3.0,20.0,0.25
emg,6369464412,5474921,1,,,13119,1.639875,-0.010900053355014094,218.0469207763672,0.0272558650970459,0.04004368209838867,0.028187263488769532,0.038548782348632814,0.025776268005371094,REST,0,0,0,0,False,False,False,False,False,False,,,,,,,,,,6.0,3.0,20.0,0.25
emg,6369569666,5475011,1,,,12952,1.619,-0.03164048990056045,130.92747497558594,0.01636593437194824,0.04004368209838867,0.028187263488769532,0.038548782348632814,0.025776268005371094,REST,0,0,0,0,False,False,False,False,False,False,,,,,,,,,,6.0,3.0,20.0,0.25
emg,6369673746,5475101,1,,,12965,1.620625,-0.029530188499702348,191.35629272460938,0.023919536590576173,0.0399656867980957,0.028155160903930665,0.038548782348632814,0.025776268005371094,REST,0,0,0,0,False,False,False,False,False,False,,,,,,,,,,6.0,3.0,20.0,0.25
emg,6369778416,5475191,1,,,13452,1.6815,0.03125299788478797,205.9938507080078,0.025749231338500978,0.0399656867980957,0.028155160903930665,0.038548782348632814,0.025776268005371094,REST,0,0,0,0,False,False,False,False,False,False,,,,,,,,,,6.0,3.0,20.0,0.25
emg,6369883083,5475281,1,,,13102,1.63775,-0.012552388492665933,158.19467163085938,0.01977433395385742,0.0399656867980957,0.028155160903930665,0.038548782348632814,0.025776268005371094,REST,0,0,0,0,False,False,False,False,False,False,,,,,,,,,,6.0,3.0,20.0,0.25
emg,6369988330,5475371,1,,,13021,1.627625,-0.022314609123323725,237.41514587402344,0.02967689323425293,0.0399656867980957,0.028155160903930665,0.038548782348632814,0.025776268005371094,REST,0,0,0,0,False,False,False,False,False,False,,,,,,,,,,6.0,3.0,20.0,0.25
emg,6370092456,5475461,1,,,13350,1.66875,0.019306796890915967,121.22383117675781,0.015152978897094728,0.0399656867980957,0.028155160903930665,0.038548782348632814,0.025776268005371094,REST,0,0,0,0,False,False,False,False,False,False,,,,,,,,,,6.0,3.0,20.0,0.25
emg,6370197096,5475551,1,,,13398,1.67475,0.025218825171244408,176.19110107421875,0.022023887634277345,0.0399656867980957,0.028155160903930665,0.038548782348632814,0.025776268005371094,REST,0,0,0,0,False,False,False,False,False,False,,,,,,,,,,6.0,3.0,20.0,0.25
emg,6370301761,5475641,1,,,13305,1.663125,0.013535588520864561,214.91470336914062,0.026864337921142577,0.0399656867980957,0.028155160903930665,0.038548782348632814,0.025776268005371094,REST,0,0,0,0,False,False,False,False,False,False,,,,,,,,,,6.0,3.0,20.0,0.25
emg,6370406442,5475731,1,,,13434,1.6792500000000001,0.030174697255380023,183.94729614257812,0.022993412017822266,0.0399656867980957,0.028155160903930665,0.038548782348632814,0.025776268005371094,REST,0,0,0,0,False,False,False,False,False,False,,,,,,,,,,6.0,3.0,20.0,0.25
emg,6370499584,5475811,1,,,13303,1.662875,0.01354710526682723,184.19769287109375,0.02302471160888672,0.0399656867980957,0.028155160903930665,0.038548782348632814,0.025776268005371094,REST,0,0,0,0,False,False,False,False,False,False,,,,,,,,,,6.0,3.0,20.0,0.25
imu,6370600426,,,636646,1,,,,,,,,,,,,,,,,,,,,,-0.1766357421875,-0.0733642578125,0.9114990234375,-0.03816793893129771,0.061068702290076333,0.061068702290076333,,,,6.0,3.0,20.0,0.25
imu,6370640429,,,636650,1,,,,,,,,,,,,,,,,,,,,,-0.1722412109375,-0.0767822265625,0.9107666015625,-0.04580152671755725,0.05343511450381679,0.030534351145038167,,,,6.0,3.0,20.0,0.25
emg,6370813492,5476081,1,,,13308,1.6635,0.013980006526537858,161.88706970214844,0.020235883712768556,0.04010915756225586,0.028256540298461915,0.038548782348632814,0.025776268005371094,REST,0,0,0,0,False,False,False,False,False,False,,,,,,,,,,6.0,3.0,20.0,0.25
emg,6370918733,5476171,1,,,13420,1.6775,0.028203377543302155,198.45204162597656,0.02480650520324707,0.04010915756225586,0.028256540298461915,0.038548782348632814,0.025776268005371094,REST,0,0,0,0,False,False,False,False,False,False,,,,,,,,,,6.0,3.0,20.0,0.25
emg,6371025147,5476262,1,,,13126,1.64075,-0.008434595924548871,136.28256225585938,0.017035320281982423,0.04010915756225586,0.028256540298461915,0.038548782348632814,0.025776268005371094,REST,0,0,0,0,False,False,False,False,False,False,,,,,,,,,,6.0,3.0,20.0,0.25
imu,6371120455,,,636698,1,,,,,,,,,,,,,,,,,,,,,-0.177001953125,-0.0755615234375,0.9083251953125,-0.04580152671755725,0.061068702290076333,0.03816793893129771,,,,6.0,3.0,20.0,0.25
emg,6371233335,5476442,1,,,13253,1.656625,0.007767189697693189,154.22573852539062,0.019278217315673828,0.04010915756225586,0.028256540298461915,0.038548782348632814,0.025776268005371094,REST,0,0,0,0,False,False,False,False,False,False,,,,,,,,,,6.0,3.0,20.0,0.25
emg,6371338158,5476532,1,,,13372,1.6715,0.023489339606311388,165.5067596435547,0.020688344955444336,0.04010915756225586,0.028256540298461915,0.038548782348632814,0.025776268005371094,REST,0,0,0,0,False,False,False,False,False,False,,,,,,,,,,6.0,3.0,20.0,0.25
emg,6371442677,5476622,1,,,13091,1.6363750000000001,-0.011355372026696564,174.07672119140625,0.02175959014892578,0.04010915756225586,0.028256540298461915,0.038548782348632814,0.025776268005371094,REST,0,0,0,0,False,False,False,False,False,False,,,,,,,,,,6.0,3.0,20.0,0.25
emg,6371547339,5476712,1,,,13030,1.6287500000000001,-0.01890135463826903,214.3419189453125,0.026792739868164064,0.04010915756225586,0.028256540298461915,0.038548782348632814,0.025776268005371094,REST,0,0,0,0,False,False,False,False,False,False,,,,,,,,,,6.0,3.0,20.0,0.25
emg,6371652009,5476802,1,,,13240,1.655,0.007703895271586436,285.7339172363281,0.035716739654541016,0.04030638122558594,0.02838808059692383,0.038548782348632814,0.025776268005371094,REST,0,0,0,0,False,False,False,False,False,False,,,,,,,,,,6.0,3.0,20.0,0.25
emg,6371757243,5476892,1,,,13276,1.6595,0.012392309999231355,245.62576293945312,0.03070322036743164,0.04030638122558594,0.02838808059692383,0.038548782348632814,0.025776268005371094,REST,0,0,0,0,False,False,False,False,False,False,,,,,,,,,,6.0,3.0,20.0,0.25
emg,6371861357,5476982,1,,,13080,1.635,-0.011900806058491309,183.83999633789062,0.02297999954223633,0.04030638122558594,0.02838808059692383,0.038548782348632814,0.025776268005371094,REST,0,0,0,0,False,False,False,False,False,False,,,,,,,,,,6.0,3.0,20.0,0.25
emg,6371966019,5477072,1,,,13073,1.634125,-0.012032779175269903,163.10797119140625,0.02038849639892578,0.04030638122558594,0.02838808059692383,0.038548782348632814,0.025776268005371094,REST,0,0,0,0,False,False,False,False,False,False,,,,,,,,,,6.0,3.0,20.0,0.25
emg,6372070689,5477162,1,,,13257,1.657125,0.011014554030090329,173.49478149414062,0.02168684768676758,0.04030638122558594,0.02838808059692383,0.038548782348632814,0.025776268005371094,REST,0,0,0,0,False,False,False,False,False,False,,,,,,,,,,6.0,3.0,20.0,0.25
emg,6372175356,5477252,1,,,13230,1.65375,0.007765610593565064,83.75228881835938,0.010469036102294922,0.04030638122558594,0.02838808059692383,0.038548782348632814,0.025776268005371094,REST,0,0,0,0,False,False,False,False,False,False,,,,,,,,,,6.0,3.0,20.0,0.25
emg,6372280053,5477342,1,,,13408,1.676,0.029881083676422726,191.65362548828125,0.023956703186035155,0.04030638122558594,0.02838808059692383,0.038548782348632814,0.025776268005371094,REST,0,0,0,0,False,False,False,False,False,False,,,,,,,,,,6.0,3.0,20.0,0.25
emg,6372385861,5477433,1,,,13037,1.629625,-0.01727926091229648,327.0497131347656,0.0408812141418457,0.04030638122558594,0.02838808059692383,0.038548782348632814,0.025776268005371094,CANDIDATE,0,0,0,0,False,False,False,False,False,False,,,,,,,,,,6.0,3.0,20.0,0.25
emg,6372490534,5477523,1,,,13395,1.674375,0.02662304860630238,194.39694213867188,0.024299617767333984,0.04030638122558594,0.02838808059692383,0.038548782348632814,0.025776268005371094,REST,0,0,0,0,False,False,False,False,False,False,,,,,,,,,,6.0,3.0,20.0,0.25
emg,6372595202,5477613,1,,,13515,1.689375,0.040526339719253235,221.90599060058594,0.027738248825073242,0.04030638122558594,0.02838808059692383,0.038548782348632814,0.025776268005371094,REST,0,0,0,0,False,False,False,False,False,False,,,,,,,,,,6.0,3.0,20.0,0.25
imu,6372680426,,,636854,1,,,,,,,,,,,,,,,,,,,,,-0.17578125,-0.0762939453125,0.907470703125,-0.10687022900763359,0.0916030534351145,0.030534351145038167,,,,6.0,3.0,20.0,0.25
emg,6372804542,5477793,1,,,13015,1.626875,-0.022130112526199897,140.5274200439453,0.017565927505493163,0.04082124328613281,0.028704833984375,0.038548782348632814,0.025776268005371094,REST,0,0,0,0,False,False,False,False,False,False,,,,,,,,,,6.0,3.0,20.0,0.25
emg,6372909212,5477883,1,,,13196,1.6495,0.0006248759938809467,179.76197814941406,0.022470247268676757,0.04082124328613281,0.028704833984375,0.038548782348632814,0.025776268005371094,REST,0,0,0,0,False,False,False,False,False,False,,,,,,,,,,6.0,3.0,20.0,0.25
emg,6373013882,5477973,1,,,13761,1.7201250000000001,0.0713488395827282,250.79736328125,0.03134967041015625,0.04082124328613281,0.028704833984375,0.038548782348632814,0.025776268005371094,REST,0,0,0,0,False,False,False,False,False,False,,,,,,,,,,6.0,3.0,20.0,0.25
emg,6373106930,5478053,1,,,13494,1.68675,0.0377682535819015,352.91461181640625,0.04411432647705078,0.04082124328613281,0.028704833984375,0.038548782348632814,0.025776268005371094,REST,0,0,0,0,False,False,False,False,False,False,,,,,,,,,,6.0,3.0,20.0,0.25
imu,6373200429,,,636906,1,,,,,,,,,,,,,,,,,,,,,-0.1751708984375,-0.074462890625,0.9100341796875,-0.07633587786259542,0.04580152671755725,0.0916030534351145,,,,6.0,3.0,20.0,0.25
imu,6373240431,,,636910,1,,,,,,,,,,,,,,,,,,,,,-0.17578125,-0.074951171875,0.909912109375,-0.061068702290076333,0.06870229007633588,0.08396946564885496,,,,6.0,3.0,20.0,0.25
emg,6373420932,5478323,1,,,13065,1.633125,-0.01623105673839631,304.2593994140625,0.03803242492675781,0.04082124328613281,0.028704833984375,0.038548782348632814,0.025776268005371094,REST,0,0,0,0,True,False,False,False,False,False,,,,,,,,,,6.0,3.0,20.0,0.25
emg,6373525597,5478413,1,,,12901,1.612625,-0.037224381066570666,209.91650390625,0.02623956298828125,0.04082124328613281,0.028704833984375,0.038548782348632814,0.025776268005371094,REST,0,0,0,0,True,False,False,False,False,False,,,,,,,,,,6.0,3.0,20.0,0.25
emg,6373631362,5478503,1,,,12893,1.611625,-0.037662371064879796,177.20184326171875,0.022150230407714844,0.04082124328613281,0.028704833984375,0.038548782348632814,0.025776268005371094,REST,0,0,0,0,True,False,False,False,False,False,,,,,,,,,,6.0,3.0,20.0,0.25
emg,6373734945,5478593,1,,,13511,1.6888750000000001,0.03952525698101761,229.4549102783203,0.02868186378479004,0.04082124328613281,0.028704833984375,0.038548782348632814,0.025776268005371094,REST,0,0,0,0,False,False,False,False,False,False,,,,,,,,,,6.0,3.0,20.0,0.25
emg,6373839605,5478683,1,,,13557,1.694625,0.04574918196618105,336.16583251953125,0.042020729064941406,0.041810974121093754,0.02930777931213379,0.038548782348632814,0.025776268005371094,CANDIDATE,0,0,0,0,False,False,False,False,False,False,,,,,,,,,,6.0,3.0,20.0,0.25
emg,6373944282,5478773,1,,,12850,1.60625,-0.04173466405404924,172.7551727294922,0.021594396591186525,0.041810974121093754,0.02930777931213379,0.038548782348632814,0.025776268005371094,REST,0,0,0,0,False,False,False,False,False,False,,,,,,,,,,6.0,3.0,20.0,0.25
emg,6374048958,5478863,1,,,13321,1.665125,0.017554399263326248,210.95001220703125,0.026368751525878906,0.041810974121093754,0.02930777931213379,0.038548782348632814,0.025776268005371094,REST,0,0,0,0,False,False,False,False,False,False,,,,,,,,,,6.0,3.0,20.0,0.25
emg,6374154195,5478953,1,,,13157,1.644625,-0.003602542802615627,206.92752075195312,0.025865940093994143,0.041810974121093754,0.02930777931213379,0.038548782348632814,0.025776268005371094,REST,0,0,0,0,False,False,False,False,False,False,,,,,,,,,,6.0,3.0,20.0,0.25
emg,6374258297,5479043,1,,,13275,1.659375,0.010917228920608313,269.9543151855469,0.03374428939819336,0.041810974121093754,0.02930777931213379,0.038548782348632814,0.025776268005371094,REST,0,0,0,0,False,False,False,False,False,False,,,,,,,,,,6.0,3.0,20.0,0.25
emg,6374362962,5479133,1,,,13146,1.64325,-0.005178636303267092,246.18621826171875,0.030773277282714843,0.041810974121093754,0.02930777931213379,0.038548782348632814,0.025776268005371094,REST,0,0,0,0,False,False,False,False,False,False,,,,,,,,,,6.0,3.0,20.0,0.25
emg,6374467636,5479223,1,,,12737,1.592125,-0.0563951312517148,181.90444946289062,0.02273805618286133,0.041810974121093754,0.02930777931213379,0.038548782348632814,0.025776268005371094,REST,0,0,0,0,False,False,False,False,False,False,,,,,,,,,,6.0,3.0,20.0,0.25
emg,6374572921,5479313,1,,,17028,2.1285,0.4442416393989306,5472.64306640625,0.6840803833007812,0.041810974121093754,0.02930777931213379,0.038548782348632814,0.025776268005371094,ACTIVE,0,0,0,0,True,True,False,False,False,False,,,,,,,,,,6.0,3.0,20.0,0.25
emg,6374676992,5479403,1,,,10577,1.322125,-0.3553019433496616,1862.926513671875,0.2328658142089844,0.041810974121093754,0.02930777931213379,0.038548782348632814,0.025776268005371094,ACTIVE,0,0,0,0,True,True,False,False,False,False,,,,,,,,,,6.0,3.0,20.0,0.25
emg,6374781639,5479493,1,,,11474,1.43425,-0.23098679031425662,891.1591186523438,0.11139488983154297,0.041810974121093754,0.02930777931213379,0.038548782348632814,0.025776268005371094,ACTIVE,0,0,0,0,True,True,False,False,False,False,,,,,,,,,,6.0,3.0,20.0,0.25
emg,6374887481,5479584,1,,,12798,1.59975,-0.05517995060014713,671.895263671875,0.08398690795898438,0.041810974121093754,0.02930777931213379,0.038548782348632814,0.025776268005371094,ACTIVE,0,0,0,0,True,True,False,False,False,False,,,,,,,,,,6.0,3.0,20.0,0.25
emg,6374993326,5479675,1,,,13193,1.649125,-0.002335954132208329,279.8385009765625,0.03497981262207031,0.041810974121093754,0.02930777931213379,0.038548782348632814,0.025776268005371094,ACTIVE,0,0,0,0,True,True,False,False,False,False,,,,,,,,,,6.0,3.0,20.0,0.25
emg,6375097973,5479765,1,,,13409,1.676125,0.026100028543919906,319.04571533203125,0.039880714416503905,0.041810974121093754,0.02930777931213379,0.038548782348632814,0.025776268005371094,ACTIVE,0,0,0,0,True,True,False,False,False,False,,,,,,,,,,6.0,3.0,20.0,0.25
emg,6375202648,5479855,1,,,12888,1.611,-0.0381004991665268,138.70228576660156,0.017337785720825196,0.041810974121093754,0.02930777931213379,0.038548782348632814,0.025776268005371094,ACTIVE,0,0,0,0,True,True,False,False,False,False,,,,,,,,,,6.0,3.0,20.0,0.25
imu,6375280426,,,637114,1,,,,,,,,,,,,,,,,,,,,,-0.17431640625,-0.0765380859375,0.9124755859375,0.08396946564885496,0.08396946564885496,0.04580152671755725,,,,6.0,3.0,20.0,0.25
emg,6375412112,5480035,1,,,13434,1.6792500000000001,0.03337244521741223,244.2819366455078,0.030535242080688477,0.041810974121093754,0.02930777931213379,0.038548782348632814,0.025776268005371094,ACTIVE,0,0,0,0,True,True,False,False,False,False,,,,,,,,,,6.0,3.0,20.0,0.25
emg,6375516663,5480125,1,,,13318,1.66475,0.020179942489055414,260.9471740722656,0.032618396759033205,0.041810974121093754,0.02930777931213379,0.038548782348632814,0.025776268005371094,ACTIVE,0,0,0,0,True,True,False,False,False,False,,,,,,,,,,6.0,3.0,20.0,0.25
emg,6375609700,5480205,1,,,13096,1.637,-0.006472891952132631,149.12884521484375,0.01864110565185547,0.041810974121093754,0.02930777931213379,0.038548782348632814,0.025776268005371094,ACTIVE,0,0,0,0,True,True,False,False,False,False,,,,,,,,,,6.0,3.0,20.0,0.25
emg,6375714368,5480295,1,,,13485,1.685625,0.042872161214482896,304.83197021484375,0.03810399627685547,0.041810974121093754,0.02930777931213379,0.038548782348632814,0.025776268005371094,REFRACTORY,0,0,0,0,False,False,False,False,False,False,,,,,,,,,,6.0,3.0,20.0,0.25
imu,6375800431,,,637166,1,,,,,,,,,,,,,,,,,,,,,-0.1754150390625,-0.078125,0.9129638671875,-0.007633587786259542,0.015267175572519083,0.03816793893129771,,,,6.0,3.0,20.0,0.25
emg,6375923715,5480475,1,,,13101,1.637625,-0.00578438428623107,275.216064453125,0.03440200805664063,0.041810974121093754,0.02930777931213379,0.038548782348632814,0.025776268005371094,REFRACTORY,0,0,0,0,False,False,False,False,False,False,,,,,,,,,,6.0,3.0,20.0,0.25
emg,6376028375,5480565,1,,,13125,1.640625,-0.003423686199163889,244.05615234375,0.03050701904296875,0.041810974121093754,0.02930777931213379,0.038548782348632814,0.025776268005371094,REST,0,0,0,0,False,False,False,False,False,False,,,,,,,,,,6.0,3.0,20.0,0.25
emg,6376133048,5480655,1,,,13558,1.69475,0.04921030060639886,336.12548828125,0.04201568603515625,0.041810974121093754,0.02930777931213379,0.038548782348632814,0.025776268005371094,REST,0,0,0,0,False,False,False,False,False,False,,,,,,,,,,6.0,3.0,20.0,0.25
emg,6376238876,5480746,1,,,13347,1.668375,0.021863745729580497,203.52430725097656,0.02544053840637207,0.041810974121093754,0.02930777931213379,0.038548782348632814,0.025776268005371094,REST,0,0,0,0,False,False,False,False,False,False,,,,,,,,,,6.0,3.0,20.0,0.25
emg,6376343554,5480836,1,,,12961,1.620125,-0.025735236535948225,131.0883026123047,0.016386037826538087,0.04334520721435547,0.030215917587280275,0.038548782348632814,0.025776268005371094,REST,0,0,0,0,False,False,False,False,False,False,,,,,,,,,,6.0,3.0,20.0,0.25
emg,6376449379,5480927,1,,,13087,1.635875,-0.009488280917753222,175.11036682128906,0.021888795852661132,0.04334520721435547,0.030215917587280275,0.038548782348632814,0.025776268005371094,REST,0,0,0,0,False,False,False,False,False,False,,,,,,,,,,6.0,3.0,20.0,0.25
emg,6376554054,5481017,1,,,13348,1.6685,0.023057805991142155,143.84173583984375,0.01798021697998047,0.04334520721435547,0.030215917587280275,0.038548782348632814,0.025776268005371094,REST,0,0,0,0,False,False,False,False,False,False,,,,,,,,,,6.0,3.0,20.0,0.25
emg,6376658730,5481107,1,,,13245,1.6556250000000001,0.009844166230779772,192.34475708007812,0.024043094635009764,0.04334520721435547,0.030215917587280275,0.038548782348632814,0.025776268005371094,REST,0,0,0,0,False,False,False,False,False,False,,,,,,,,,,6.0,3.0,20.0,0.25
emg,6376763956,5481197,1,,,13163,1.645375,-0.0007876923020577742,131.96923828125,0.01649615478515625,0.04334520721435547,0.030215917587280275,0.038548782348632814,0.025776268005371094,REST,0,0,0,0,False,False,False,False,False,False,,,,,,,,,,6.0,3.0,20.0,0.25
emg,6376868071,5481287,1,,,13175,1.646875,-0.00023656823436635221,160.72064208984375,0.020090080261230468,0.04334520721435547,0.030215917587280275,0.038548782348632814,0.025776268005371094,REST,0,0,0,0,False,False,False,False,False,False,,,,,,,,,,6.0,3.0,20.0,0.25
emg,6376972734,5481377,1,,,13525,1.690625,0.042310415756352526,228.5233154296875,0.02856541442871094,0.04334520721435547,0.030215917587280275,0.038548782348632814,0.025776268005371094,REST,0,0,0,0,False,False,False,False,False,False,,,,,,,,,,6.0,3.0,20.0,0.25
emg,6377077399,5481467,1,,,13259,1.657375,0.00849897592119464,92.11187744140625,0.011513984680175782,0.04334520721435547,0.030215917587280275,0.038548782348632814,0.025776268005371094,REST,0,0,0,0,False,False,False,False,False,False,,,,,,,,,,6.0,3.0,20.0,0.25
emg,6377182917,5481557,1,,,13173,1.646625,-0.003184222529859726,128.12852478027344,0.01601606559753418,0.04334520721435547,0.030215917587280275,0.038548782348632814,0.025776268005371094,REST,0,0,0,0,False,False,False,False,False,False,,,,,,,,,,6.0,3.0,20.0,0.25
emg,6377286765,5481647,1,,,12993,1.624125,-0.026067552346416667,262.0209655761719,0.032752620697021485,0.04334520721435547,0.030215917587280275,0.038548782348632814,0.025776268005371094,REST,0,0,0,0,False,False,False,False,False,False,,,,,,,,,,6.0,3.0,20.0,0.25
emg,6377391421,5481737,1,,,13504,1.688,0.036997691707654656,226.09678649902344,0.028262098312377932,0.044943138122558596,0.031180862426757813,0.038548782348632814,0.025776268005371094,REST,0,0,0,0,False,False,False,False,False,False,,,,,,,,,,6.0,3.0,20.0,0.25
emg,6377498413,5481828,1,,,13276,1.6595,0.008184008148690136,228.24195861816406,0.02853024482727051,0.044943138122558596,0.031180862426757813,0.038548782348632814,0.025776268005371094,REST,0,0,0,0,False,False,False,False,False,False,,,,,,,,,,6.0,3.0,20.0,0.25
emg,6377602475,5481918,1,,,13147,1.643375,-0.008130144159276043,124.0009536743164,0.01550011920928955,0.044943138122558596,0.031180862426757813,0.038548782348632814,0.025776268005371094,REST,0,0,0,0,False,False,False,False,False,False,,,,,,,,,,6.0,3.0,20.0,0.25
emg,6377707747,5482009,1,,,13217,1.652125,0.0006026127158762495,89.36869049072266,0.011171086311340332,0.044943138122558596,0.031180862426757813,0.038548782348632814,0.025776268005371094,REST,0,0,0,0,False,False,False,False,False,False,,,,,,,,,,6.0,3.0,20.0,0.25
emg,6377800798,5482089,1,,,13212,1.6515,-1.1312907886251722e-05,181.7117462158203,0.02271396827697754,0.044943138122558596,0.031180862426757813,0.038548782348632814,0.025776268005371094,REST,0,0,0,0,False,False,False,False,False,False,,,,,,,,,,6.0,3.0,20.0,0.25
imu,6377880426,,,637374,1,,,,,,,,,,,,,,,,,,,,,-0.1767578125,-0.0751953125,0.914306640625,-0.13740458015267176,-0.05343511450381679,0.030534351145038167,,,,6.0,3.0,20.0,0.25
emg,6378022111,5482279,1,,,13070,1.63375,-0.01822295178672828,114.64678192138672,0.01433084774017334,0.044943138122558596,0.031180862426757813,0.038548782348632814,0.025776268005371094,REST,0,0,0,0,False,False,False,False,False,False,,,,,,,,,,6.0,3.0,20.0,0.25
emg,6378114807,5482359,1,,,13294,1.66175,0.010181117416981467,141.8343963623047,0.017729299545288086,0.044943138122558596,0.031180862426757813,0.038548782348632814,0.025776268005371094,REST,0,0,0,0,False,False,False,False,False,False,,,,,,,,,,6.0,3.0,20.0,0.25
emg,6378219472,5482449,1,,,13234,1.65425,0.003290325187381038,156.11561584472656,0.019514451980590822,0.044943138122558596,0.031180862426757813,0.038548782348632814,0.025776268005371094,REST,0,0,0,0,False,False,False,False,False,False,,,,,,,,,,6.0,3.0,20.0,0.25
emg,6378324133,5482539,1,,,12982,1.6227500000000001,-0.028024085136398202,160.15476989746094,0.020019346237182618,0.044943138122558596,0.031180862426757813,0.038548782348632814,0.025776268005371094,REST,0,0,0,0,False,False,False,False,False,False,,,,,,,,,,6.0,3.0,20.0,0.25
emg,6378429386,5482629,1,,,13150,1.64375,-0.00665750290945244,81.06285095214844,0.010132856369018554,0.04657059478759766,0.03218303680419922,0.038548782348632814,0.025776268005371094,REST,0,0,0,0,False,False,False,False,False,False,,,,,,,,,,6.0,3.0,20.0,0.25
emg,6378533518,5482719,1,,,13398,1.67475,0.02468105317659086,244.27842712402344,0.03053480339050293,0.04657059478759766,0.03218303680419922,0.038548782348632814,0.025776268005371094,REST,0,0,0,0,False,False,False,False,False,False,,,,,,,,,,6.0,3.0,20.0,0.25
emg,6378638152,5482809,1,,,13256,1.657,0.007234829589916059,176.98516845703125,0.022123146057128906,0.04657059478759766,0.03218303680419922,0.038548782348632814,0.025776268005371094,REST,0,0,0,0,False,False,False,False,False,False,,,,,,,,,,6.0,3.0,20.0,0.25
emg,6378745143,5482900,1,,,12929,1.616125,-0.03388854143399178,202.91131591796875,0.025363914489746096,0.04657059478759766,0.03218303680419922,0.038548782348632814,0.025776268005371094,REST,0,0,0,0,False,False,False,False,False,False,,,,,,,,,,6.0,3.0,20.0,0.25
emg,6378848646,5482990,1,,,13286,1.66075,0.010768690469949771,177.3971405029297,0.02217464256286621,0.04657059478759766,0.03218303680419922,0.038548782348632814,0.025776268005371094,REST,0,0,0,0,False,False,False,False,False,False,,,,,,,,,,6.0,3.0,20.0,0.25
emg,6378953328,5483080,1,,,13473,1.684125,0.03315833010371483,157.252197265625,0.019656524658203126,0.04657059478759766,0.03218303680419922,0.038548782348632814,0.025776268005371094,REST,0,0,0,0,False,False,False,False,False,False,,,,,,,,,,6.0,3.0,20.0,0.25
emg,6379057995,5483170,1,,,13139,1.6423750000000001,-0.008961850827796658,148.04263305664062,0.018505329132080077,0.04657059478759766,0.03218303680419922,0.038548782348632814,0.025776268005371094,REST,0,0,0,0,False,False,False,False,False,False,,,,,,,,,,6.0,3.0,20.0,0.25
emg,6379162656,5483260,1,,,13325,1.6656250000000001,0.013534971208775115,180.09405517578125,0.022511756896972657,0.04657059478759766,0.03218303680419922,0.038548782348632814,0.025776268005371094,REST,0,0,0,0,False,False,False,False,False,False,,,,,,,,,,6.0,3.0,20.0,0.25
emg,6379267333,5483350,1,,,13165,1.6456250000000001,-0.006726434389261904,189.72708129882812,0.023715885162353515,0.04657059478759766,0.03218303680419922,0.038548782348632814,0.025776268005371094,REST,0,0,0,0,False,False,False,False,False,False,,,,,,,,,,6.0,3.0,20.0,0.25
emg,6379372009,5483440,1,,,13285,1.660625,0.00822237486146582,122.96245574951172,0.015370306968688964,0.04803908157348633,0.03311656951904297,0.038548782348632814,0.025776268005371094,REST,0,0,0,0,False,False,False,False,False,False,,,,,,,,,,6.0,3.0,20.0,0.25
emg,6379477242,5483530,1,,,13282,1.66025,0.008174590980934315,108.50004577636719,0.0135625057220459,0.04803908157348633,0.03311656951904297,0.038548782348632814,0.025776268005371094,REST,0,0,0,0,False,False,False,False,False,False,,,,,,,,,,6.0,3.0,20.0,0.25
emg,6379581343,5483620,1,,,13101,1.637625,-0.013469799347478606,186.51156616210938,0.02331394577026367,0.04803908157348633,0.03311656951904297,0.038548782348632814,0.025776268005371094,REST,0,0,0,0,False,False,False,False,False,False,,,,,,,,,,6.0,3.0,20.0,0.25
emg,6379686013,5483710,1,,,13049,1.631125,-0.019403345640259584,141.49050903320312,0.01768631362915039,0.04803908157348633,0.03311656951904297,0.038548782348632814,0.025776268005371094,REST,0,0,0,0,False,False,False,False,False,False,,,,,,,,,,6.0,3.0,20.0,0.25
emg,6379790685,5483800,1,,,13282,1.66025,0.010016806617853202,184.1370086669922,0.023017126083374025,0.04803908157348633,0.03311656951904297,0.038548782348632814,0.025776268005371094,REST,0,0,0,0,False,False,False,False,False,False,,,,,,,,,,6.0,3.0,20.0,0.25
emg,6379895965,5483890,1,,,13120,1.6400000000000001,-0.009735667141747006,127.28846740722656,0.015911058425903322,0.04803908157348633,0.03311656951904297,0.038548782348632814,0.025776268005371094,REST,0,0,0,0,False,False,False,False,False,False,,,,,,,,,,6.0,3.0,20.0,0.25
imu,6379960426,,,637582,1,,,,,,,,,,,,,,,,,,,,,-0.1748046875,-0.075927734375,0.91064453125,0.0,0.061068702290076333,0.061068702290076333,,,,6.0,3.0,20.0,0.25
emg,6380105851,5484071,1,,,13376,1.672,0.021825899356097356,198.27491760253906,0.024784364700317384,0.04803908157348633,0.03311656951904297,0.038548782348632814,0.025776268005371094,REST,0,0,0,0,False,False,False,False,False,False,,,,,,,,,,6.0,3.0,20.0,0.25
emg,6380212255,5484162,1,,,13287,1.660875,0.010582523088945583,201.0577850341797,0.025132223129272463,0.04803908157348633,0.03311656951904297,0.038548782348632814,0.025776268005371094,REST,0,0,0,0,False,False,False,False,False,False,,,,,,,,,,6.0,3.0,20.0,0.25
emg,6380304774,5484242,1,,,13441,1.680125,0.029406935853846905,178.54283142089844,0.022317853927612305,0.04803908157348633,0.03311656951904297,0.038548782348632814,0.025776268005371094,REST,0,0,0,0,False,False,False,False,False,False,,,,,,,,,,6.0,3.0,20.0,0.25
emg,6380409395,5484332,1,,,13155,1.6443750000000001,-0.0065601681982381255,208.03646850585938,0.026004558563232423,0.04946286773681641,0.03401719665527344,0.038548782348632814,0.025776268005371094,REST,0,0,0,0,False,False,False,False,False,False,,,,,,,,,,6.0,3.0,20.0,0.25
imu,6380480459,,,637634,1,,,,,,,,,,,,,,,,,,,,,-0.177734375,-0.0765380859375,0.912353515625,0.022900763358778626,0.09923664122137404,0.09923664122137404,,,,6.0,3.0,20.0,0.25
emg,6380618739,5484512,1,,,13291,1.661375,0.009556709890109039,227.27464294433594,0.028409330368041993,0.04946286773681641,0.03401719665527344,0.038548782348632814,0.025776268005371094,REST,0,0,0,0,False,False,False,False,False,False,,,,,,,,,,6.0,3.0,20.0,0.25
emg,6380723534,5484602,1,,,13067,1.633375,-0.018262767880377506,226.94915771484375,0.02836864471435547,0.04946286773681641,0.03401719665527344,0.038548782348632814,0.025776268005371094,REST,0,0,0,0,False,False,False,False,False,False,,,,,,,,,,6.0,3.0,20.0,0.25
emg,6380828080,5484692,1,,,13097,1.637125,-0.014176900335111764,118.92192077636719,0.0148652400970459,0.04946286773681641,0.03401719665527344,0.038548782348632814,0.025776268005371094,REST,0,0,0,0,False,False,False,False,False,False,,,,,,,,,,6.0,3.0,20.0,0.25
emg,6380932749,5484782,1,,,13475,1.684375,0.033581946025976306,147.07305908203125,0.018384132385253906,0.04946286773681641,0.03401719665527344,0.038548782348632814,0.025776268005371094,REST,0,0,0,0,False,False,False,False,False,False,,,,,,,,,,6.0,3.0,20.0,0.25
emg,6381037425,5484872,1,,,13185,1.648125,-0.0022891964735849424,114.2532958984375,0.014281661987304687,0.04946286773681641,0.03401719665527344,0.038548782348632814,0.025776268005371094,REST,0,0,0,0,False,False,False,False,False,False,,,,,,,,,,6.0,3.0,20.0,0.25
emg,6381142643,5484962,1,,,13058,1.63225,-0.018576576441452275,222.74400329589844,0.027843000411987305,0.04946286773681641,0.03401719665527344,0.038548782348632814,0.025776268005371094,REST,0,0,0,0,False,False,False,False,False,False,,,,,,,,,,6.0,3.0,20.0,0.25
emg,6381246769,5485052,1,,,13126,1.64075,-0.010179275281447575,184.95372009277344,0.02311921501159668,0.04946286773681641,0.03401719665527344,0.038548782348632814,0.025776268005371094,REST,0,0,0,0,False,False,False,False,False,False,,,,,,,,,,6.0,3.0,20.0,0.25
emg,6381351426,5485142,1,,,13274,1.6592500000000001,0.008339687424174569,191.2098388671875,0.02390122985839844,0.04946286773681641,0.03401719665527344,0.038548782348632814,0.025776268005371094,REST,0,0,0,0,False,False,False,False,False,False,,,,,,,,,,6.0,3.0,20.0,0.25
emg,6381457257,5485233,1,,,13140,1.6425,-0.007860847726568032,137.4862518310547,0.017185781478881838,0.05091419219970703,0.034914283752441405,0.038548782348632814,0.025776268005371094,REST,0,0,0,0,False,False,False,False,False,False,,,,,,,,,,6.0,3.0,20.0,0.25
emg,6381562112,5485323,1,,,13140,1.6425,-0.007424973155341297,159.51608276367188,0.019939510345458985,0.05091419219970703,0.034914283752441405,0.038548782348632814,0.025776268005371094,REST,0,0,0,0,False,False,False,False,False,False,,,,,,,,,,6.0,3.0,20.0,0.25
emg,6381666607,5485413,1,,,13117,1.639625,-0.010389932458048978,98.22970581054688,0.01227871322631836,0.05091419219970703,0.034914283752441405,0.038548782348632814,0.025776268005371094,REST,0,0,0,0,False,False,False,False,False,False,,,,,,,,,,6.0,3.0,20.0,0.25
emg,6381771272,5485503,1,,,12994,1.62425,-0.025638981408429018,181.73228454589844,0.022716535568237304,0.05091419219970703,0.034914283752441405,0.038548782348632814,0.025776268005371094,REST,0,0,0,0,False,False,False,False,False,False,,,,,,,,,,6.0,3.0,20.0,0.25
emg,6381875942,5485593,1,,,13576,1.697,0.04735086290595891,216.00267028808594,0.027000333786010744,0.05091419219970703,0.034914283752441405,0.038548782348632814,0.025776268005371094,REST,0,0,0,0,False,False,False,False,False,False,,,,,,,,,,6.0,3.0,20.0,0.25
emg,6381980612,5485683,1,,,12861,1.607625,-0.04192108100913394,135.7887725830078,0.016973596572875976,0.05091419219970703,0.034914283752441405,0.038548782348632814,0.025776268005371094,REST,0,0,0,0,False,False,False,False,False,False,,,,,,,,,,6.0,3.0,20.0,0.25
emg,6382085288,5485773,1,,,13216,1.6520000000000001,0.0020096610226969513,223.41891479492188,0.027927364349365234,0.05091419219970703,0.034914283752441405,0.038548782348632814,0.025776268005371094,REST,0,0,0,0,False,False,False,False,False,False,,,,,,,,,,6.0,3.0,20.0,0.25
emg,6382189952,5485863,1,,,13070,1.63375,-0.016371066724623295,242.99427795410156,0.030374284744262695,0.05091419219970703,0.034914283752441405,0.038548782348632814,0.025776268005371094,REST,0,0,0,0,False,False,False,False,False,False,,,,,,,,,,6.0,3.0,20.0,0.25
emg,6382294622,5485953,1,,,13370,1.6712500000000001,0.021212462544587307,203.5417022705078,0.02544271278381348,0.05091419219970703,0.034914283752441405,0.038548782348632814,0.025776268005371094,REST,0,0,0,0,False,False,False,False,False,False,,,,,,,,,,6.0,3.0,20.0,0.25
emg,6382399292,5486043,1,,,13225,1.653125,0.002708450783624361,181.2313995361328,0.022653924942016603,0.05225130844116211,0.03573868560791016,0.038548782348632814,0.025776268005371094,REST,0,0,0,0,False,False,False,False,False,False,,,,,,,,,,6.0,3.0,20.0,0.25
imu,6382520426,,,637838,1,,,,,,,,,,,,,,,,,,,,,-0.1744384765625,-0.0755615234375,0.90966796875,-0.015267175572519083,0.10687022900763359,0.05343511450381679,,,,6.0,3.0,20.0,0.25
imu,6382560426,,,637842,1,,,,,,,,,,,,,,,,,,,,,-0.17333984375,-0.0765380859375,0.9039306640625,-0.015267175572519083,0.09923664122137404,0.05343511450381679,,,,6.0,3.0,20.0,0.25
emg,6382714462,5486314,1,,,11520,1.44,-0.23546398992566897,2398.499755859375,0.2998124694824219,0.05225130844116211,0.03573868560791016,0.038548782348632814,0.025776268005371094,ACTIVE,0,0,0,0,True,True,False,False,False,False,,,,,,,,,,6.0,3.0,20.0,0.25
emg,6382809837,5486395,1,,,12315,1.539375,-0.12179571392745348,1122.8551025390625,0.1403568878173828,0.05225130844116211,0.03573868560791016,0.038548782348632814,0.025776268005371094,ACTIVE,0,0,0,0,True,True,False,False,False,False,,,,,,,,,,6.0,3.0,20.0,0.25
emg,6382913919,5486485,1,,,12810,1.60125,-0.052531439727542484,508.6446228027344,0.0635805778503418,0.05225130844116211,0.03573868560791016,0.038548782348632814,0.025776268005371094,ACTIVE,0,0,0,0,True,True,False,False,False,False,,,,,,,,,,6.0,3.0,20.0,0.25
emg,6383018016,5486575,1,,,13302,1.66275,0.011623750004166489,243.1999969482422,0.030399999618530273,0.05225130844116211,0.03573868560791016,0.038548782348632814,0.025776268005371094,ACTIVE,0,0,0,0,True,True,False,False,False,False,,,,,,,,,,6.0,3.0,20.0,0.25
imu,6383080429,,,637894,1,,,,,,,,,,,,,,,,,,,,,-0.177001953125,-0.0721435546875,0.91357421875,-0.061068702290076333,0.007633587786259542,0.05343511450381679,,,,6.0,3.0,20.0,0.25
emg,6383227348,5486755,1,,,13032,1.629,-0.018772469119525903,160.31625366210938,0.020039531707763673,0.05225130844116211,0.03573868560791016,0.038548782348632814,0.025776268005371094,REFRACTORY,0,0,0,0,True,False,False,False,False,False,,,,,,,,,,6.0,3.0,20.0,0.25
emg,6383332917,5486845,1,,,13186,1.64825,0.0015913885245970594,159.56954956054688,0.01994619369506836,0.05225130844116211,0.03573868560791016,0.038548782348632814,0.025776268005371094,REFRACTORY,0,0,0,0,True,False,False,False,False,False,,,,,,,,,,6.0,3.0,20.0,0.25
emg,6383436709,5486935,1,,,13294,1.66175,0.01578403492041236,163.02552795410156,0.020378190994262697,0.05225130844116211,0.03573868560791016,0.038548782348632814,0.025776268005371094,REST,0,0,0,0,True,False,False,False,False,False,,,,,,,,,,6.0,3.0,20.0,0.25
emg,6383541364,5487025,1,,,12991,1.623875,-0.021757332272040575,126.10215759277344,0.01576276969909668,0.05225130844116211,0.03573868560791016,0.038548782348632814,0.025776268005371094,REST,0,0,0,0,False,False,False,False,False,False,,,,,,,,,,6.0,3.0,20.0,0.25
emg,6383646028,5487115,1,,,12933,1.616625,-0.028469274891882668,160.80117797851562,0.020100147247314452,0.05225130844116211,0.03573868560791016,0.038548782348632814,0.025776268005371094,REST,0,0,0,0,False,False,False,False,False,False,,,,,,,,,,6.0,3.0,20.0,0.25
emg,6383750704,5487205,1,,,13249,1.656125,0.011219278236779928,182.15513610839844,0.022769392013549807,0.05225130844116211,0.03573868560791016,0.038548782348632814,0.025776268005371094,REST,0,0,0,0,False,False,False,False,False,False,,,,,,,,,,6.0,3.0,20.0,0.25
emg,6383855940,5487295,1,,,13192,1.649,0.004381583779414777,262.4700927734375,0.03280876159667969,0.05225130844116211,0.03573868560791016,0.038548782348632814,0.025776268005371094,REST,0,0,0,0,False,False,False,False,False,False,,,,,,,,,,6.0,3.0,20.0,0.25
emg,6383960040,5487385,1,,,13422,1.67775,0.033239207177645724,287.0450134277344,0.035880626678466795,0.05225130844116211,0.03573868560791016,0.038548782348632814,0.025776268005371094,REST,0,0,0,0,False,False,False,False,False,False,,,,,,,,,,6.0,3.0,20.0,0.25
emg,6384064709,5487475,1,,,12614,1.57675,-0.06783745749653058,242.00128173828125,0.030250160217285157,0.05225130844116211,0.03573868560791016,0.038548782348632814,0.025776268005371094,REST,0,0,0,0,False,False,False,False,False,False,,,,,,,,,,6.0,3.0,20.0,0.25
emg,6384169395,5487565,1,,,12892,1.6115,-0.033786579472092404,157.214599609375,0.019651824951171876,0.05225130844116211,0.03573868560791016,0.038548782348632814,0.025776268005371094,REST,0,0,0,0,False,False,False,False,False,False,,,,,,,,,,6.0,3.0,20.0,0.25
emg,6384274625,5487655,1,,,13259,1.657375,0.011397956568786505,106.00784301757812,0.013250980377197265,0.05358465576171875,0.03655499267578125,0.038548782348632814,0.025776268005371094,REST,0,0,0,0,False,False,False,False,False,False,,,,,,,,,,6.0,3.0,20.0,0.25
emg,6384378741,5487745,1,,,13335,1.666875,0.01994478346722328,147.75099182128906,0.018468873977661133,0.05358465576171875,0.03655499267578125,0.038548782348632814,0.025776268005371094,REST,0,0,0,0,False,False,False,False,False,False,,,,,,,,,,6.0,3.0,20.0,0.25
emg,6384483383,5487835,1,,,12978,1.62225,-0.0247367044698954,138.10552978515625,0.01726319122314453,0.05358465576171875,0.03655499267578125,0.038548782348632814,0.025776268005371094,REST,0,0,0,0,False,False,False,False,False,False,,,,,,,,,,6.0,3.0,20.0,0.25
emg,6384588058,5487925,1,,,13159,1.644875,-0.00228057227466838,115.47337341308594,0.014434171676635743,0.05358465576171875,0.03655499267578125,0.038548782348632814,0.025776268005371094,REST,0,0,0,0,False,False,False,False,False,False,,,,,,,,,,6.0,3.0,20.0,0.25
emg,6384692728,5488015,1,,,13451,1.681375,0.03358394305349588,111.96212768554688,0.01399526596069336,0.05358465576171875,0.03655499267578125,0.038548782348632814,0.025776268005371094,REST,0,0,0,0,False,False,False,False,False,False,,,,,,,,,,6.0,3.0,20.0,0.25
emg,6384797459,5488105,1,,,13389,1.6736250000000001,0.02525472252928096,139.15927124023438,0.0173949089050293,0.05358465576171875,0.03655499267578125,0.038548782348632814,0.025776268005371094,REST,0,0,0,0,False,False,False,False,False,False,,,,,,,,,,6.0,3.0,20.0,0.25
emg,6384902073,5488195,1,,,13045,1.630625,-0.017932875386919456,166.62635803222656,0.02082829475402832,0.05358465576171875,0.03655499267578125,0.038548782348632814,0.025776268005371094,REST,0,0,0,0,False,False,False,False,False,False,,,,,,,,,,6.0,3.0,20.0,0.25
emg,6385006738,5488285,1,,,12606,1.57575,-0.07264638770806231,167.89849853515625,0.020987312316894532,0.05358465576171875,0.03655499267578125,0.038548782348632814,0.025776268005371094,REST,0,0,0,0,False,False,False,False,False,False,,,,,,,,,,6.0,3.0,20.0,0.25
imu,6385120426,,,638098,1,,,,,,,,,,,,,,,,,,,,,-0.1783447265625,-0.0723876953125,0.908447265625,-0.061068702290076333,0.030534351145038167,0.07633587786259542,,,,6.0,3.0,20.0,0.25
imu,6385160426,,,638102,1,,,,,,,,,,,,,,,,,,,,,-0.1771240234375,-0.0753173828125,0.906494140625,-0.11450381679389313,0.08396946564885496,0.04580152671755725,,,,6.0,3.0,20.0,0.25
emg,6385320755,5488555,1,,,12571,1.571375,-0.07738445065872623,188.13865661621094,0.023517332077026366,0.05489866256713867,0.03733416748046875,0.038548782348632814,0.025776268005371094,REST,0,0,0,0,False,False,False,False,False,False,,,,,,,,,,6.0,3.0,20.0,0.25
emg,6385413792,5488635,1,,,13428,1.6785,0.02928835631532012,124.94554138183594,0.015618192672729493,0.05489866256713867,0.03733416748046875,0.038548782348632814,0.025776268005371094,REST,0,0,0,0,False,False,False,False,False,False,,,,,,,,,,6.0,3.0,20.0,0.25
emg,6385518451,5488725,1,,,13272,1.659,0.009531589591408318,192.56076049804688,0.02407009506225586,0.05489866256713867,0.03733416748046875,0.038548782348632814,0.025776268005371094,REST,0,0,0,0,False,False,False,False,False,False,,,,,,,,,,6.0,3.0,20.0,0.25
emg,6385623128,5488815,1,,,13132,1.6415,-0.008260609311894207,189.57972717285156,0.023697465896606446,0.05489866256713867,0.03733416748046875,0.038548782348632814,0.025776268005371094,REST,0,0,0,0,False,False,False,False,False,False,,,,,,,,,,6.0,3.0,20.0,0.25
emg,6385727844,5488905,1,,,13009,1.626125,-0.023433792711679002,142.14337158203125,0.017767921447753906,0.05489866256713867,0.03733416748046875,0.038548782348632814,0.025776268005371094,REST,0,0,0,0,False,False,False,False,False,False,,,,,,,,,,6.0,3.0,20.0,0.25
emg,6385832465,5488995,1,,,13288,1.661,0.01152860901702324,198.48338317871094,0.02481042289733887,0.05489866256713867,0.03733416748046875,0.038548782348632814,0.025776268005371094,REST,0,0,0,0,False,False,False,False,False,False,,,,,,,,,,6.0,3.0,20.0,0.25
emg,6385937138,5489085,1,,,13307,1.663375,0.014190482239462288,159.6505889892578,0.019956323623657228,0.05489866256713867,0.03733416748046875,0.038548782348632814,0.025776268005371094,REST,0,0,0,0,False,False,False,False,False,False,,,,,,,,,,6.0,3.0,20.0,0.25
emg,6386041808,5489175,1,,,12901,1.612625,-0.03582235026960112,116.45128631591797,0.014556410789489747,0.05489866256713867,0.03733416748046875,0.038548782348632814,0.025776268005371094,REST,0,0,0,0,False,False,False,False,False,False,,,,,,,,,,6.0,3.0,20.0,0.25
emg,6386146473,5489265,1,,,13007,1.625875,-0.022039367183251946,99.42534637451172,0.012428168296813966,0.05489866256713867,0.03733416748046875,0.038548782348632814,0.025776268005371094,REST,0,0,0,0,False,False,False,False,False,False,,,,,,,,,,6.0,3.0,20.0,0.25
emg,6386251153,5489355,1,,,13248,1.6560000000000001,0.008166484088002246,136.2774200439453,0.017034677505493163,0.05582105255126953,0.037872505187988285,0.038548782348632814,0.025776268005371094,REST,0,0,0,0,False,False,False,False,False,False,,,,,,,,,,6.0,3.0,20.0,0.25
emg,6386355820,5489445,1,,,13490,1.68625,0.03853086142842699,242.392578125,0.030299072265625,0.05582105255126953,0.037872505187988285,0.038548782348632814,0.025776268005371094,REST,0,0,0,0,False,False,False,False,False,False,,,,,,,,,,6.0,3.0,20.0,0.25
emg,6386460488,5489535,1,,,13047,1.630875,-0.01669689511064054,141.26751708984375,0.01765843963623047,0.05582105255126953,0.037872505187988285,0.038548782348632814,0.025776268005371094,REST,0,0,0,0,False,False,False,False,False,False,,,,,,,,,,6.0,3.0,20.0,0.25
emg,6386567490,5489626,1,,,13009,1.626125,-0.021527987182638597,192.98851013183594,0.02412356376647949,0.05582105255126953,0.037872505187988285,0.038548782348632814,0.025776268005371094,REST,0,0,0,0,False,False,False,False,False,False,,,,,,,,,,6.0,3.0,20.0,0.25
emg,6386671549,5489716,1,,,13134,1.64175,-0.00617540111905579,142.6188507080078,0.017827356338500976,0.05582105255126953,0.037872505187988285,0.038548782348632814,0.025776268005371094,REST,0,0,0,0,False,False,False,False,False,False,,,,,,,,,,6.0,3.0,20.0,0.25
emg,6386775661,5489806,1,,,13345,1.668125,0.020149702009571557,131.29702758789062,0.01641212844848633,0.05582105255126953,0.037872505187988285,0.038548782348632814,0.025776268005371094,REST,0,0,0,0,False,False,False,False,False,False,,,,,,,,,,6.0,3.0,20.0,0.25
emg,6386880331,5489896,1,,,13106,1.63825,-0.009846813893599426,177.29856872558594,0.022162321090698243,0.05582105255126953,0.037872505187988285,0.038548782348632814,0.025776268005371094,REST,0,0,0,0,False,False,False,False,False,False,,,,,,,,,,6.0,3.0,20.0,0.25
emg,6386984996,5489986,1,,,13047,1.630875,-0.017357410236746862,222.23641967773438,0.0277795524597168,0.05582105255126953,0.037872505187988285,0.038548782348632814,0.025776268005371094,REST,0,0,0,0,False,False,False,False,False,False,,,,,,,,,,6.0,3.0,20.0,0.25
emg,6387090591,5490076,1,,,13227,1.653375,0.0049829331488746575,253.14910888671875,0.031643638610839846,0.05582105255126953,0.037872505187988285,0.038548782348632814,0.025776268005371094,REST,0,0,0,0,False,False,False,False,False,False,,,,,,,,,,6.0,3.0,20.0,0.25
emg,6387194361,5490166,1,,,12945,1.618125,-0.03044594301767667,83.44185638427734,0.010430232048034668,0.05582105255126953,0.037872505187988285,0.038548782348632814,0.025776268005371094,REST,0,0,0,0,False,False,False,False,False,False,,,,,,,,,,6.0,3.0,20.0,0.25
imu,6387240509,,,638310,1,,,,,,,,,,,,,,,,,,,,,-0.17529296875,-0.074951171875,0.91162109375,0.015267175572519083,0.022900763358778626,0.07633587786259542,,,,6.0,3.0,20.0,0.25
emg,6387403681,5490346,1,,,13058,1.63225,-0.01707981806191916,131.29873657226562,0.016412342071533203,0.056063327789306644,0.038019317626953125,0.038548782348632814,0.025776268005371094,REST,0,0,0,0,False,False,False,False,False,False,,,,,,,,,,6.0,3.0,20.0,0.25
emg,6387508357,5490436,1,,,13249,1.656125,0.006885995643290732,114.29811096191406,0.014287263870239259,0.056063327789306644,0.038019317626953125,0.038548782348632814,0.025776268005371094,REST,0,0,0,0,False,False,False,False,False,False,,,,,,,,,,6.0,3.0,20.0,0.25
emg,6387601969,5490516,1,,,13350,1.66875,0.019820153156496323,122.7032470703125,0.015337905883789063,0.056063327789306644,0.038019317626953125,0.038548782348632814,0.025776268005371094,REST,0,0,0,0,False,False,False,False,False,False,,,,,,,,,,6.0,3.0,20.0,0.25
imu,6387720426,,,638358,1,,,,,,,,,,,,,,,,,,,,,-0.1761474609375,-0.07568359375,0.9051513671875,-0.05343511450381679,0.08396946564885496,0.0,,,,6.0,3.0,20.0,0.25
imu,6387760431,,,638362,1,,,,,,,,,,,,,,,,,,,,,-0.176025390625,-0.074462890625,0.9136962890625,-0.007633587786259542,0.08396946564885496,0.06870229007633588,,,,6.0,3.0,20.0,0.25
emg,6387918324,5490788,1,,,13629,1.703625,0.05485551144960943,192.2043914794922,0.024025548934936525,0.056063327789306644,0.038019317626953125,0.038548782348632814,0.025776268005371094,REST,0,0,0,0,False,False,False,False,False,False,,,,,,,,,,6.0,3.0,20.0,0.25
emg,6388022401,5490878,1,,,13168,1.6460000000000001,-0.0032123385709168506,133.74513244628906,0.016718141555786135,0.056063327789306644,0.038019317626953125,0.038548782348632814,0.025776268005371094,REST,0,0,0,0,False,False,False,False,False,False,,,,,,,,,,6.0,3.0,20.0,0.25
emg,6388127069,5490968,1,,,12994,1.62425,-0.025034260696694677,155.20518493652344,0.01940064811706543,0.056063327789306644,0.038019317626953125,0.038548782348632814,0.025776268005371094,REST,0,0,0,0,False,False,False,False,False,False,,,,,,,,,,6.0,3.0,20.0,0.25
emg,6388231730,5491058,1,,,13160,1.645,-0.004431509169853687,86.67108154296875,0.010833885192871094,0.056120178222656254,0.03804585266113281,0.038548782348632814,0.025776268005371094,REST,0,0,0,0,False,False,False,False,False,False,,,,,,,,,,6.0,3.0,20.0,0.25
emg,6388337000,5491148,1,,,13369,1.671125,0.02186820227426911,153.5525665283203,0.019194070816040038,0.056120178222656254,0.03804585266113281,0.038548782348632814,0.025776268005371094,REST,0,0,0,0,False,False,False,False,False,False,,,,,,,,,,6.0,3.0,20.0,0.25
emg,6388441102,5491238,1,,,13138,1.64225,-0.007023791337847474,149.9689483642578,0.018746118545532226,0.056120178222656254,0.03804585266113281,0.038548782348632814,0.025776268005371094,REST,0,0,0,0,False,False,False,False,False,False,,,,,,,,,,6.0,3.0,20.0,0.25
emg,6388545746,5491328,1,,,13091,1.6363750000000001,-0.013239600509800775,194.77651977539062,0.024347064971923828,0.056120178222656254,0.03804585266113281,0.038548782348632814,0.025776268005371094,REST,0,0,0,0,False,False,False,False,False,False,,,,,,,,,,6.0,3.0,20.0,0.25
emg,6388650417,5491418,1,,,13252,1.6565,0.0068970480574162,281.6515808105469,0.03520644760131836,0.056120178222656254,0.03804585266113281,0.038548782348632814,0.025776268005371094,REST,0,0,0,0,False,False,False,False,False,False,,,,,,,,,,6.0,3.0,20.0,0.25
emg,6388755087,5491508,1,,,13380,1.6725,0.02221282394947477,149.767822265625,0.018720977783203127,0.056120178222656254,0.03804585266113281,0.038548782348632814,0.025776268005371094,REST,0,0,0,0,False,False,False,False,False,False,,,,,,,,,,6.0,3.0,20.0,0.25
emg,6388859801,5491598,1,,,13306,1.6632500000000001,0.01247758925160003,169.20135498046875,0.021150169372558595,0.056120178222656254,0.03804585266113281,0.038548782348632814,0.025776268005371094,REST,0,0,0,0,False,False,False,False,False,False,,,,,,,,,,6.0,3.0,20.0,0.25
emg,6388964433,5491688,1,,,13189,1.648625,-0.002326635109339392,198.27880859375,0.02478485107421875,0.056120178222656254,0.03804585266113281,0.038548782348632814,0.025776268005371094,REST,0,0,0,0,False,False,False,False,False,False,,,,,,,,,,6.0,3.0,20.0,0.25
emg,6389071418,5491779,1,,,13267,1.658375,0.006767064556141067,151.97352600097656,0.018996690750122072,0.056120178222656254,0.03804585266113281,0.038548782348632814,0.025776268005371094,REST,0,0,0,0,False,False,False,False,False,False,,,,,,,,,,6.0,3.0,20.0,0.25
emg,6389174928,5491869,1,,,13253,1.656625,0.0049397864135989344,228.31005859375,0.02853875732421875,0.056120178222656254,0.03804585266113281,0.038548782348632814,0.025776268005371094,REST,0,0,0,0,False,False,False,False,False,False,,,,,,,,,,6.0,3.0,20.0,0.25
emg,6389281338,5491960,1,,,13116,1.6395,-0.012195162647969715,203.06141662597656,0.02538267707824707,0.05616509628295899,0.03806348419189453,0.038548782348632814,0.025776268005371094,REST,0,0,0,0,False,False,False,False,False,False,,,,,,,,,,6.0,3.0,20.0,0.25
emg,6389385433,5492050,1,,,12907,1.613375,-0.038197743520645755,144.23817443847656,0.01802977180480957,0.05616509628295899,0.03806348419189453,0.038548782348632814,0.025776268005371094,REST,0,0,0,0,False,False,False,False,False,False,,,,,,,,,,6.0,3.0,20.0,0.25
emg,6389490103,5492140,1,,,13211,1.651375,0.00014274101069799983,109.396240234375,0.013674530029296875,0.05616509628295899,0.03806348419189453,0.038548782348632814,0.025776268005371094,REST,0,0,0,0,False,False,False,False,False,False,,,,,,,,,,6.0,3.0,20.0,0.25
emg,6389594768,5492230,1,,,13240,1.655,0.004132636751833063,145.40945434570312,0.01817618179321289,0.05616509628295899,0.03806348419189453,0.038548782348632814,0.025776268005371094,REST,0,0,0,0,False,False,False,False,False,False,,,,,,,,,,6.0,3.0,20.0,0.25
emg,6389699443,5492320,1,,,13245,1.6556250000000001,0.005298980093301653,139.5802764892578,0.017447534561157226,0.05616509628295899,0.03806348419189453,0.038548782348632814,0.025776268005371094,REST,0,0,0,0,False,False,False,False,False,False,,,,,,,,,,6.0,3.0,20.0,0.25
imu,6389800426,,,638566,1,,,,,,,,,,,,,,,,,,,,,-0.1754150390625,-0.0762939453125,0.909423828125,-0.030534351145038167,0.07633587786259542,0.03816793893129771,,,,6.0,3.0,20.0,0.25
imu,6389840426,,,638570,1,,,,,,,,,,,,,,,,,,,,,-0.1746826171875,-0.07568359375,0.9114990234375,0.015267175572519083,0.1297709923664122,0.061068702290076333,,,,6.0,3.0,20.0,0.25
emg,6390013453,5492590,1,,,13256,1.657,0.008008930147976878,203.1295623779297,0.025391195297241213,0.05616509628295899,0.03806348419189453,0.038548782348632814,0.025776268005371094,REST,0,0,0,0,False,False,False,False,False,False,,,,,,,,,,6.0,3.0,20.0,0.25
emg,6390106499,5492670,1,,,12995,1.6243750000000001,-0.02451329573192229,125.9454574584961,0.01574318218231201,0.05616509628295899,0.03806348419189453,0.038548782348632814,0.025776268005371094,REST,0,0,0,0,False,False,False,False,False,False,,,,,,,,,,6.0,3.0,20.0,0.25
emg,6390211741,5492760,1,,,13419,1.677375,0.028628230932526755,137.2064971923828,0.017150812149047852,0.05633859252929688,0.03815682601928711,0.038548782348632814,0.025776268005371094,REST,0,0,0,0,False,False,False,False,False,False,,,,,,,,,,6.0,3.0,20.0,0.25
imu,6390320429,,,638618,1,,,,,,,,,,,,,,,,,,,,,-0.17431640625,-0.0718994140625,0.9122314453125,-0.03816793893129771,0.09923664122137404,0.030534351145038167,,,,6.0,3.0,20.0,0.25
imu,6390360439,,,638622,1,,,,,,,,,,,,,,,,,,,,,-0.1759033203125,-0.0777587890625,0.910400390625,0.022900763358778626,0.04580152671755725,0.022900763358778626,,,,6.0,3.0,20.0,0.25
emg,6390526349,5493031,1,,,13084,1.6355,-0.014109697843275537,163.31907653808594,0.020414884567260743,0.05633859252929688,0.03815682601928711,0.038548782348632814,0.025776268005371094,REST,0,0,0,0,False,False,False,False,False,False,,,,,,,,,,6.0,3.0,20.0,0.25
emg,6390631184,5493121,1,,,13211,1.651375,0.001958232996426501,167.7769775390625,0.020972122192382814,0.05633859252929688,0.03815682601928711,0.038548782348632814,0.025776268005371094,REST,0,0,0,0,False,False,False,False,False,False,,,,,,,,,,6.0,3.0,20.0,0.25
emg,6390735677,5493211,1,,,13263,1.657875,0.008918142900985027,136.9271240234375,0.01711589050292969,0.05633859252929688,0.03815682601928711,0.038548782348632814,0.025776268005371094,REST,0,0,0,0,False,False,False,False,False,False,,,,,,,,,,6.0,3.0,20.0,0.25
emg,6390840346,5493301,1,,,13047,1.630875,-0.018170837128686834,110.59123992919922,0.013823904991149903,0.05633859252929688,0.03815682601928711,0.038548782348632814,0.025776268005371094,REST,0,0,0,0,False,False,False,False,False,False,,,,,,,,,,6.0,3.0,20.0,0.25
emg,6390945022,5493391,1,,,13038,1.62975,-0.019268136814393877,119.74171447753906,0.014967714309692383,0.05633859252929688,0.03815682601928711,0.038548782348632814,0.025776268005371094,REST,0,0,0,0,False,False,False,False,False,False,,,,,,,,,,6.0,3.0,20.0,0.25
emg,6391050242,5493481,1,,,11971,1.496375,-0.19815938503663588,8089.921875,1.011240234375,0.05633859252929688,0.03815682601928711,0.038548782348632814,0.025776268005371094,ACTIVE,0,0,0,0,True,True,False,False,False,False,,,,,,,,,,6.0,3.0,20.0,0.25
emg,6391154360,5493571,1,,,11720,1.465,-0.21040777146492506,1754.1549072265625,0.21926936340332032,0.05633859252929688,0.03815682601928711,0.038548782348632814,0.025776268005371094,ACTIVE,0,0,0,0,True,True,False,False,False,False,,,,,,,,,,6.0,3.0,20.0,0.25
emg,6391259026,5493661,1,,,12714,1.58925,-0.07098165433443171,858.8732299804688,0.1073591537475586,0.05633859252929688,0.03815682601928711,0.038548782348632814,0.025776268005371094,ACTIVE,0,0,0,0,True,True,False,False,False,False,,,,,,,,,,6.0,3.0,20.0,0.25
emg,6391363693,5493751,1,,,12503,1.562875,-0.09072134313675373,470.2423400878906,0.05878029251098633,0.05633859252929688,0.03815682601928711,0.038548782348632814,0.025776268005371094,ACTIVE,0,0,0,0,True,True,False,False,False,False,,,,,,,,,,6.0,3.0,20.0,0.25
emg,6391469199,5493841,1,,,12969,1.621125,-0.029962962419376238,273.4801940917969,0.03418502426147461,0.05633859252929688,0.03815682601928711,0.038548782348632814,0.025776268005371094,ACTIVE,0,0,0,0,True,True,False,False,False,False,,,,,,,,,,6.0,3.0,20.0,0.25
emg,6391573057,5493931,1,,,13273,1.659125,0.009538807541489724,161.13246154785156,0.020141557693481447,0.05633859252929688,0.03815682601928711,0.038548782348632814,0.025776268005371094,REFRACTORY,0,0,0,0,True,False,False,False,False,False,,,,,,,,,,6.0,3.0,20.0,0.25
emg,6391677714,5494021,1,,,13172,1.6465,-0.001643306773294606,211.3656463623047,0.026420705795288088,0.05633859252929688,0.03815682601928711,0.038548782348632814,0.025776268005371094,REFRACTORY,0,0,0,0,True,False,False,False,False,False,,,,,,,,,,6.0,3.0,20.0,0.25
emg,6391782374,5494111,1,,,13128,1.641,-0.005276731518379929,190.5152130126953,0.023814401626586913,0.05633859252929688,0.03815682601928711,0.038548782348632814,0.025776268005371094,REFRACTORY,0,0,0,0,True,False,False,False,False,False,,,,,,,,,,6.0,3.0,20.0,0.25
emg,6391887046,5494201,1,,,12920,1.615,-0.02973082371299074,195.36241149902344,0.02442030143737793,0.05633859252929688,0.03815682601928711,0.038548782348632814,0.025776268005371094,REST,0,0,0,0,True,False,False,False,False,False,,,,,,,,,,6.0,3.0,20.0,0.25
emg,6391992116,5494291,1,,,13283,1.660375,0.01647921397966834,140.5670166015625,0.017570877075195314,0.05633859252929688,0.03815682601928711,0.038548782348632814,0.025776268005371094,REST,0,0,0,0,False,False,False,False,False,False,,,,,,,,,,6.0,3.0,20.0,0.25
emg,6392096392,5494381,1,,,13120,1.6400000000000001,-0.0034003176030066307,114.45744323730469,0.014307180404663087,0.05633859252929688,0.03815682601928711,0.038548782348632814,0.025776268005371094,REST,0,0,0,0,False,False,False,False,False,False,,,,,,,,,,6.0,3.0,20.0,0.25
emg,6392201058,5494471,1,,,13020,1.6275,-0.01566314902686483,175.41677856445312,0.02192709732055664,0.05644194030761719,0.03820193481445312,0.038548782348632814,0.025776268005371094,REST,0,0,0,0,False,False,False,False,False,False,,,,,,,,,,6.0,3.0,20.0,0.25
emg,6392305719,5494561,1,,,13117,1.639625,-0.0032657468609207374,164.300048828125,0.020537506103515627,0.05644194030761719,0.03820193481445312,0.038548782348632814,0.025776268005371094,REST,0,0,0,0,False,False,False,False,False,False,,,,,,,,,,6.0,3.0,20.0,0.25
imu,6392400426,,,638826,1,,,,,,,,,,,,,,,,,,,,,-0.1746826171875,-0.0753173828125,0.9053955078125,-0.09923664122137404,0.09923664122137404,0.03816793893129771,,,,6.0,3.0,20.0,0.25
imu,6392440426,,,638830,1,,,,,,,,,,,,,,,,,,,,,-0.1778564453125,-0.0753173828125,0.9083251953125,-0.08396946564885496,0.08396946564885496,0.04580152671755725,,,,6.0,3.0,20.0,0.25
emg,6392619733,5494831,1,,,13112,1.639,-0.005179087171859997,126.69049835205078,0.01583631229400635,0.05644194030761719,0.03820193481445312,0.038548782348632814,0.025776268005371094,REST,0,0,0,0,False,False,False,False,False,False,,,,,,,,,,6.0,3.0,20.0,0.25
emg,6392712782,5494911,1,,,13348,1.6685,0.024182705427457263,121.2723388671875,0.015159042358398437,0.05644194030761719,0.03820193481445312,0.038548782348632814,0.025776268005371094,REST,0,0,0,0,False,False,False,False,False,False,,,,,,,,,,6.0,3.0,20.0,0.25
emg,6392817446,5495001,1,,,13250,1.65625,0.0115307271084375,129.0692596435547,0.016133657455444338,0.05644194030761719,0.03820193481445312,0.038548782348632814,0.025776268005371094,REST,0,0,0,0,False,False,False,False,False,False,,,,,,,,,,6.0,3.0,20.0,0.25
imu,6392920431,,,638878,1,,,,,,,,,,,,,,,,,,,,,-0.17431640625,-0.0718994140625,0.9114990234375,-0.030534351145038167,0.07633587786259542,0.05343511450381679,,,,6.0,3.0,20.0,0.25
emg,6393026801,5495181,1,,,13013,1.626625,-0.018541700740004163,118.24763488769531,0.014780954360961914,0.05644194030761719,0.03820193481445312,0.038548782348632814,0.025776268005371094,REST,0,0,0,0,False,False,False,False,False,False,,,,,,,,,,6.0,3.0,20.0,0.25
emg,6393133777,5495272,1,,,13449,1.681125,0.03544229482450989,146.5032196044922,0.018312902450561525,0.05644194030761719,0.03820193481445312,0.038548782348632814,0.025776268005371094,REST,0,0,0,0,False,False,False,False,False,False,,,,,,,,,,6.0,3.0,20.0,0.25
emg,6393237289,5495362,1,,,13351,1.668875,0.02243749875699308,115.69166564941406,0.014461458206176758,0.05608919525146484,0.037977466583251955,0.038548782348632814,0.025776268005371094,REST,0,0,0,0,False,False,False,False,False,False,,,,,,,,,,6.0,3.0,20.0,0.25
emg,6393341965,5495452,1,,,13045,1.630625,-0.01627415237696961,132.16009521484375,0.01652001190185547,0.05608919525146484,0.037977466583251955,0.038548782348632814,0.025776268005371094,REST,0,0,0,0,False,False,False,False,False,False,,,,,,,,,,6.0,3.0,20.0,0.25
emg,6393447207,5495542,1,,,13126,1.64075,-0.0067664087981593735,107.05040740966797,0.013381300926208496,0.05608919525146484,0.037977466583251955,0.038548782348632814,0.025776268005371094,REST,0,0,0,0,False,False,False,False,False,False,,,,,,,,,,6.0,3.0,20.0,0.25
emg,6393551299,5495632,1,,,13402,1.6752500000000001,0.0270576267991125,147.23426818847656,0.01840428352355957,0.05608919525146484,0.037977466583251955,0.038548782348632814,0.025776268005371094,REST,0,0,0,0,False,False,False,False,False,False,,,,,,,,,,6.0,3.0,20.0,0.25
emg,6393655969,5495722,1,,,13276,1.6595,0.011004669914973286,210.85549926757812,0.026356937408447266,0.05608919525146484,0.037977466583251955,0.038548782348632814,0.025776268005371094,REST,0,0,0,0,False,False,False,False,False,False,,,,,,,,,,6.0,3.0,20.0,0.25
emg,6393760636,5495812,1,,,13063,1.632875,-0.0158743884678334,129.420654296875,0.016177581787109374,0.05608919525146484,0.037977466583251955,0.038548782348632814,0.025776268005371094,REST,0,0,0,0,False,False,False,False,False,False,,,,,,,,,,6.0,3.0,20.0,0.25
emg,6393865936,5495902,1,,,13063,1.632875,-0.016179521844318367,107.21365356445312,0.013401706695556641,0.05608919525146484,0.037977466583251955,0.038548782348632814,0.025776268005371094,REST,0,0,0,0,False,False,False,False,False,False,,,,,,,,,,6.0,3.0,20.0,0.25
emg,6393969995,5495992,1,,,13125,1.640625,-0.008913313010480373,175.56564331054688,0.02194570541381836,0.05608919525146484,0.037977466583251955,0.038548782348632814,0.025776268005371094,REST,0,0,0,0,False,False,False,False,False,False,,,,,,,,,,6.0,3.0,20.0,0.25
emg,6394074649,5496082,1,,,13542,1.69275,0.04313360994528148,186.61358642578125,0.023326698303222655,0.05608919525146484,0.037977466583251955,0.038548782348632814,0.025776268005371094,REST,0,0,0,0,False,False,False,False,False,False,,,,,,,,,,6.0,3.0,20.0,0.25
emg,6394179319,5496172,1,,,13259,1.657375,0.007205426190965758,135.99671936035156,0.016999589920043946,0.05562615203857422,0.03768547058105469,0.038548782348632814,0.025776268005371094,REST,0,0,0,0,False,False,False,False,False,False,,,,,,,,,,6.0,3.0,20.0,0.25
emg,6394285722,5496263,1,,,13022,1.62775,-0.022705520851032057,121.38462829589844,0.015173078536987305,0.05562615203857422,0.03768547058105469,0.038548782348632814,0.025776268005371094,REST,0,0,0,0,False,False,False,False,False,False,,,,,,,,,,6.0,3.0,20.0,0.25
emg,6394389825,5496353,1,,,13245,1.6556250000000001,0.005222570437849239,189.8397216796875,0.02372996520996094,0.05562615203857422,0.03768547058105469,0.038548782348632814,0.025776268005371094,REST,0,0,0,0,False,False,False,False,False,False,,,,,,,,,,6.0,3.0,20.0,0.25
emg,6394494491,5496443,1,,,13405,1.6756250000000001,0.024688869422128557,119.87470245361328,0.01498433780670166,0.05562615203857422,0.03768547058105469,0.038548782348632814,0.025776268005371094,REST,0,0,0,0,False,False,False,False,False,False,,,,,,,,,,6.0,3.0,20.0,0.25
emg,6394599162,5496533,1,,,13221,1.652625,0.0013692163875422825,151.0924835205078,0.018886560440063475,0.05562615203857422,0.03768547058105469,0.038548782348632814,0.025776268005371094,REST,0,0,0,0,False,False,False,False,False,False,,,,,,,,,,6.0,3.0,20.0,0.25
emg,6394704547,5496623,1,,,13153,1.644125,-0.0068588297317391245,161.93739318847656,0.02024217414855957,0.05562615203857422,0.03768547058105469,0.038548782348632814,0.025776268005371094,REST,0,0,0,0,False,False,False,False,False,False,,,,,,,,,,6.0,3.0,20.0,0.25
emg,6394808526,5496713,1,,,13225,1.653125,0.0022172351574634153,106.00971221923828,0.013251214027404786,0.05562615203857422,0.03768547058105469,0.038548782348632814,0.025776268005371094,REST,0,0,0,0,False,False,False,False,False,False,,,,,,,,,,6.0,3.0,20.0,0.25
emg,6394901547,5496793,1,,,12813,1.601625,-0.04946375978905371,122.94525909423828,0.015368157386779786,0.05562615203857422,0.03768547058105469,0.038548782348632814,0.025776268005371094,REST,0,0,0,0,False,False,False,False,False,False,,,,,,,,,,6.0,3.0,20.0,0.25
imu,6395000426,,,639086,1,,,,,,,,,,,,,,,,,,,,,-0.1756591796875,-0.0758056640625,0.9129638671875,-0.11450381679389313,0.06870229007633588,0.061068702290076333,,,,6.0,3.0,20.0,0.25
imu,6395040431,,,639090,1,,,,,,,,,,,,,,,,,,,,,-0.175048828125,-0.073974609375,0.909423828125,-0.022900763358778626,0.022900763358778626,-0.015267175572519083,,,,6.0,3.0,20.0,0.25
emg,6395215856,5497063,1,,,13336,1.667,0.015557849442620286,144.64028930664062,0.01808003616333008,0.05494952392578125,0.03727397918701172,0.038548782348632814,0.025776268005371094,REST,0,0,0,0,False,False,False,False,False,False,,,,,,,,,,6.0,3.0,20.0,0.25
emg,6395320228,5497153,1,,,13166,1.64575,-0.005304807931590272,128.26951599121094,0.01603368949890137,0.05494952392578125,0.03727397918701172,0.038548782348632814,0.025776268005371094,REST,0,0,0,0,False,False,False,False,False,False,,,,,,,,,,6.0,3.0,20.0,0.25
emg,6395424887,5497243,1,,,13002,1.62525,-0.025240042816077057,96.39775085449219,0.012049718856811524,0.05494952392578125,0.03727397918701172,0.038548782348632814,0.025776268005371094,REST,0,0,0,0,False,False,False,False,False,False,,,,,,,,,,6.0,3.0,20.0,0.25
emg,6395532699,5497334,1,,,13283,1.660375,0.010169480004008191,168.98800659179688,0.02112350082397461,0.05494952392578125,0.03727397918701172,0.038548782348632814,0.025776268005371094,REST,0,0,0,0,False,False,False,False,False,False,,,,,,,,,,6.0,3.0,20.0,0.25
emg,6395635434,5497424,1,,,13392,1.674,0.02391928821609479,137.52500915527344,0.01719062614440918,0.05494952392578125,0.03727397918701172,0.038548782348632814,0.025776268005371094,REST,0,0,0,0,False,False,False,False,False,False,,,,,,,,,,6.0,3.0,20.0,0.25
emg,6395741227,5497515,1,,,12902,1.6127500000000001,-0.037040279774267715,126.05980682373047,0.01575747585296631,0.05494952392578125,0.03727397918701172,0.038548782348632814,0.025776268005371094,REST,0,0,0,0,False,False,False,False,False,False,,,,,,,,,,6.0,3.0,20.0,0.25
emg,6395845898,5497605,1,,,13059,1.6323750000000001,-0.01727421531932194,146.4154510498047,0.018301931381225586,0.05494952392578125,0.03727397918701172,0.038548782348632814,0.025776268005371094,REST,0,0,0,0,False,False,False,False,False,False,,,,,,,,,,6.0,3.0,20.0,0.25
emg,6395950568,5497695,1,,,13337,1.667125,0.017699117166239065,148.07884216308594,0.018509855270385744,0.05494952392578125,0.03727397918701172,0.038548782348632814,0.025776268005371094,REST,0,0,0,0,False,False,False,False,False,False,,,,,,,,,,6.0,3.0,20.0,0.25
emg,6396055244,5497785,1,,,13315,1.664375,0.014917017605449834,116.03768157958984,0.014504710197448731,0.05494952392578125,0.03727397918701172,0.038548782348632814,0.025776268005371094,REST,0,0,0,0,False,False,False,False,False,False,,,,,,,,,,6.0,3.0,20.0,0.25
emg,6396159903,5497875,1,,,13124,1.6405,-0.008828620545411558,173.59634399414062,0.021699542999267577,0.054108795166015626,0.03678306579589844,0.038548782348632814,0.025776268005371094,REST,0,0,0,0,False,False,False,False,False,False,,,,,,,,,,6.0,3.0,20.0,0.25
emg,6396264578,5497965,1,,,13067,1.633375,-0.016300622265210674,156.92117309570312,0.019615146636962892,0.054108795166015626,0.03678306579589844,0.038548782348632814,0.025776268005371094,REST,0,0,0,0,False,False,False,False,False,False,,,,,,,,,,6.0,3.0,20.0,0.25
emg,6396369248,5498055,1,,,13190,1.64875,-0.0009995104909528152,88.70201110839844,0.011087751388549805,0.054108795166015626,0.03678306579589844,0.038548782348632814,0.025776268005371094,REST,0,0,0,0,False,False,False,False,False,False,,,,,,,,,,6.0,3.0,20.0,0.25
emg,6396473921,5498145,1,,,13435,1.679375,0.02973713197994332,121.1684341430664,0.015146054267883301,0.054108795166015626,0.03678306579589844,0.038548782348632814,0.025776268005371094,REST,0,0,0,0,False,False,False,False,False,False,,,,,,,,,,6.0,3.0,20.0,0.25
emg,6396579144,5498235,1,,,13292,1.6615,0.01240823239546196,120.54871368408203,0.015068589210510254,0.054108795166015626,0.03678306579589844,0.038548782348632814,0.025776268005371094,REST,0,0,0,0,False,False,False,False,False,False,,,,,,,,,,6.0,3.0,20.0,0.25
emg,6396683258,5498325,1,,,12953,1.619125,-0.029376306190701307,135.4533233642578,0.016931665420532226,0.054108795166015626,0.03678306579589844,0.038548782348632814,0.025776268005371094,REST,0,0,0,0,False,False,False,False,False,False,,,,,,,,,,6.0,3.0,20.0,0.25
emg,6396790254,5498416,1,,,13069,1.633625,-0.01452670192203187,121.41333770751953,0.015176667213439942,0.054108795166015626,0.03678306579589844,0.038548782348632814,0.025776268005371094,REST,0,0,0,0,False,False,False,False,False,False,,,,,,,,,,6.0,3.0,20.0,0.25
emg,6396893767,5498506,1,,,13238,1.65475,0.006912906891413773,108.7364730834961,0.013592059135437012,0.054108795166015626,0.03678306579589844,0.038548782348632814,0.025776268005371094,REST,0,0,0,0,False,False,False,False,False,False,,,,,,,,,,6.0,3.0,20.0,0.25
emg,6396998964,5498596,1,,,13311,1.663875,0.016115654909269583,147.2545166015625,0.018406814575195312,0.054108795166015626,0.03678306579589844,0.038548782348632814,0.025776268005371094,REST,0,0,0,0,False,False,False,False,False,False,,,,,,,,,,6.0,3.0,20.0,0.25
imu,6397080452,,,639294,1,,,,,,,,,,,,,,,,,,,,,-0.1732177734375,-0.0745849609375,0.9102783203125,-0.061068702290076333,0.09923664122137404,0.07633587786259542,,,,6.0,3.0,20.0,0.25
emg,6397207771,5498776,1,,,13076,1.6345,-0.01346184858328936,142.61557006835938,0.01782694625854492,0.05313254547119141,0.03621894836425781,0.038548782348632814,0.025776268005371094,REST,0,0,0,0,False,False,False,False,False,False,,,,,,,,,,6.0,3.0,20.0,0.25
emg,6397312444,5498866,1,,,13408,1.676,0.027351748065157055,137.2031707763672,0.017150396347045897,0.05313254547119141,0.03621894836425781,0.038548782348632814,0.025776268005371094,REST,0,0,0,0,False,False,False,False,False,False,,,,,,,,,,6.0,3.0,20.0,0.25
emg,6397406055,5498946,1,,,13091,1.6363750000000001,-0.012364102336567706,112.2799301147461,0.014034991264343263,0.05313254547119141,0.03621894836425781,0.038548782348632814,0.025776268005371094,REST,0,0,0,0,False,False,False,False,False,False,,,,,,,,,,6.0,3.0,20.0,0.25
emg,6397510195,5499036,1,,,13218,1.65225,0.0031267563017056688,102.78520965576172,0.012848151206970216,0.05313254547119141,0.03621894836425781,0.038548782348632814,0.025776268005371094,REST,0,0,0,0,False,False,False,False,False,False,,,,,,,,,,6.0,3.0,20.0,0.25
imu,6397600429,,,639346,1,,,,,,,,,,,,,,,,,,,,,-0.173583984375,-0.075439453125,0.912353515625,-0.05343511450381679,0.07633587786259542,0.022900763358778626,,,,6.0,3.0,20.0,0.25
imu,6397640426,,,639350,1,,,,,,,,,,,,,,,,,,,,,-0.174560546875,-0.0762939453125,0.9093017578125,-0.030534351145038167,0.05343511450381679,0.09923664122137404,,,,6.0,3.0,20.0,0.25
emg,6397824171,5499306,1,,,13027,1.6283750000000001,-0.0202136315804613,113.4700698852539,0.014183758735656738,0.05313254547119141,0.03621894836425781,0.038548782348632814,0.025776268005371094,REST,0,0,0,0,False,False,False,False,False,False,,,,,,,,,,6.0,3.0,20.0,0.25
emg,6397928869,5499396,1,,,13229,1.6536250000000001,0.005195171551845457,123.04205322265625,0.015380256652832032,0.05313254547119141,0.03621894836425781,0.038548782348632814,0.025776268005371094,REST,0,0,0,0,False,False,False,False,False,False,,,,,,,,,,6.0,3.0,20.0,0.25
emg,6398033507,5499486,1,,,13437,1.6796250000000001,0.031004311101087367,131.9683837890625,0.016496047973632813,0.05313254547119141,0.03621894836425781,0.038548782348632814,0.025776268005371094,REST,0,0,0,0,False,False,False,False,False,False,,,,,,,,,,6.0,3.0,20.0,0.25
emg,6398138171,5499576,1,,,13166,1.64575,-0.002799991541642788,147.42327880859375,0.01842790985107422,0.05313254547119141,0.03621894836425781,0.038548782348632814,0.025776268005371094,REST,0,0,0,0,False,False,False,False,False,False,,,,,,,,,,6.0,3.0,20.0,0.25
emg,6398244579,5499667,1,,,13117,1.639625,-0.009458782351177142,131.7473907470703,0.01646842384338379,0.052142402648925786,0.035641422271728514,0.038548782348632814,0.025776268005371094,REST,0,0,0,0,False,False,False,False,False,False,,,,,,,,,,6.0,3.0,20.0,0.25
emg,6398349843,5499758,1,,,13463,1.6828750000000001,0.03374249125934914,104.3563003540039,0.013044537544250489,0.052142402648925786,0.035641422271728514,0.038548782348632814,0.025776268005371094,REST,0,0,0,0,False,False,False,False,False,False,,,,,,,,,,6.0,3.0,20.0,0.25
emg,6398454507,5499848,1,,,13377,1.672125,0.02302045275265696,118.9514389038086,0.014868929862976074,0.052142402648925786,0.035641422271728514,0.038548782348632814,0.025776268005371094,REST,0,0,0,0,False,False,False,False,False,False,,,,,,,,,,6.0,3.0,20.0,0.25
emg,6398559174,5499938,1,,,13166,1.64575,-0.0031901030481278347,120.78996276855469,0.015098745346069337,0.052142402648925786,0.035641422271728514,0.038548782348632814,0.025776268005371094,REST,0,0,0,0,False,False,False,False,False,False,,,,,,,,,,6.0,3.0,20.0,0.25
emg,6398663840,5500028,1,,,13117,1.639625,-0.00952437832437214,148.64671325683594,0.01858083915710449,0.052142402648925786,0.035641422271728514,0.038548782348632814,0.025776268005371094,REST,0,0,0,0,False,False,False,False,False,False,,,,,,,,,,6.0,3.0,20.0,0.25
emg,6398768524,5500118,1,,,17509,2.188625,0.534632876821769,1250.0194091796875,0.15625242614746093,0.052142402648925786,0.035641422271728514,0.038548782348632814,0.025776268005371094,CANDIDATE,0,0,0,0,False,False,False,False,False,False,,,,,,,,,,6.0,3.0,20.0,0.25
emg,6398873187,5500208,1,,,10961,1.370125,-0.31380845835110005,1655.7032470703125,0.20696290588378907,0.052142402648925786,0.035641422271728514,0.038548782348632814,0.025776268005371094,ACTIVE,0,0,0,0,True,True,False,False,False,False,,,,,,,,,,6.0,3.0,20.0,0.25
emg,6398977850,5500298,1,,,12111,1.513875,-0.15563956477751484,1549.6036376953125,0.19370045471191408,0.052142402648925786,0.035641422271728514,0.038548782348632814,0.025776268005371094,ACTIVE,0,0,0,0,True,True,False,False,False,False,,,,,,,,,,6.0,3.0,20.0,0.25
emg,6399082527,5500388,1,,,12307,1.538375,-0.11676959322323022,960.3748168945312,0.12004685211181641,0.052142402648925786,0.035641422271728514,0.038548782348632814,0.025776268005371094,ACTIVE,0,0,0,0,True,True,False,False,False,False,,,,,,,,,,6.0,3.0,20.0,0.25
emg,6399187200,5500478,1,,,12924,1.6155,-0.033455558626882764,414.6446228027344,0.0518305778503418,0.052142402648925786,0.035641422271728514,0.038548782348632814,0.025776268005371094,ACTIVE,0,0,0,0,True,True,False,False,False,False,,,,,,,,,,6.0,3.0,20.0,0.25
emg,6399291862,5500568,1,,,13231,1.653875,0.006858690910509724,173.66287231445312,0.02170785903930664,0.052142402648925786,0.035641422271728514,0.038548782348632814,0.025776268005371094,ACTIVE,0,0,0,0,True,True,False,False,False,False,,,,,,,,,,6.0,3.0,20.0,0.25
emg,6399396534,5500658,1,,,13156,1.6445,-0.0014414144408874119,116.50801849365234,0.014563502311706543,0.052142402648925786,0.035641422271728514,0.038548782348632814,0.025776268005371094,REFRACTORY,0,0,0,0,False,False,False,False,False,False,,,,,,,,,,6.0,3.0,20.0,0.25
emg,6399501202,5500748,1,,,12958,1.61975,-0.025230298107140836,144.162109375,0.018020263671875,0.052142402648925786,0.035641422271728514,0.038548782348632814,0.025776268005371094,REFRACTORY,0,0,0,0,False,False,False,False,False,False,,,,,,,,,,6.0,3.0,20.0,0.25
emg,6399605879,5500838,1,,,13161,1.645125,0.0009355203677141599,232.95855712890625,0.029119819641113282,0.052142402648925786,0.035641422271728514,0.038548782348632814,0.025776268005371094,REFRACTORY,0,0,0,0,False,False,False,False,False,False,,,,,,,,,,6.0,3.0,20.0,0.25
imu,6399680426,,,639554,1,,,,,,,,,,,,,,,,,,,,,-0.1741943359375,-0.0760498046875,0.9112548828125,-0.061068702290076333,0.0,0.06870229007633588,,,,6.0,3.0,20.0,0.25
emg,6399815214,5501018,1,,,13283,1.660375,0.017283272910654013,131.40243530273438,0.016425304412841797,0.052142402648925786,0.035641422271728514,0.038548782348632814,0.025776268005371094,REST,0,0,0,0,False,False,False,False,False,False,,,,,,,,,,6.0,3.0,20.0,0.25
emg,6399919887,5501108,1,,,12858,1.60725,-0.03584578525733084,126.83245849609375,0.01585405731201172,0.052142402648925786,0.035641422271728514,0.038548782348632814,0.025776268005371094,REST,0,0,0,0,False,False,False,False,False,False,,,,,,,,,,6.0,3.0,20.0,0.25
emg,6400012927,5501188,1,,,13055,1.631875,-0.011064965597496812,146.8000946044922,0.018350011825561525,0.052142402648925786,0.035641422271728514,0.038548782348632814,0.025776268005371094,REST,0,0,0,0,False,False,False,False,False,False,,,,,,,,,,6.0,3.0,20.0,0.25
emg,6400117603,5501278,1,,,13194,1.64925,0.006309717026122819,117.05101013183594,0.014631376266479493,0.051155376434326175,0.035067447662353514,0.038548782348632814,0.025776268005371094,REST,0,0,0,0,False,False,False,False,False,False,,,,,,,,,,6.0,3.0,20.0,0.25
imu,6400200536,,,639606,1,,,,,,,,,,,,,,,,,,,,,-0.1748046875,-0.0775146484375,0.91064453125,-0.03816793893129771,0.05343511450381679,0.05343511450381679,,,,6.0,3.0,20.0,0.25
emg,6400326937,5501458,1,,,13185,1.648125,0.00512595883843292,139.4722900390625,0.017434036254882813,0.051155376434326175,0.035067447662353514,0.038548782348632814,0.025776268005371094,REST,0,0,0,0,False,False,False,False,False,False,,,,,,,,,,6.0,3.0,20.0,0.25
emg,6400431607,5501548,1,,,13377,1.672125,0.028914156805674995,129.2448272705078,0.016155603408813477,0.051155376434326175,0.035067447662353514,0.038548782348632814,0.025776268005371094,REST,0,0,0,0,False,False,False,False,False,False,,,,,,,,,,6.0,3.0,20.0,0.25
emg,6400536283,5501638,1,,,13238,1.65475,0.01100495352179287,187.70375061035156,0.023462968826293947,0.051155376434326175,0.035067447662353514,0.038548782348632814,0.025776268005371094,REST,0,0,0,0,False,False,False,False,False,False,,,,,,,,,,6.0,3.0,20.0,0.25
emg,6400641506,5501728,1,,,13228,1.6535,0.009193650355668881,143.9086151123047,0.017988576889038085,0.051155376434326175,0.035067447662353514,0.038548782348632814,0.025776268005371094,REST,0,0,0,0,False,False,False,False,False,False,,,,,,,,,,6.0,3.0,20.0,0.25
emg,6400745617,5501818,1,,,13057,1.632125,-0.012675075989949214,239.5711212158203,0.029946390151977538,0.051155376434326175,0.035067447662353514,0.038548782348632814,0.025776268005371094,REST,0,0,0,0,False,False,False,False,False,False,,,,,,,,,,6.0,3.0,20.0,0.25
emg,6400850289,5501908,1,,,13203,1.650375,0.005240887474828648,125.38243103027344,0.01567280387878418,0.051155376434326175,0.035067447662353514,0.038548782348632814,0.025776268005371094,REST,0,0,0,0,False,False,False,False,False,False,,,,,,,,,,6.0,3.0,20.0,0.25
emg,6400954952,5501998,1,,,13133,1.6416250000000001,-0.003638779409866455,99.91687774658203,0.012489609718322754,0.051155376434326175,0.035067447662353514,0.038548782348632814,0.025776268005371094,REST,0,0,0,0,False,False,False,False,False,False,,,,,,,,,,6.0,3.0,20.0,0.25
emg,6401060591,5502088,1,,,13191,1.648875,0.0035059449081122906,118.95968627929688,0.014869960784912109,0.05022050476074219,0.034518222808837894,0.038548782348632814,0.025776268005371094,REST,0,0,0,0,False,False,False,False,False,False,,,,,,,,,,6.0,3.0,20.0,0.25
emg,6401164320,5502178,1,,,13046,1.6307500000000001,-0.01474200944235693,117.52722930908203,0.014690903663635254,0.05022050476074219,0.034518222808837894,0.038548782348632814,0.025776268005371094,REST,0,0,0,0,False,False,False,False,False,False,,,,,,,,,,6.0,3.0,20.0,0.25
emg,6401268973,5502268,1,,,13162,1.64525,-0.0008567891211277434,118.24561309814453,0.014780701637268067,0.05022050476074219,0.034518222808837894,0.038548782348632814,0.025776268005371094,REST,0,0,0,0,False,False,False,False,False,False,,,,,,,,,,6.0,3.0,20.0,0.25
emg,6401373637,5502358,1,,,13447,1.6808750000000001,0.03430426656568608,155.55386352539062,0.01944423294067383,0.05022050476074219,0.034518222808837894,0.038548782348632814,0.025776268005371094,REST,0,0,0,0,False,False,False,False,False,False,,,,,,,,,,6.0,3.0,20.0,0.25
emg,6401478313,5502448,1,,,13166,1.64575,-0.0013746784973316384,101.93753051757812,0.012742191314697266,0.05022050476074219,0.034518222808837894,0.038548782348632814,0.025776268005371094,REST,0,0,0,0,False,False,False,False,False,False,,,,,,,,,,6.0,3.0,20.0,0.25
emg,6401583552,5502538,1,,,13257,1.657125,0.009596561000051684,194.1696014404297,0.02427120018005371,0.05022050476074219,0.034518222808837894,0.038548782348632814,0.025776268005371094,REST,0,0,0,0,False,False,False,False,False,False,,,,,,,,,,6.0,3.0,20.0,0.25
emg,6401687655,5502628,1,,,13144,1.643,-0.005014792848901051,165.76820373535156,0.020721025466918945,0.05022050476074219,0.034518222808837894,0.038548782348632814,0.025776268005371094,REST,0,0,0,0,False,False,False,False,False,False,,,,,,,,,,6.0,3.0,20.0,0.25
emg,6401792317,5502718,1,,,13214,1.65175,0.0026529995350772495,189.25575256347656,0.02365696907043457,0.05022050476074219,0.034518222808837894,0.038548782348632814,0.025776268005371094,REST,0,0,0,0,False,False,False,False,False,False,,,,,,,,,,6.0,3.0,20.0,0.25
emg,6401896991,5502808,1,,,13339,1.667375,0.016699500440233495,205.31678771972656,0.02566459846496582,0.05022050476074219,0.034518222808837894,0.038548782348632814,0.025776268005371094,REST,0,0,0,0,False,False,False,False,False,False,,,,,,,,,,6.0,3.0,20.0,0.25
emg,6402002854,5502899,1,,,13350,1.66875,0.01626215664882147,243.02622985839844,0.030378278732299806,0.05022050476074219,0.034518222808837894,0.038548782348632814,0.025776268005371094,REST,0,0,0,0,False,False,False,False,False,False,,,,,,,,,,6.0,3.0,20.0,0.25
emg,6402107498,5502989,1,,,13248,1.6560000000000001,0.0019669310210586044,116.33844757080078,0.014542305946350097,0.04928009796142578,0.033966598510742185,0.038548782348632814,0.025776268005371094,REST,0,0,0,0,False,False,False,False,False,False,,,,,,,,,,6.0,3.0,20.0,0.25
emg,6402201695,5503069,1,,,13292,1.6615,0.006777312857926043,160.4250030517578,0.020053125381469725,0.04928009796142578,0.033966598510742185,0.038548782348632814,0.025776268005371094,REST,0,0,0,0,False,False,False,False,False,False,,,,,,,,,,6.0,3.0,20.0,0.25
imu,6402280426,,,639814,1,,,,,,,,,,,,,,,,,,,,,-0.1746826171875,-0.0751953125,0.9068603515625,-0.09923664122137404,0.05343511450381679,0.04580152671755725,,,,6.0,3.0,20.0,0.25
emg,6402422686,5503260,1,,,13045,1.630625,-0.02303288994015662,140.9927978515625,0.01762409973144531,0.04928009796142578,0.033966598510742185,0.038548782348632814,0.025776268005371094,REST,0,0,0,0,False,False,False,False,False,False,,,,,,,,,,6.0,3.0,20.0,0.25
emg,6402515708,5503340,1,,,13307,1.663375,0.01030290859697991,201.8955535888672,0.025236944198608398,0.04928009796142578,0.033966598510742185,0.038548782348632814,0.025776268005371094,REST,0,0,0,0,False,False,False,False,False,False,,,,,,,,,,6.0,3.0,20.0,0.25
emg,6402620373,5503430,1,,,12978,1.62225,-0.030114313930778236,95.32233428955078,0.011915291786193848,0.04928009796142578,0.033966598510742185,0.038548782348632814,0.025776268005371094,REST,0,0,0,0,False,False,False,False,False,False,,,,,,,,,,6.0,3.0,20.0,0.25
emg,6402725043,5503520,1,,,13142,1.64275,-0.008818664663211795,159.5657958984375,0.019945724487304688,0.04928009796142578,0.033966598510742185,0.038548782348632814,0.025776268005371094,REST,0,0,0,0,False,False,False,False,False,False,,,,,,,,,,6.0,3.0,20.0,0.25
emg,6402829834,5503610,1,,,13163,1.645375,-0.005594934404464347,124.22030639648438,0.015527538299560547,0.04928009796142578,0.033966598510742185,0.038548782348632814,0.025776268005371094,REST,0,0,0,0,False,False,False,False,False,False,,,,,,,,,,6.0,3.0,20.0,0.25
emg,6402934389,5503700,1,,,13098,1.63725,-0.013078017393748143,168.45611572265625,0.021057014465332032,0.04928009796142578,0.033966598510742185,0.038548782348632814,0.025776268005371094,REST,0,0,0,0,False,False,False,False,False,False,,,,,,,,,,6.0,3.0,20.0,0.25
emg,6403039053,5503790,1,,,12924,1.6155,-0.03370731402335814,181.6106414794922,0.022701330184936523,0.04928009796142578,0.033966598510742185,0.038548782348632814,0.025776268005371094,REST,0,0,0,0,False,False,False,False,False,False,,,,,,,,,,6.0,3.0,20.0,0.25
emg,6403143723,5503880,1,,,12932,1.6165,-0.03223765389551336,160.6072540283203,0.02007590675354004,0.048489330291748046,0.033497932434082035,0.038548782348632814,0.025776268005371094,REST,0,0,0,0,False,False,False,False,False,False,,,,,,,,,,6.0,3.0,20.0,0.25
emg,6403248393,5503970,1,,,13248,1.6560000000000001,0.0072967297184027835,112.33717346191406,0.014042146682739258,0.048489330291748046,0.033497932434082035,0.038548782348632814,0.025776268005371094,REST,0,0,0,0,False,False,False,False,False,False,,,,,,,,,,6.0,3.0,20.0,0.25
emg,6403355384,5504061,1,,,13215,1.651875,0.003639351805509339,122.49476623535156,0.015311845779418945,0.048489330291748046,0.033497932434082035,0.038548782348632814,0.025776268005371094,REST,0,0,0,0,False,False,False,False,False,False,,,,,,,,,,6.0,3.0,20.0,0.25
emg,6403458896,5504151,1,,,13116,1.6395,-0.008884065332309898,80.63275146484375,0.010079093933105469,0.048489330291748046,0.033497932434082035,0.038548782348632814,0.025776268005371094,REST,0,0,0,0,False,False,False,False,False,False,,,,,,,,,,6.0,3.0,20.0,0.25
emg,6403563566,5504241,1,,,12919,1.614875,-0.033386346125815036,193.020751953125,0.024127593994140627,0.048489330291748046,0.033497932434082035,0.038548782348632814,0.025776268005371094,REST,0,0,0,0,False,False,False,False,False,False,,,,,,,,,,6.0,3.0,20.0,0.25
emg,6403668233,5504331,1,,,13217,1.652125,0.0038779807070350447,166.79151916503906,0.020848939895629883,0.048489330291748046,0.033497932434082035,0.038548782348632814,0.025776268005371094,REST,0,0,0,0,False,False,False,False,False,False,,,,,,,,,,6.0,3.0,20.0,0.25
emg,6403773613,5504421,1,,,13309,1.6636250000000001,0.015276861001938258,147.0286102294922,0.018378576278686522,0.048489330291748046,0.033497932434082035,0.038548782348632814,0.025776268005371094,REST,0,0,0,0,False,False,False,False,False,False,,,,,,,,,,6.0,3.0,20.0,0.25
emg,6403877596,5504511,1,,,13135,1.641875,-0.005879547374463279,149.4976348876953,0.018687204360961916,0.048489330291748046,0.033497932434082035,0.038548782348632814,0.025776268005371094,REST,0,0,0,0,False,False,False,False,False,False,,,,,,,,,,6.0,3.0,20.0,0.25
emg,6403982243,5504601,1,,,12992,1.624,-0.023612120167993966,120.20550537109375,0.01502568817138672,0.048489330291748046,0.033497932434082035,0.038548782348632814,0.025776268005371094,REST,0,0,0,0,False,False,False,False,False,False,,,,,,,,,,6.0,3.0,20.0,0.25
emg,6404086916,5504691,1,,,13272,1.659,0.01120904600502004,203.6340789794922,0.025454259872436522,0.047913833618164064,0.03315673065185547,0.038548782348632814,0.025776268005371094,REST,0,0,0,0,False,False,False,False,False,False,,,,,,,,,,6.0,3.0,20.0,0.25
emg,6404191592,5504781,1,,,13221,1.652625,0.004512110080255649,125.36637878417969,0.015670797348022462,0.047913833618164064,0.03315673065185547,0.038548782348632814,0.025776268005371094,REST,0,0,0,0,False,False,False,False,False,False,,,,,,,,,,6.0,3.0,20.0,0.25
emg,6404296525,5504871,1,,,13197,1.6496250000000001,0.0014005890117558817,125.1349105834961,0.015641863822937013,0.047913833618164064,0.03315673065185547,0.038548782348632814,0.025776268005371094,REST,0,0,0,0,False,False,False,False,False,False,,,,,,,,,,6.0,3.0,20.0,0.25
imu,6404360426,,,640022,1,,,,,,,,,,,,,,,,,,,,,-0.1744384765625,-0.075439453125,0.91162109375,0.007633587786259542,0.08396946564885496,0.08396946564885496,,,,6.0,3.0,20.0,0.25
emg,6404505593,5505051,1,,,13111,1.638875,-0.009960667622993968,130.1116180419922,0.016263952255249025,0.047913833618164064,0.03315673065185547,0.038548782348632814,0.025776268005371094,REST,0,0,0,0,False,False,False,False,False,False,,,,,,,,,,6.0,3.0,20.0,0.25
emg,6404613378,5505142,1,,,13336,1.667,0.017403814236317094,132.2533416748047,0.016531667709350585,0.047913833618164064,0.03315673065185547,0.038548782348632814,0.025776268005371094,REST,0,0,0,0,False,False,False,False,False,False,,,,,,,,,,6.0,3.0,20.0,0.25
emg,6404704514,5505222,1,,,12891,1.611375,-0.038561858229915424,156.6693572998047,0.019583669662475586,0.047913833618164064,0.03315673065185547,0.038548782348632814,0.025776268005371094,REST,0,0,0,0,False,False,False,False,False,False,,,,,,,,,,6.0,3.0,20.0,0.25
emg,6404809148,5505312,1,,,13282,1.66025,0.010078406979271204,137.12164306640625,0.017140205383300782,0.047913833618164064,0.03315673065185547,0.038548782348632814,0.025776268005371094,REST,0,0,0,0,False,False,False,False,False,False,,,,,,,,,,6.0,3.0,20.0,0.25
imu,6404880431,,,640074,1,,,,,,,,,,,,,,,,,,,,,-0.17431640625,-0.0775146484375,0.910400390625,-0.05343511450381679,0.04580152671755725,0.061068702290076333,,,,6.0,3.0,20.0,0.25
emg,6405018485,5505492,1,,,13093,1.636625,-0.013480475192434671,144.75733947753906,0.018094667434692385,0.047913833618164064,0.03315673065185547,0.038548782348632814,0.025776268005371094,REST,0,0,0,0,False,False,False,False,False,False,,,,,,,,,,6.0,3.0,20.0,0.25
emg,6405123531,5505582,1,,,13090,1.63625,-0.013201085539140678,123.41948699951172,0.015427435874938965,0.047327789306640625,0.03280935287475586,0.038548782348632814,0.025776268005371094,REST,0,0,0,0,False,False,False,False,False,False,,,,,,,,,,6.0,3.0,20.0,0.25
emg,6405227824,5505672,1,,,12897,1.612125,-0.03692968505536376,154.7058563232422,0.019338232040405273,0.047327789306640625,0.03280935287475586,0.038548782348632814,0.025776268005371094,REST,0,0,0,0,False,False,False,False,False,False,,,,,,,,,,6.0,3.0,20.0,0.25
emg,6405332491,5505762,1,,,13237,1.654625,0.005352905023435994,167.2596435546875,0.020907455444335938,0.047327789306640625,0.03280935287475586,0.038548782348632814,0.025776268005371094,REST,0,0,0,0,False,False,False,False,False,False,,,,,,,,,,6.0,3.0,20.0,0.25
emg,6405437169,5505852,1,,,13007,1.625875,-0.02363569458155701,111.35401916503906,0.013919252395629883,0.047327789306640625,0.03280935287475586,0.038548782348632814,0.025776268005371094,REST,0,0,0,0,False,False,False,False,False,False,,,,,,,,,,6.0,3.0,20.0,0.25
emg,6405542391,5505942,1,,,13060,1.6325,-0.01685173138447693,67.23751831054688,0.00840468978881836,0.047327789306640625,0.03280935287475586,0.038548782348632814,0.025776268005371094,REST,0,0,0,0,False,False,False,False,False,False,,,,,,,,,,6.0,3.0,20.0,0.25
emg,6405646521,5506032,1,,,13320,1.665,0.015941847899343164,153.89468383789062,0.019236835479736328,0.047327789306640625,0.03280935287475586,0.038548782348632814,0.025776268005371094,REST,0,0,0,0,False,False,False,False,False,False,,,,,,,,,,6.0,3.0,20.0,0.25
emg,6405751166,5506122,1,,,13245,1.6556250000000001,0.0066024456265680875,73.47266387939453,0.009184082984924317,0.047327789306640625,0.03280935287475586,0.038548782348632814,0.025776268005371094,REST,0,0,0,0,False,False,False,False,False,False,,,,,,,,,,6.0,3.0,20.0,0.25
emg,6405855836,5506212,1,,,13262,1.65775,0.009075023482267852,117.24732208251953,0.014655915260314942,0.047327789306640625,0.03280935287475586,0.038548782348632814,0.025776268005371094,REST,0,0,0,0,False,False,False,False,False,False,,,,,,,,,,6.0,3.0,20.0,0.25
emg,6405961600,5506302,1,,,12982,1.6227500000000001,-0.02628792264316826,103.02472686767578,0.012878090858459474,0.047327789306640625,0.03280935287475586,0.038548782348632814,0.025776268005371094,REST,0,0,0,0,False,False,False,False,False,False,,,,,,,,,,6.0,3.0,20.0,0.25
emg,6406065210,5506392,1,,,12835,1.604375,-0.04432669110194665,171.5934600830078,0.021449182510375978,0.046824695587158204,0.03249325942993164,0.038548782348632814,0.025776268005371094,REST,0,0,0,0,False,False,False,False,False,False,,,,,,,,,,6.0,3.0,20.0,0.25
emg,6406169850,5506482,1,,,13312,1.6640000000000001,0.015283251612833837,184.6646270751953,0.023083078384399415,0.046824695587158204,0.03249325942993164,0.038548782348632814,0.025776268005371094,REST,0,0,0,0,False,False,False,False,False,False,,,,,,,,,,6.0,3.0,20.0,0.25
emg,6406274519,5506572,1,,,13269,1.658625,0.009625439508976097,81.90607452392578,0.010238259315490723,0.046824695587158204,0.03249325942993164,0.038548782348632814,0.025776268005371094,REST,0,0,0,0,False,False,False,False,False,False,,,,,,,,,,6.0,3.0,20.0,0.25
emg,6406379189,5506662,1,,,13070,1.63375,-0.014736356829819108,100.51239013671875,0.012564048767089844,0.046824695587158204,0.03249325942993164,0.038548782348632814,0.025776268005371094,REST,0,0,0,0,False,False,False,False,False,False,,,,,,,,,,6.0,3.0,20.0,0.25
emg,6406483854,5506752,1,,,13206,1.65075,0.0017041495991654276,208.4010009765625,0.026050125122070313,0.046824695587158204,0.03249325942993164,0.038548782348632814,0.025776268005371094,CANDIDATE,0,0,0,0,False,False,False,False,False,False,,,,,,,,,,6.0,3.0,20.0,0.25
emg,6406588536,5506842,1,,,13622,1.70275,0.05310071482447909,237.68115234375,0.02971014404296875,0.046824695587158204,0.03249325942993164,0.038548782348632814,0.025776268005371094,REST,0,0,0,0,True,False,False,False,False,False,,,,,,,,,,6.0,3.0,20.0,0.25
emg,6406693199,5506932,1,,,13406,1.67575,0.02606859591056576,206.0868682861328,0.025760858535766602,0.046824695587158204,0.03249325942993164,0.038548782348632814,0.025776268005371094,REST,0,0,0,0,True,False,False,False,False,False,,,,,,,,,,6.0,3.0,20.0,0.25
emg,6406797862,5507022,1,,,13059,1.6323750000000001,-0.016901150535295173,105.39979553222656,0.01317497444152832,0.046824695587158204,0.03249325942993164,0.038548782348632814,0.025776268005371094,REST,0,0,0,0,True,False,False,False,False,False,,,,,,,,,,6.0,3.0,20.0,0.25
emg,6406902539,5507112,1,,,12952,1.619,-0.03039965486754448,285.68475341796875,0.03571059417724609,0.046824695587158204,0.03249325942993164,0.038548782348632814,0.025776268005371094,REST,0,0,0,0,True,False,False,False,False,False,,,,,,,,,,6.0,3.0,20.0,0.25
imu,6406960565,,,640282,1,,,,,,,,,,,,,,,,,,,,,-0.174560546875,-0.075927734375,0.909912109375,-0.061068702290076333,0.08396946564885496,0.06870229007633588,,,,6.0,3.0,20.0,0.25
emg,6407111874,5507292,1,,,13698,1.71225,0.033258409884245,1281.508056640625,0.16018850708007812,0.046824695587158204,0.03249325942993164,0.038548782348632814,0.025776268005371094,ACTIVE,0,0,0,0,True,True,False,False,False,False,,,,,,,,,,6.0,3.0,20.0,0.25
emg,6407216549,5507382,1,,,12248,1.5310000000000001,-0.13223746710820006,972.9241333007812,0.12161551666259766,0.046824695587158204,0.03249325942993164,0.038548782348632814,0.025776268005371094,ACTIVE,0,0,0,0,True,True,False,False,False,False,,,,,,,,,,6.0,3.0,20.0,0.25
emg,6407309589,5507462,1,,,13318,1.66475,0.008928133174371577,595.4097900390625,0.07442622375488281,0.046824695587158204,0.03249325942993164,0.038548782348632814,0.025776268005371094,ACTIVE,0,0,0,0,True,True,False,False,False,False,,,,,,,,,,6.0,3.0,20.0,0.25
emg,6407414261,5507552,1,,,12881,1.610125,-0.041686635058364896,264.8897399902344,0.0331112174987793,0.046824695587158204,0.03249325942993164,0.038548782348632814,0.025776268005371094,ACTIVE,0,0,0,0,True,True,False,False,False,False,,,,,,,,,,6.0,3.0,20.0,0.25
imu,6407480431,,,640334,1,,,,,,,,,,,,,,,,,,,,,-0.172119140625,-0.0748291015625,0.912109375,0.08396946564885496,0.10687022900763359,0.03816793893129771,,,,6.0,3.0,20.0,0.25
emg,6407623606,5507732,1,,,12955,1.619375,-0.028509150805091643,204.53366088867188,0.025566707611083987,0.046824695587158204,0.03249325942993164,0.038548782348632814,0.025776268005371094,REFRACTORY,0,0,0,0,True,False,False,False,False,False,,,,,,,,,,6.0,3.0,20.0,0.25
emg,6407728266,5507822,1,,,13169,1.646125,-0.00045771678778172564,133.85792541503906,0.016732240676879884,0.046824695587158204,0.03249325942993164,0.038548782348632814,0.025776268005371094,REFRACTORY,0,0,0,0,False,False,False,False,False,False,,,,,,,,,,6.0,3.0,20.0,0.25
emg,6407832939,5507912,1,,,13172,1.6465,0.0009283289460770838,86.26577758789062,0.010783222198486328,0.046824695587158204,0.03249325942993164,0.038548782348632814,0.025776268005371094,REFRACTORY,0,0,0,0,False,False,False,False,False,False,,,,,,,,,,6.0,3.0,20.0,0.25
emg,6407937615,5508002,1,,,12967,1.620875,-0.024071103032645702,99.33103942871094,0.012416379928588867,0.046824695587158204,0.03249325942993164,0.038548782348632814,0.025776268005371094,REST,0,0,0,0,False,False,False,False,False,False,,,,,,,,,,6.0,3.0,20.0,0.25
emg,6408042281,5508092,1,,,12883,1.6103750000000001,-0.034249514339314446,141.98666381835938,0.01774833297729492,0.046824695587158204,0.03249325942993164,0.038548782348632814,0.025776268005371094,REST,0,0,0,0,False,False,False,False,False,False,,,,,,,,,,6.0,3.0,20.0,0.25
emg,6408146949,5508182,1,,,13146,1.64325,-0.0013876609582639254,120.10437774658203,0.015013047218322754,0.04646780776977539,0.03226297378540039,0.038548782348632814,0.025776268005371094,REST,0,0,0,0,False,False,False,False,False,False,,,,,,,,,,6.0,3.0,20.0,0.25
emg,6408251617,5508272,1,,,13368,1.671,0.025768197698447848,151.3223419189453,0.018915292739868163,0.04646780776977539,0.03226297378540039,0.038548782348632814,0.025776268005371094,REST,0,0,0,0,False,False,False,False,False,False,,,,,,,,,,6.0,3.0,20.0,0.25
emg,6408356295,5508362,1,,,13142,1.64275,-0.0025870642487195727,123.1132583618164,0.015389157295227052,0.04646780776977539,0.03226297378540039,0.038548782348632814,0.025776268005371094,REST,0,0,0,0,False,False,False,False,False,False,,,,,,,,,,6.0,3.0,20.0,0.25
emg,6408461519,5508452,1,,,13229,1.6536250000000001,0.007804290844855011,61.029197692871094,0.007628649711608887,0.04646780776977539,0.03226297378540039,0.038548782348632814,0.025776268005371094,REST,0,0,0,0,False,False,False,False,False,False,,,,,,,,,,6.0,3.0,20.0,0.25
emg,6408566789,5508543,1,,,13269,1.658625,0.012182872668322409,100.09072875976562,0.012511341094970704,0.04646780776977539,0.03226297378540039,0.038548782348632814,0.025776268005371094,REST,0,0,0,0,False,False,False,False,False,False,,,,,,,,,,6.0,3.0,20.0,0.25
emg,6408671464,5508633,1,,,13372,1.6715,0.024572534418840997,142.85205078125,0.01785650634765625,0.04646780776977539,0.03226297378540039,0.038548782348632814,0.025776268005371094,REST,0,0,0,0,False,False,False,False,False,False,,,,,,,,,,6.0,3.0,20.0,0.25
emg,6408776138,5508723,1,,,13205,1.650625,0.003495913950177121,134.05235290527344,0.01675654411315918,0.04646780776977539,0.03226297378540039,0.038548782348632814,0.025776268005371094,REST,0,0,0,0,False,False,False,False,False,False,,,,,,,,,,6.0,3.0,20.0,0.25
emg,6408881175,5508813,1,,,12919,1.614875,-0.03208630559312331,129.1682586669922,0.016146032333374024,0.04646780776977539,0.03226297378540039,0.038548782348632814,0.025776268005371094,REST,0,0,0,0,False,False,False,False,False,False,,,,,,,,,,6.0,3.0,20.0,0.25
emg,6408985475,5508903,1,,,13267,1.658375,0.011507725562546423,104.26716613769531,0.013033395767211913,0.04646780776977539,0.03226297378540039,0.038548782348632814,0.025776268005371094,REST,0,0,0,0,False,False,False,False,False,False,,,,,,,,,,6.0,3.0,20.0,0.25
emg,6409090144,5508993,1,,,13376,1.672,0.02472220516101209,78.92436218261719,0.009865545272827148,0.04613098526000977,0.03204009246826172,0.038548782348632814,0.025776268005371094,REST,0,0,0,0,False,False,False,False,False,False,,,,,,,,,,6.0,3.0,20.0,0.25
emg,6409194815,5509083,1,,,13208,1.651,0.003403568541624047,147.9550323486328,0.0184943790435791,0.04613098526000977,0.03204009246826172,0.038548782348632814,0.025776268005371094,REST,0,0,0,0,False,False,False,False,False,False,,,,,,,,,,6.0,3.0,20.0,0.25
emg,6409300040,5509173,1,,,13125,1.640625,-0.007780113864643834,139.31077575683594,0.017413846969604494,0.04613098526000977,0.03204009246826172,0.038548782348632814,0.025776268005371094,REST,0,0,0,0,False,False,False,False,False,False,,,,,,,,,,6.0,3.0,20.0,0.25
emg,6409404180,5509263,1,,,13054,1.63175,-0.016979222352846213,198.08575439453125,0.024760719299316405,0.04613098526000977,0.03204009246826172,0.038548782348632814,0.025776268005371094,REST,0,0,0,0,False,False,False,False,False,False,,,,,,,,,,6.0,3.0,20.0,0.25
imu,6409520426,,,640538,1,,,,,,,,,,,,,,,,,,,,,-0.1749267578125,-0.0740966796875,0.9056396484375,-0.030534351145038167,0.0916030534351145,0.05343511450381679,,,,6.0,3.0,20.0,0.25
imu,6409560426,,,640542,1,,,,,,,,,,,,,,,,,,,,,-0.1715087890625,-0.0751953125,0.9107666015625,-0.04580152671755725,0.08396946564885496,0.05343511450381679,,,,6.0,3.0,20.0,0.25
emg,6409719268,5509533,1,,,12978,1.62225,-0.02701784474432478,96.1716537475586,0.012021456718444824,0.04613098526000977,0.03204009246826172,0.038548782348632814,0.025776268005371094,REST,0,0,0,0,False,False,False,False,False,False,,,,,,,,,,6.0,3.0,20.0,0.25
emg,6409811256,5509613,1,,,13222,1.65275,0.0032631195906667188,125.48271942138672,0.01568533992767334,0.04613098526000977,0.03204009246826172,0.038548782348632814,0.025776268005371094,REST,0,0,0,0,False,False,False,False,False,False,,,,,,,,,,6.0,3.0,20.0,0.25
emg,6409915881,5509703,1,,,13114,1.63925,-0.01016531649199326,125.76715850830078,0.015720894813537598,0.04613098526000977,0.03204009246826172,0.038548782348632814,0.025776268005371094,REST,0,0,0,0,False,False,False,False,False,False,,,,,,,,,,6.0,3.0,20.0,0.25
emg,6410021702,5509793,1,,,13150,1.64375,-0.005324581880005841,150.4052734375,0.018800659179687502,0.04613098526000977,0.03204009246826172,0.038548782348632814,0.025776268005371094,REST,0,0,0,0,False,False,False,False,False,False,,,,,,,,,,6.0,3.0,20.0,0.25
emg,6410126957,5509884,1,,,13286,1.66075,0.01139730494577873,183.65374755859375,0.02295671844482422,0.04584939193725586,0.031847148895263674,0.038548782348632814,0.025776268005371094,REST,0,0,0,0,False,False,False,False,False,False,,,,,,,,,,6.0,3.0,20.0,0.25
emg,6410231079,5509974,1,,,13183,1.647875,-0.0015651544754422542,88.61285400390625,0.011076606750488282,0.04584939193725586,0.031847148895263674,0.038548782348632814,0.025776268005371094,REST,0,0,0,0,False,False,False,False,False,False,,,,,,,,,,6.0,3.0,20.0,0.25
emg,6410335712,5510064,1,,,13136,1.6420000000000001,-0.007042367742178257,108.72948455810547,0.013591185569763183,0.04584939193725586,0.031847148895263674,0.038548782348632814,0.025776268005371094,REST,0,0,0,0,False,False,False,False,False,False,,,,,,,,,,6.0,3.0,20.0,0.25
emg,6410440385,5510154,1,,,12988,1.6235,-0.02527470141565824,181.16709899902344,0.02264588737487793,0.04584939193725586,0.031847148895263674,0.038548782348632814,0.025776268005371094,REST,0,0,0,0,False,False,False,False,False,False,,,,,,,,,,6.0,3.0,20.0,0.25
emg,6410545055,5510244,1,,,13220,1.6525,0.003965445827755154,122.03398132324219,0.015254247665405275,0.04584939193725586,0.031847148895263674,0.038548782348632814,0.025776268005371094,REST,0,0,0,0,False,False,False,False,False,False,,,,,,,,,,6.0,3.0,20.0,0.25
emg,6410649787,5510334,1,,,13419,1.677375,0.028681221888227748,181.74774169921875,0.022718467712402345,0.04584939193725586,0.031847148895263674,0.038548782348632814,0.025776268005371094,REST,0,0,0,0,False,False,False,False,False,False,,,,,,,,,,6.0,3.0,20.0,0.25
emg,6410754401,5510424,1,,,13136,1.6420000000000001,-0.006368223797501571,107.96907806396484,0.013496134757995605,0.04584939193725586,0.031847148895263674,0.038548782348632814,0.025776268005371094,REST,0,0,0,0,False,False,False,False,False,False,,,,,,,,,,6.0,3.0,20.0,0.25
emg,6410859065,5510514,1,,,12792,1.599,-0.04873675525247445,171.47244262695312,0.02143405532836914,0.04584939193725586,0.031847148895263674,0.038548782348632814,0.025776268005371094,REST,0,0,0,0,False,False,False,False,False,False,,,,,,,,,,6.0,3.0,20.0,0.25
emg,6410963735,5510604,1,,,12777,1.5971250000000001,-0.050033730918492836,166.61412048339844,0.020826765060424805,0.04584939193725586,0.031847148895263674,0.038548782348632814,0.025776268005371094,REST,0,0,0,0,False,False,False,False,False,False,,,,,,,,,,6.0,3.0,20.0,0.25
emg,6411068405,5510694,1,,,13146,1.64325,-0.0034872521650832766,185.4319305419922,0.023178991317749024,0.04584939193725586,0.031847148895263674,0.038548782348632814,0.025776268005371094,REST,0,0,0,0,False,False,False,False,False,False,,,,,,,,,,6.0,3.0,20.0,0.25
emg,6411173079,5510784,1,,,13404,1.6755,0.029099145030384355,250.62289428710938,0.03132786178588867,0.04571965408325195,0.03174159622192383,0.038548782348632814,0.025776268005371094,REST,0,0,0,0,False,False,False,False,False,False,,,,,,,,,,6.0,3.0,20.0,0.25
emg,6411277744,5510874,1,,,12913,1.614125,-0.03230529363056944,106.39945983886719,0.013299932479858398,0.04571965408325195,0.03174159622192383,0.038548782348632814,0.025776268005371094,REST,0,0,0,0,False,False,False,False,False,False,,,,,,,,,,6.0,3.0,20.0,0.25
emg,6411382412,5510964,1,,,12948,1.6185,-0.028436781227284547,178.5395965576172,0.02231744956970215,0.04571965408325195,0.03174159622192383,0.038548782348632814,0.025776268005371094,REST,0,0,0,0,False,False,False,False,False,False,,,,,,,,,,6.0,3.0,20.0,0.25
emg,6411487085,5511054,1,,,13565,1.695625,0.04802502747578008,237.00677490234375,0.02962584686279297,0.04571965408325195,0.03174159622192383,0.038548782348632814,0.025776268005371094,REST,0,0,0,0,False,False,False,False,False,False,,,,,,,,,,6.0,3.0,20.0,0.25
emg,6411591761,5511144,1,,,13199,1.649875,0.0018277266994461971,101.30831909179688,0.01266353988647461,0.04571965408325195,0.03174159622192383,0.038548782348632814,0.025776268005371094,REST,0,0,0,0,False,False,False,False,False,False,,,,,,,,,,6.0,3.0,20.0,0.25
imu,6411640426,,,640750,1,,,,,,,,,,,,,,,,,,,,,-0.1739501953125,-0.07568359375,0.909423828125,-0.08396946564885496,0.11450381679389313,-0.030534351145038167,,,,6.0,3.0,20.0,0.25
emg,6411801095,5511324,1,,,13210,1.65125,0.002780738498579627,172.82318115234375,0.021602897644042968,0.04571965408325195,0.03174159622192383,0.038548782348632814,0.025776268005371094,REST,0,0,0,0,False,False,False,False,False,False,,,,,,,,,,6.0,3.0,20.0,0.25
emg,6411905765,5511414,1,,,13485,1.685625,0.037010376589621474,165.25296020507812,0.020656620025634766,0.04571965408325195,0.03174159622192383,0.038548782348632814,0.025776268005371094,REST,0,0,0,0,False,False,False,False,False,False,,,,,,,,,,6.0,3.0,20.0,0.25
emg,6412010430,5511504,1,,,13363,1.670375,0.02221146247009842,192.92837524414062,0.02411604690551758,0.04571965408325195,0.03174159622192383,0.038548782348632814,0.025776268005371094,REST,0,0,0,0,False,False,False,False,False,False,,,,,,,,,,6.0,3.0,20.0,0.25
imu,6412120426,,,640798,1,,,,,,,,,,,,,,,,,,,,,-0.175537109375,-0.076904296875,0.9085693359375,-0.06870229007633588,0.061068702290076333,0.08396946564885496,,,,6.0,3.0,20.0,0.25
imu,6412160427,,,640802,1,,,,,,,,,,,,,,,,,,,,,-0.1766357421875,-0.0789794921875,0.909912109375,-0.03816793893129771,0.08396946564885496,0.1450381679389313,,,,6.0,3.0,20.0,0.25
emg,6412324445,5511774,1,,,13175,1.646875,0.0011285556176932054,175.69488525390625,0.02196186065673828,0.04555666732788086,0.031628175735473635,0.038548782348632814,0.025776268005371094,REST,0,0,0,0,False,False,False,False,False,False,,,,,,,,,,6.0,3.0,20.0,0.25
emg,6412419821,5511855,1,,,12774,1.5967500000000001,-0.04735695642043991,191.9412078857422,0.023992650985717776,0.04555666732788086,0.031628175735473635,0.038548782348632814,0.025776268005371094,REST,0,0,0,0,False,False,False,False,False,False,,,,,,,,,,6.0,3.0,20.0,0.25
emg,6412523874,5511945,1,,,12499,1.562375,-0.07828140671832107,364.6054992675781,0.045575687408447266,0.04555666732788086,0.031628175735473635,0.038548782348632814,0.025776268005371094,CANDIDATE,0,0,0,0,False,False,False,False,False,False,,,,,,,,,,6.0,3.0,20.0,0.25
emg,6412628001,5512035,1,,,12872,1.609,-0.024991887356531794,416.2162780761719,0.05202703475952149,0.04555666732788086,0.031628175735473635,0.038548782348632814,0.025776268005371094,ACTIVE,0,0,0,0,True,True,False,False,False,False,,,,,,,,,,6.0,3.0,20.0,0.25
emg,6412732658,5512125,1,,,12846,1.60575,-0.025156863108448002,207.18328857421875,0.025897911071777344,0.04555666732788086,0.031628175735473635,0.038548782348632814,0.025776268005371094,ACTIVE,0,0,0,0,True,True,False,False,False,False,,,,,,,,,,6.0,3.0,20.0,0.25
emg,6412837328,5512215,1,,,12934,1.6167500000000001,-0.013615552222084881,119.15990447998047,0.014894988059997559,0.04555666732788086,0.031628175735473635,0.038548782348632814,0.025776268005371094,REFRACTORY,0,0,0,0,True,False,False,False,False,False,,,,,,,,,,6.0,3.0,20.0,0.25
emg,6412942917,5512305,1,,,12698,1.58725,-0.04408338436950743,267.09417724609375,0.03338677215576172,0.04555666732788086,0.031628175735473635,0.038548782348632814,0.025776268005371094,REFRACTORY,0,0,0,0,False,False,False,False,False,False,,,,,,,,,,6.0,3.0,20.0,0.25
emg,6413046683,5512395,1,,,13510,1.68875,0.05507509982444736,290.1427307128906,0.03626784133911133,0.04555666732788086,0.031628175735473635,0.038548782348632814,0.025776268005371094,REFRACTORY,0,0,0,0,False,False,False,False,False,False,,,,,,,,,,6.0,3.0,20.0,0.25
emg,6413151343,5512485,1,,,13166,1.64575,0.008787893092009558,281.0976257324219,0.03513720321655273,0.04555666732788086,0.031628175735473635,0.038548782348632814,0.025776268005371094,REST,0,0,0,0,False,False,False,False,False,False,,,,,,,,,,6.0,3.0,20.0,0.25
emg,6413256008,5512575,1,,,13474,1.68425,0.04435648643956003,255.7272491455078,0.03196590614318848,0.04555666732788086,0.031628175735473635,0.038548782348632814,0.025776268005371094,REST,0,0,0,0,False,False,False,False,False,False,,,,,,,,,,6.0,3.0,20.0,0.25
emg,6413360684,5512665,1,,,13348,1.6685,0.026284295394336965,233.79812622070312,0.02922476577758789,0.04555666732788086,0.031628175735473635,0.038548782348632814,0.025776268005371094,REST,0,0,0,0,False,False,False,False,False,False,,,,,,,,,,6.0,3.0,20.0,0.25
emg,6413465923,5512755,1,,,13470,1.68375,0.03956977575007037,235.26022338867188,0.029407527923583986,0.04555666732788086,0.031628175735473635,0.038548782348632814,0.025776268005371094,REST,0,0,0,0,False,False,False,False,False,False,,,,,,,,,,6.0,3.0,20.0,0.25
emg,6413570020,5512845,1,,,13280,1.6600000000000001,0.013915987929809859,282.89019775390625,0.035361274719238285,0.04555666732788086,0.031628175735473635,0.038548782348632814,0.025776268005371094,REST,0,0,0,0,False,False,False,False,False,False,,,,,,,,,,6.0,3.0,20.0,0.25
emg,6413674685,5512935,1,,,13163,1.645375,-0.002238454258644884,131.6999969482422,0.016462499618530274,0.04555666732788086,0.031628175735473635,0.038548782348632814,0.025776268005371094,REST,0,0,0,0,False,False,False,False,False,False,,,,,,,,,,6.0,3.0,20.0,0.25
emg,6413779361,5513025,1,,,13084,1.6355,-0.012917390999299228,130.99794006347656,0.01637474250793457,0.045756389617919925,0.0317196159362793,0.038548782348632814,0.025776268005371094,REST,0,0,0,0,False,False,False,False,False,False,,,,,,,,,,6.0,3.0,20.0,0.25
emg,6413884599,5513115,1,,,13306,1.6632500000000001,0.013945952382746318,272.6085510253906,0.034076068878173826,0.045756389617919925,0.0317196159362793,0.038548782348632814,0.025776268005371094,REST,0,0,0,0,False,False,False,False,False,False,,,,,,,,,,6.0,3.0,20.0,0.25
emg,6413989863,5513206,1,,,13242,1.65525,0.004796702071471426,229.5375213623047,0.028692190170288085,0.045756389617919925,0.0317196159362793,0.038548782348632814,0.025776268005371094,REST,0,0,0,0,False,False,False,False,False,False,,,,,,,,,,6.0,3.0,20.0,0.25
emg,6414094528,5513296,1,,,13185,1.648125,-0.003085085791826314,152.9505157470703,0.019118814468383788,0.045756389617919925,0.0317196159362793,0.038548782348632814,0.025776268005371094,REST,0,0,0,0,False,False,False,False,False,False,,,,,,,,,,6.0,3.0,20.0,0.25
emg,6414199198,5513386,1,,,12896,1.612,-0.03920964852565878,169.97129821777344,0.02124641227722168,0.045756389617919925,0.0317196159362793,0.038548782348632814,0.025776268005371094,REST,0,0,0,0,False,False,False,False,False,False,,,,,,,,,,6.0,3.0,20.0,0.25
imu,6414240426,,,641010,1,,,,,,,,,,,,,,,,,,,,,-0.175048828125,-0.078369140625,0.9100341796875,-0.007633587786259542,0.022900763358778626,0.04580152671755725,,,,6.0,3.0,20.0,0.25
emg,6414408549,5513566,1,,,14296,1.7870000000000001,0.13163104543978,533.4326171875,0.0666790771484375,0.045756389617919925,0.0317196159362793,0.038548782348632814,0.025776268005371094,CANDIDATE,0,0,0,0,False,False,False,False,False,False,,,,,,,,,,6.0,3.0,20.0,0.25
emg,6414513211,5513656,1,,,13739,1.717375,0.06195343753861171,304.41485595703125,0.03805185699462891,0.045756389617919925,0.0317196159362793,0.038548782348632814,0.025776268005371094,ACTIVE,0,0,0,0,True,True,False,False,False,False,,,,,,,,,,6.0,3.0,20.0,0.25
emg,6414606248,5513736,1,,,13205,1.650625,-0.003072635359785414,217.86073303222656,0.02723259162902832,0.045756389617919925,0.0317196159362793,0.038548782348632814,0.025776268005371094,ACTIVE,0,0,0,0,True,True,False,False,False,False,,,,,,,,,,6.0,3.0,20.0,0.25
imu,6414720426,,,641058,1,,,,,,,,,,,,,,,,,,,,,-0.1781005859375,-0.0743408203125,0.9088134765625,-0.09923664122137404,0.04580152671755725,-0.030534351145038167,,,,6.0,3.0,20.0,0.25
imu,6414760431,,,641062,1,,,,,,,,,,,,,,,,,,,,,-0.17578125,-0.0750732421875,0.909423828125,-0.1450381679389313,0.007633587786259542,0.007633587786259542,,,,6.0,3.0,20.0,0.25
emg,6414920275,5514006,1,,,13207,1.650875,-0.0015531733774758472,177.13470458984375,0.02214183807373047,0.045756389617919925,0.0317196159362793,0.038548782348632814,0.025776268005371094,REFRACTORY,0,0,0,0,True,False,False,False,False,False,,,,,,,,,,6.0,3.0,20.0,0.25
emg,6415024931,5514096,1,,,25873,3.234125,1.5515601243379766,6731.69677734375,0.8414620971679687,0.045756389617919925,0.0317196159362793,0.038548782348632814,0.025776268005371094,CANDIDATE,0,0,0,0,True,False,False,False,False,False,,,,,,,,,,6.0,3.0,20.0,0.25
emg,6415129599,5514186,1,,,10997,1.374625,-0.3172449608302885,3212.278076171875,0.4015347595214844,0.045756389617919925,0.0317196159362793,0.038548782348632814,0.025776268005371094,ACTIVE,0,0,0,0,True,True,False,False,False,False,,,,,,,,,,6.0,3.0,20.0,0.25
emg,6415234268,5514276,1,,,11723,1.465375,-0.2091969567909624,1248.98828125,0.15612353515625,0.045756389617919925,0.0317196159362793,0.038548782348632814,0.025776268005371094,ACTIVE,0,0,0,0,True,True,False,False,False,False,,,,,,,,,,6.0,3.0,20.0,0.25
emg,6415338948,5514366,1,,,12641,1.580125,-0.08379777842572533,860.4171142578125,0.10755213928222657,0.045756389617919925,0.0317196159362793,0.038548782348632814,0.025776268005371094,ACTIVE,0,0,0,0,True,True,False,False,False,False,,,,,,,,,,6.0,3.0,20.0,0.25
emg,6415443611,5514456,1,,,13012,1.6265,-0.0322596001316795,393.8204650878906,0.04922755813598633,0.045756389617919925,0.0317196159362793,0.038548782348632814,0.025776268005371094,ACTIVE,0,0,0,0,True,True,False,False,False,False,,,,,,,,,,6.0,3.0,20.0,0.25
emg,6415548281,5514546,1,,,13038,1.62975,-0.024260519026910066,285.44659423828125,0.03568082427978516,0.045756389617919925,0.0317196159362793,0.038548782348632814,0.025776268005371094,ACTIVE,0,0,0,0,True,True,False,False,False,False,,,,,,,,,,6.0,3.0,20.0,0.25
emg,6415652951,5514636,1,,,12818,1.60225,-0.0478991782589242,326.796875,0.040849609375,0.045756389617919925,0.0317196159362793,0.038548782348632814,0.025776268005371094,ACTIVE,0,0,0,0,True,True,False,False,False,False,,,,,,,,,,6.0,3.0,20.0,0.25
emg,6415757627,5514726,1,,,12896,1.612,-0.035134541542437336,289.81817626953125,0.03622727203369141,0.045756389617919925,0.0317196159362793,0.038548782348632814,0.025776268005371094,ACTIVE,0,0,0,0,True,True,False,False,False,False,,,,,,,,,,6.0,3.0,20.0,0.25
emg,6415862311,5514816,1,,,13140,1.6425,-0.002183068723426107,233.5519561767578,0.029193994522094726,0.045756389617919925,0.0317196159362793,0.038548782348632814,0.025776268005371094,REFRACTORY,0,0,0,0,True,True,False,False,False,False,,,,,,,,,,6.0,3.0,20.0,0.25
emg,6415966961,5514906,1,,,13189,1.648625,0.005297998308647411,143.647216796875,0.017955902099609376,0.045756389617919925,0.0317196159362793,0.038548782348632814,0.025776268005371094,REFRACTORY,0,0,0,0,True,False,False,False,False,False,,,,,,,,,,6.0,3.0,20.0,0.25
emg,6416071631,5514996,1,,,13065,1.633125,-0.00907372543697571,156.14878845214844,0.019518598556518555,0.045756389617919925,0.0317196159362793,0.038548782348632814,0.025776268005371094,REFRACTORY,0,0,0,0,False,False,False,False,False,False,,,,,,,,,,6.0,3.0,20.0,0.25
emg,6416179421,5515087,1,,,12995,1.6243750000000001,-0.01725941066716552,103.51399230957031,0.012939249038696289,0.045756389617919925,0.0317196159362793,0.038548782348632814,0.025776268005371094,REFRACTORY,0,0,0,0,False,False,False,False,False,False,,,,,,,,,,6.0,3.0,20.0,0.25
emg,6416282151,5515177,1,,,13155,1.6443750000000001,0.002898716861340578,158.7957305908203,0.019849466323852538,0.045756389617919925,0.0317196159362793,0.038548782348632814,0.025776268005371094,REST,0,0,0,0,False,False,False,False,False,False,,,,,,,,,,6.0,3.0,20.0,0.25
emg,6416387965,5515268,1,,,13341,1.6676250000000001,0.025801216066182908,113.21027374267578,0.014151284217834473,0.045756389617919925,0.0317196159362793,0.038548782348632814,0.025776268005371094,REST,0,0,0,0,False,False,False,False,False,False,,,,,,,,,,6.0,3.0,20.0,0.25
emg,6416492643,5515358,1,,,13268,1.6585,0.01583731608201333,147.10324096679688,0.01838790512084961,0.045756389617919925,0.0317196159362793,0.038548782348632814,0.025776268005371094,REST,0,0,0,0,False,False,False,False,False,False,,,,,,,,,,6.0,3.0,20.0,0.25
emg,6416597871,5515448,1,,,13036,1.6295,-0.01411510919264991,173.0176239013672,0.021627202987670898,0.045914592742919924,0.031794261932373044,0.038548782348632814,0.025776268005371094,REST,0,0,0,0,False,False,False,False,False,False,,,,,,,,,,6.0,3.0,20.0,0.25
emg,6416701984,5515538,1,,,13349,1.668625,0.02442114012262575,120.30577850341797,0.015038222312927247,0.045914592742919924,0.031794261932373044,0.038548782348632814,0.025776268005371094,REST,0,0,0,0,False,False,False,False,False,False,,,,,,,,,,6.0,3.0,20.0,0.25
imu,6416800426,,,641266,1,,,,,,,,,,,,,,,,,,,,,-0.174072265625,-0.077392578125,0.906005859375,-0.5267175572519084,0.007633587786259542,-0.022900763358778626,,,,6.0,3.0,20.0,0.25
imu,6416840426,,,641270,1,,,,,,,,,,,,,,,,,,,,,-0.1746826171875,-0.076416015625,0.907958984375,-0.10687022900763359,0.05343511450381679,0.007633587786259542,,,,6.0,3.0,20.0,0.25
emg,6417016875,5515808,1,,,13004,1.6255,-0.020272933825465245,236.8701171875,0.0296087646484375,0.045914592742919924,0.031794261932373044,0.038548782348632814,0.025776268005371094,REST,0,0,0,0,False,False,False,False,False,False,,,,,,,,,,6.0,3.0,20.0,0.25
emg,6417109073,5515888,1,,,13323,1.665375,0.0191961088387842,147.76329040527344,0.01847041130065918,0.045914592742919924,0.031794261932373044,0.038548782348632814,0.025776268005371094,REST,0,0,0,0,False,False,False,False,False,False,,,,,,,,,,6.0,3.0,20.0,0.25
emg,6417213703,5515978,1,,,13088,1.6360000000000001,-0.010278351104108685,97.23625946044922,0.012154532432556153,0.045914592742919924,0.031794261932373044,0.038548782348632814,0.025776268005371094,REST,0,0,0,0,False,False,False,False,False,False,,,,,,,,,,6.0,3.0,20.0,0.25
imu,6417320429,,,641318,1,,,,,,,,,,,,,,,,,,,,,-0.175537109375,-0.077392578125,0.9085693359375,-0.08396946564885496,0.12213740458015267,0.007633587786259542,,,,6.0,3.0,20.0,0.25
emg,6417423043,5516158,1,,,13160,1.645,-0.001663091023725638,179.81414794921875,0.022476768493652346,0.045914592742919924,0.031794261932373044,0.038548782348632814,0.025776268005371094,REST,0,0,0,0,False,False,False,False,False,False,,,,,,,,,,6.0,3.0,20.0,0.25
emg,6417528278,5516248,1,,,13300,1.6625,0.015263222803020948,111.99736785888672,0.01399967098236084,0.045914592742919924,0.031794261932373044,0.038548782348632814,0.025776268005371094,REST,0,0,0,0,False,False,False,False,False,False,,,,,,,,,,6.0,3.0,20.0,0.25
emg,6417632383,5516338,1,,,13044,1.6305,-0.017054127581744627,95.85370635986328,0.011981713294982911,0.045967327117919926,0.03181349563598633,0.038548782348632814,0.025776268005371094,REST,0,0,0,0,False,False,False,False,False,False,,,,,,,,,,6.0,3.0,20.0,0.25
emg,6417737049,5516428,1,,,13209,1.651125,0.0033074971020179422,139.9929656982422,0.017499120712280273,0.045967327117919926,0.03181349563598633,0.038548782348632814,0.025776268005371094,REST,0,0,0,0,False,False,False,False,False,False,,,,,,,,,,6.0,3.0,20.0,0.25
emg,6417841712,5516518,1,,,13351,1.668875,0.020840692445796227,103.01255798339844,0.012876569747924805,0.045967327117919926,0.03181349563598633,0.038548782348632814,0.025776268005371094,REST,0,0,0,0,False,False,False,False,False,False,,,,,,,,,,6.0,3.0,20.0,0.25
emg,6417946954,5516608,1,,,13460,1.6825,0.03368024929380131,173.20770263671875,0.021650962829589844,0.045967327117919926,0.03181349563598633,0.038548782348632814,0.025776268005371094,REST,0,0,0,0,False,False,False,False,False,False,,,,,,,,,,6.0,3.0,20.0,0.25
emg,6418051084,5516698,1,,,13307,1.663375,0.01413667745313818,201.79026794433594,0.025223783493041992,0.045967327117919926,0.03181349563598633,0.038548782348632814,0.025776268005371094,REST,0,0,0,0,False,False,False,False,False,False,,,,,,,,,,6.0,3.0,20.0,0.25
emg,6418155724,5516788,1,,,13070,1.63375,-0.01550109147361911,120.13082885742188,0.015016353607177735,0.045967327117919926,0.03181349563598633,0.038548782348632814,0.025776268005371094,REST,0,0,0,0,False,False,False,False,False,False,,,,,,,,,,6.0,3.0,20.0,0.25
emg,6418260397,5516878,1,,,13064,1.633,-0.015711967623577516,178.3087921142578,0.022288599014282227,0.045967327117919926,0.03181349563598633,0.038548782348632814,0.025776268005371094,REST,0,0,0,0,False,False,False,False,False,False,,,,,,,,,,6.0,3.0,20.0,0.25
emg,6418365067,5516968,1,,,13393,1.674125,0.026306491004693733,167.42938232421875,0.020928672790527344,0.045967327117919926,0.03181349563598633,0.038548782348632814,0.025776268005371094,REST,0,0,0,0,False,False,False,False,False,False,,,,,,,,,,6.0,3.0,20.0,0.25
emg,6418469787,5517058,1,,,13408,1.676,0.02827479967925628,161.2249298095703,0.02015311622619629,0.045967327117919926,0.03181349563598633,0.038548782348632814,0.025776268005371094,REST,0,0,0,0,False,False,False,False,False,False,,,,,,,,,,6.0,3.0,20.0,0.25
emg,6418574413,5517148,1,,,12993,1.624125,-0.02319946587055899,212.5796661376953,0.026572458267211916,0.04610755920410156,0.031881879806518555,0.038548782348632814,0.025776268005371094,REST,0,0,0,0,False,False,False,False,False,False,,,,,,,,,,6.0,3.0,20.0,0.25
emg,6418679077,5517238,1,,,13166,1.64575,-0.001497299567874144,198.94830322265625,0.02486853790283203,0.04610755920410156,0.031881879806518555,0.038548782348632814,0.025776268005371094,REST,0,0,0,0,False,False,False,False,False,False,,,,,,,,,,6.0,3.0,20.0,0.25
emg,6418783747,5517328,1,,,13433,1.679125,0.031555287110475394,149.10548400878906,0.018638185501098633,0.04610755920410156,0.031881879806518555,0.038548782348632814,0.025776268005371094,REST,0,0,0,0,False,False,False,False,False,False,,,,,,,,,,6.0,3.0,20.0,0.25
emg,6418889586,5517419,1,,,13101,1.637625,-0.01031630075109602,106.73076629638672,0.01334134578704834,0.04610755920410156,0.031881879806518555,0.038548782348632814,0.025776268005371094,REST,0,0,0,0,False,False,False,False,False,False,,,,,,,,,,6.0,3.0,20.0,0.25
emg,6418996576,5517510,1,,,12997,1.624625,-0.02327051445817352,108.0219497680664,0.013502743721008301,0.04610755920410156,0.031881879806518555,0.038548782348632814,0.025776268005371094,REST,0,0,0,0,False,False,False,False,False,False,,,,,,,,,,6.0,3.0,20.0,0.25
emg,6419100083,5517600,1,,,13127,1.640875,-0.006850801611304913,114.48318481445312,0.014310398101806641,0.04610755920410156,0.031881879806518555,0.038548782348632814,0.025776268005371094,REST,0,0,0,0,False,False,False,False,False,False,,,,,,,,,,6.0,3.0,20.0,0.25
emg,6419204748,5517690,1,,,13176,1.647,-0.0010432528186778978,147.76254272460938,0.01847031784057617,0.04610755920410156,0.031881879806518555,0.038548782348632814,0.025776268005371094,REST,0,0,0,0,False,False,False,False,False,False,,,,,,,,,,6.0,3.0,20.0,0.25
emg,6419297799,5517770,1,,,13151,1.643875,-0.004345839327664525,262.16278076171875,0.03277034759521484,0.04610755920410156,0.031881879806518555,0.038548782348632814,0.025776268005371094,REST,0,0,0,0,False,False,False,False,False,False,,,,,,,,,,6.0,3.0,20.0,0.25
imu,6419400471,,,641526,1,,,,,,,,,,,,,,,,,,,,,-0.175048828125,-0.077880859375,0.911865234375,-0.03816793893129771,0.03816793893129771,0.04580152671755725,,,,6.0,3.0,20.0,0.25
imu,6419440497,,,641530,1,,,,,,,,,,,,,,,,,,,,,-0.17333984375,-0.076416015625,0.9072265625,0.022900763358778626,0.061068702290076333,0.07633587786259542,,,,6.0,3.0,20.0,0.25
emg,6419623433,5518050,1,,,13318,1.66475,0.01606144400146281,143.2530059814453,0.017906625747680663,0.046286567687988285,0.03198232460021973,0.038548782348632814,0.025776268005371094,REST,0,0,0,0,False,False,False,False,False,False,,,,,,,,,,6.0,3.0,20.0,0.25
emg,6419716483,5518130,1,,,12953,1.619125,-0.029697364576480867,149.5820770263672,0.0186977596282959,0.046286567687988285,0.03198232460021973,0.038548782348632814,0.025776268005371094,REST,0,0,0,0,False,False,False,False,False,False,,,,,,,,,,6.0,3.0,20.0,0.25
emg,6419821703,5518220,1,,,13286,1.66075,0.01224277612374225,100.3543701171875,0.012544296264648438,0.046286567687988285,0.03198232460021973,0.038548782348632814,0.025776268005371094,REST,0,0,0,0,False,False,False,False,False,False,,,,,,,,,,6.0,3.0,20.0,0.25
imu,6419920563,,,641578,1,,,,,,,,,,,,,,,,,,,,,-0.1754150390625,-0.07275390625,0.9072265625,-0.04580152671755725,0.07633587786259542,0.022900763358778626,,,,6.0,3.0,20.0,0.25
emg,6420031646,5518400,1,,,13113,1.639125,-0.008790580524413505,109.24842834472656,0.01365605354309082,0.046286567687988285,0.03198232460021973,0.038548782348632814,0.025776268005371094,REST,0,0,0,0,False,False,False,False,False,False,,,,,,,,,,6.0,3.0,20.0,0.25
emg,6420138048,5518492,1,,,13462,1.68275,0.0334728833373803,251.83493041992188,0.031479366302490236,0.046286567687988285,0.03198232460021973,0.038548782348632814,0.025776268005371094,CANDIDATE,0,0,0,0,False,False,False,False,False,False,,,,,,,,,,6.0,3.0,20.0,0.25
emg,6420242156,5518582,1,,,13529,1.691125,0.03972592554952059,301.9625244140625,0.037745315551757815,0.046286567687988285,0.03198232460021973,0.038548782348632814,0.025776268005371094,ACTIVE,0,0,0,0,True,True,False,False,False,False,,,,,,,,,,6.0,3.0,20.0,0.25
emg,6420346816,5518672,1,,,13291,1.661375,0.010635835977775177,193.9933624267578,0.024249170303344728,0.046286567687988285,0.03198232460021973,0.038548782348632814,0.025776268005371094,ACTIVE,0,0,0,0,True,True,False,False,False,False,,,,,,,,,,6.0,3.0,20.0,0.25
emg,6420451482,5518762,1,,,12994,1.62425,-0.025604762672779335,153.0816650390625,0.019135208129882814,0.046286567687988285,0.03198232460021973,0.038548782348632814,0.025776268005371094,REFRACTORY,0,0,0,0,False,False,False,False,False,False,,,,,,,,,,6.0,3.0,20.0,0.25
emg,6420556873,5518852,1,,,13120,1.6400000000000001,-0.008802887947154892,137.6251983642578,0.017203149795532228,0.046286567687988285,0.03198232460021973,0.038548782348632814,0.025776268005371094,REFRACTORY,0,0,0,0,False,False,False,False,False,False,,,,,,,,,,6.0,3.0,20.0,0.25
emg,6420660844,5518942,1,,,13253,1.656625,0.008283937997834112,219.89739990234375,0.02748717498779297,0.046286567687988285,0.03198232460021973,0.038548782348632814,0.025776268005371094,REFRACTORY,0,0,0,0,False,False,False,False,False,False,,,,,,,,,,6.0,3.0,20.0,0.25
emg,6420765494,5519032,1,,,13346,1.66825,0.019616661634606514,137.8643341064453,0.017233041763305663,0.046286567687988285,0.03198232460021973,0.038548782348632814,0.025776268005371094,REST,0,0,0,0,False,False,False,False,False,False,,,,,,,,,,6.0,3.0,20.0,0.25
emg,6420870169,5519122,1,,,13111,1.638875,-0.010265206345391853,190.4295196533203,0.023803689956665038,0.046286567687988285,0.03198232460021973,0.038548782348632814,0.025776268005371094,REST,0,0,0,0,False,False,False,False,False,False,,,,,,,,,,6.0,3.0,20.0,0.25
emg,6420974839,5519212,1,,,13163,1.645375,-0.0034955882086802337,111.65253448486328,0.01395656681060791,0.046286567687988285,0.03198232460021973,0.038548782348632814,0.025776268005371094,REST,0,0,0,0,False,False,False,False,False,False,,,,,,,,,,6.0,3.0,20.0,0.25
emg,6421079785,5519302,1,,,13208,1.651,0.002494464142436259,138.42030334472656,0.017302537918090822,0.046286567687988285,0.03198232460021973,0.038548782348632814,0.025776268005371094,REST,0,0,0,0,False,False,False,False,False,False,,,,,,,,,,6.0,3.0,20.0,0.25
emg,6421184184,5519392,1,,,13301,1.662625,0.014528726777354395,119.35310363769531,0.014919137954711914,0.046345531463623045,0.032012275695800785,0.038548782348632814,0.025776268005371094,REST,0,0,0,0,False,False,False,False,False,False,,,,,,,,,,6.0,3.0,20.0,0.25
emg,6421288842,5519482,1,,,13114,1.63925,-0.008632535388688911,160.31207275390625,0.02003900909423828,0.046345531463623045,0.032012275695800785,0.038548782348632814,0.025776268005371094,REST,0,0,0,0,False,False,False,False,False,False,,,,,,,,,,6.0,3.0,20.0,0.25
emg,6421393518,5519572,1,,,13195,1.649375,0.0015831309151916884,141.83192443847656,0.01772899055480957,0.046345531463623045,0.032012275695800785,0.038548782348632814,0.025776268005371094,REST,0,0,0,0,False,False,False,False,False,False,,,,,,,,,,6.0,3.0,20.0,0.25
emg,6421498189,5519662,1,,,12925,1.615625,-0.03223199690189671,175.32601928710938,0.021915752410888674,0.046345531463623045,0.032012275695800785,0.038548782348632814,0.025776268005371094,REST,0,0,0,0,False,False,False,False,False,False,,,,,,,,,,6.0,3.0,20.0,0.25
emg,6421602870,5519752,1,,,13358,1.66975,0.021623564258206995,126.5881576538086,0.015823519706726075,0.046345531463623045,0.032012275695800785,0.038548782348632814,0.025776268005371094,REST,0,0,0,0,False,False,False,False,False,False,,,,,,,,,,6.0,3.0,20.0,0.25
emg,6421707531,5519842,1,,,13337,1.667125,0.01889822910854244,132.28640747070312,0.016535800933837892,0.046345531463623045,0.032012275695800785,0.038548782348632814,0.025776268005371094,REST,0,0,0,0,False,False,False,False,False,False,,,,,,,,,,6.0,3.0,20.0,0.25
emg,6421812199,5519932,1,,,13099,1.637375,-0.010727252704831436,233.80955505371094,0.02922619438171387,0.046345531463623045,0.032012275695800785,0.038548782348632814,0.025776268005371094,REST,0,0,0,0,False,False,False,False,False,False,,,,,,,,,,6.0,3.0,20.0,0.25
emg,6421905239,5520012,1,,,13369,1.671125,0.02285362749416575,142.89334106445312,0.01786166763305664,0.046345531463623045,0.032012275695800785,0.038548782348632814,0.025776268005371094,REST,0,0,0,0,False,False,False,False,False,False,,,,,,,,,,6.0,3.0,20.0,0.25
imu,6422000426,,,641786,1,,,,,,,,,,,,,,,,,,,,,-0.173828125,-0.0758056640625,0.911376953125,-0.07633587786259542,0.06870229007633588,0.07633587786259542,,,,6.0,3.0,20.0,0.25
imu,6422040431,,,641790,1,,,,,,,,,,,,,,,,,,,,,-0.177001953125,-0.07373046875,0.9132080078125,-0.06870229007633588,0.0916030534351145,0.06870229007633588,,,,6.0,3.0,20.0,0.25
emg,6422219253,5520282,1,,,13256,1.657,0.008633124810407011,118.34722137451172,0.014793402671813964,0.046463897705078125,0.032090633392333985,0.038548782348632814,0.025776268005371094,REST,0,0,0,0,False,False,False,False,False,False,,,,,,,,,,6.0,3.0,20.0,0.25
emg,6422323916,5520372,1,,,13405,1.6756250000000001,0.02688976320879144,100.28404998779297,0.012535506248474122,0.046463897705078125,0.032090633392333985,0.038548782348632814,0.025776268005371094,REST,0,0,0,0,False,False,False,False,False,False,,,,,,,,,,6.0,3.0,20.0,0.25
emg,6422428582,5520462,1,,,13179,1.647375,-0.0012054490363857528,134.15963745117188,0.016769954681396484,0.046463897705078125,0.032090633392333985,0.038548782348632814,0.025776268005371094,REST,0,0,0,0,False,False,False,False,False,False,,,,,,,,,,6.0,3.0,20.0,0.25
emg,6422533274,5520552,1,,,13131,1.641375,-0.007719846279191422,234.854736328125,0.029356842041015626,0.046463897705078125,0.032090633392333985,0.038548782348632814,0.025776268005371094,REST,0,0,0,0,False,False,False,False,False,False,,,,,,,,,,6.0,3.0,20.0,0.25
emg,6422637929,5520642,1,,,13220,1.6525,0.0035771377051638797,131.18667602539062,0.01639833450317383,0.046463897705078125,0.032090633392333985,0.038548782348632814,0.025776268005371094,REST,0,0,0,0,False,False,False,False,False,False,,,,,,,,,,6.0,3.0,20.0,0.25
emg,6422742592,5520732,1,,,13499,1.687375,0.038117127492638625,167.59912109375,0.02094989013671875,0.046463897705078125,0.032090633392333985,0.038548782348632814,0.025776268005371094,REST,0,0,0,0,False,False,False,False,False,False,,,,,,,,,,6.0,3.0,20.0,0.25
emg,6422847271,5520822,1,,,13319,1.664875,0.015864395879856774,115.39124298095703,0.014423905372619629,0.046463897705078125,0.032090633392333985,0.038548782348632814,0.025776268005371094,REST,0,0,0,0,False,False,False,False,False,False,,,,,,,,,,6.0,3.0,20.0,0.25
emg,6422953678,5520913,1,,,13089,1.636125,-0.013184879255359272,102.38072204589844,0.012797590255737306,0.046463897705078125,0.032090633392333985,0.038548782348632814,0.025776268005371094,REST,0,0,0,0,False,False,False,False,False,False,,,,,,,,,,6.0,3.0,20.0,0.25
emg,6423057794,5521003,1,,,13242,1.65525,0.005634074777112863,287.9140625,0.0359892578125,0.046463897705078125,0.032090633392333985,0.038548782348632814,0.025776268005371094,CANDIDATE,0,0,0,0,False,False,False,False,False,False,,,,,,,,,,6.0,3.0,20.0,0.25
emg,6423162442,5521093,1,,,25815,3.226875,1.5538254386939547,5509.693359375,0.688711669921875,0.046463897705078125,0.032090633392333985,0.038548782348632814,0.025776268005371094,CANDIDATE,0,0,0,0,True,False,False,False,False,False,,,,,,,,,,6.0,3.0,20.0,0.25
emg,6423267107,5521183,1,,,12554,1.56925,-0.11739667287751021,3124.580810546875,0.39057260131835936,0.046463897705078125,0.032090633392333985,0.038548782348632814,0.025776268005371094,ACTIVE,0,0,0,0,True,True,False,False,False,False,,,,,,,,,,6.0,3.0,20.0,0.25
emg,6423371788,5521273,1,,,12138,1.51725,-0.15254171991800858,1555.975830078125,0.19449697875976563,0.046463897705078125,0.032090633392333985,0.038548782348632814,0.025776268005371094,ACTIVE,0,0,0,0,True,True,False,False,False,False,,,,,,,,,,6.0,3.0,20.0,0.25
emg,6423476524,5521363,1,,,12457,1.557125,-0.10039856098378785,931.0257568359375,0.11637821960449218,0.046463897705078125,0.032090633392333985,0.038548782348632814,0.025776268005371094,ACTIVE,0,0,0,0,True,True,False,False,False,False,,,,,,,,,,6.0,3.0,20.0,0.25
emg,6423581124,5521453,1,,,12865,1.608125,-0.042928952625272965,383.0281677246094,0.047878520965576175,0.046463897705078125,0.032090633392333985,0.038548782348632814,0.025776268005371094,ACTIVE,0,0,0,0,True,True,False,False,False,False,,,,,,,,,,6.0,3.0,20.0,0.25
emg,6423685792,5521543,1,,,13212,1.6515,0.004006659299989224,260.4734191894531,0.03255917739868164,0.046463897705078125,0.032090633392333985,0.038548782348632814,0.025776268005371094,ACTIVE,0,0,0,0,True,True,False,False,False,False,,,,,,,,,,6.0,3.0,20.0,0.25
emg,6423790468,5521633,1,,,12902,1.6127500000000001,-0.032406265056249994,220.96385192871094,0.027620481491088866,0.046463897705078125,0.032090633392333985,0.038548782348632814,0.025776268005371094,ACTIVE,0,0,0,0,True,True,False,False,False,False,,,,,,,,,,6.0,3.0,20.0,0.25
emg,6423895694,5521723,1,,,12863,1.607875,-0.03383189137534526,341.1056823730469,0.04263821029663086,0.046463897705078125,0.032090633392333985,0.038548782348632814,0.025776268005371094,ACTIVE,0,0,0,0,True,True,False,False,False,False,,,,,,,,,,6.0,3.0,20.0,0.25
emg,6423999806,5521813,1,,,13050,1.63125,-0.00786736089089568,230.0519256591797,0.028756490707397463,0.046463897705078125,0.032090633392333985,0.038548782348632814,0.025776268005371094,ACTIVE,0,0,0,0,True,True,False,False,False,False,,,,,,,,,,6.0,3.0,20.0,0.25
imu,6424080431,,,641994,1,,,,,,,,,,,,,,,,,,,,,-0.174560546875,-0.0740966796875,0.9095458984375,-0.03816793893129771,0.09923664122137404,0.0,,,,6.0,3.0,20.0,0.25
emg,6424209144,5521993,1,,,12996,1.6245,-0.013840561739300261,141.93634033203125,0.017742042541503907,0.046463897705078125,0.032090633392333985,0.038548782348632814,0.025776268005371094,REFRACTORY,0,0,0,0,False,False,False,False,False,False,,,,,,,,,,6.0,3.0,20.0,0.25
emg,6424314545,5522083,1,,,12985,1.623125,-0.01505238102954598,149.325927734375,0.018665740966796875,0.046463897705078125,0.032090633392333985,0.038548782348632814,0.025776268005371094,REFRACTORY,0,0,0,0,False,False,False,False,False,False,,,,,,,,,,6.0,3.0,20.0,0.25
emg,6424406911,5522163,1,,,13157,1.644625,0.005787544815761603,106.7518310546875,0.013343978881835937,0.046463897705078125,0.032090633392333985,0.038548782348632814,0.025776268005371094,REST,0,0,0,0,False,False,False,False,False,False,,,,,,,,,,6.0,3.0,20.0,0.25
emg,6424511519,5522253,1,,,12939,1.617375,-0.022396009456477017,163.87266540527344,0.020484083175659182,0.04672816848754883,0.0322494010925293,0.038548782348632814,0.025776268005371094,REST,0,0,0,0,False,False,False,False,False,False,,,,,,,,,,6.0,3.0,20.0,0.25
imu,6424600429,,,642046,1,,,,,,,,,,,,,,,,,,,,,-0.1746826171875,-0.07568359375,0.9144287109375,0.0,0.10687022900763359,0.08396946564885496,,,,6.0,3.0,20.0,0.25
emg,6424720868,5522433,1,,,13257,1.657125,0.01605502082235133,148.0184326171875,0.018502304077148438,0.04672816848754883,0.0322494010925293,0.038548782348632814,0.025776268005371094,REST,0,0,0,0,False,False,False,False,False,False,,,,,,,,,,6.0,3.0,20.0,0.25
emg,6424825851,5522523,1,,,13312,1.6640000000000001,0.022645496240529583,159.535888671875,0.019941986083984377,0.04672816848754883,0.0322494010925293,0.038548782348632814,0.025776268005371094,REST,0,0,0,0,False,False,False,False,False,False,,,,,,,,,,6.0,3.0,20.0,0.25
emg,6424930205,5522613,1,,,13069,1.633625,-0.007971091407796838,160.19078063964844,0.020023847579956056,0.04672816848754883,0.0322494010925293,0.038548782348632814,0.025776268005371094,REST,0,0,0,0,False,False,False,False,False,False,,,,,,,,,,6.0,3.0,20.0,0.25
emg,6425034874,5522703,1,,,13113,1.639125,-0.0030704990441672297,188.99484252929688,0.02362435531616211,0.04672816848754883,0.0322494010925293,0.038548782348632814,0.025776268005371094,REST,0,0,0,0,False,False,False,False,False,False,,,,,,,,,,6.0,3.0,20.0,0.25
emg,6425139542,5522793,1,,,13185,1.648125,0.0053604259415420685,162.62762451171875,0.020328453063964844,0.04672816848754883,0.0322494010925293,0.038548782348632814,0.025776268005371094,REST,0,0,0,0,False,False,False,False,False,False,,,,,,,,,,6.0,3.0,20.0,0.25
emg,6425244768,5522883,1,,,13344,1.668,0.024323125766879228,194.87112426757812,0.024358890533447267,0.04672816848754883,0.0322494010925293,0.038548782348632814,0.025776268005371094,REST,0,0,0,0,False,False,False,False,False,False,,,,,,,,,,6.0,3.0,20.0,0.25
emg,6425350048,5522974,1,,,13077,1.634625,-0.009637830214091814,146.94113159179688,0.01836764144897461,0.04672816848754883,0.0322494010925293,0.038548782348632814,0.025776268005371094,REST,0,0,0,0,False,False,False,False,False,False,,,,,,,,,,6.0,3.0,20.0,0.25
emg,6425454715,5523064,1,,,13068,1.6335,-0.011306789245996818,160.0228729248047,0.020002859115600586,0.04672816848754883,0.0322494010925293,0.038548782348632814,0.025776268005371094,REST,0,0,0,0,False,False,False,False,False,False,,,,,,,,,,6.0,3.0,20.0,0.25
emg,6425559385,5523154,1,,,13246,1.65575,0.010507668566299033,135.36912536621094,0.016921140670776366,0.04674674987792969,0.03228422164916992,0.038548782348632814,0.025776268005371094,REST,0,0,0,0,False,False,False,False,False,False,,,,,,,,,,6.0,3.0,20.0,0.25
emg,6425664050,5523244,1,,,13357,1.6696250000000001,0.02357724315507892,143.16477966308594,0.017895597457885742,0.04674674987792969,0.03228422164916992,0.038548782348632814,0.025776268005371094,REST,0,0,0,0,False,False,False,False,False,False,,,,,,,,,,6.0,3.0,20.0,0.25
emg,6425768730,5523334,1,,,12981,1.622625,-0.023542879040521658,112.60740661621094,0.014075925827026367,0.04674674987792969,0.03228422164916992,0.038548782348632814,0.025776268005371094,REST,0,0,0,0,False,False,False,False,False,False,,,,,,,,,,6.0,3.0,20.0,0.25
emg,6425873397,5523424,1,,,12995,1.6243750000000001,-0.021437021889303853,141.83486938476562,0.017729358673095705,0.04674674987792969,0.03228422164916992,0.038548782348632814,0.025776268005371094,REST,0,0,0,0,False,False,False,False,False,False,,,,,,,,,,6.0,3.0,20.0,0.25
emg,6425978058,5523514,1,,,13227,1.653375,0.00771057499689598,117.70210266113281,0.014712762832641602,0.04674674987792969,0.03228422164916992,0.038548782348632814,0.025776268005371094,REST,0,0,0,0,False,False,False,False,False,False,,,,,,,,,,6.0,3.0,20.0,0.25
emg,6426082735,5523604,1,,,13437,1.6796250000000001,0.03397143411839276,122.55777740478516,0.015319722175598145,0.04674674987792969,0.03228422164916992,0.038548782348632814,0.025776268005371094,REST,0,0,0,0,False,False,False,False,False,False,,,,,,,,,,6.0,3.0,20.0,0.25
emg,6426187411,5523694,1,,,13154,1.64425,-0.0020203381172938517,138.3075408935547,0.017288442611694335,0.04674674987792969,0.03228422164916992,0.038548782348632814,0.025776268005371094,REST,0,0,0,0,False,False,False,False,False,False,,,,,,,,,,6.0,3.0,20.0,0.25
emg,6426292070,5523784,1,,,13078,1.63475,-0.011696029143599018,114.2685317993164,0.014283566474914551,0.04674674987792969,0.03228422164916992,0.038548782348632814,0.025776268005371094,REST,0,0,0,0,False,False,False,False,False,False,,,,,,,,,,6.0,3.0,20.0,0.25
emg,6426396745,5523874,1,,,13274,1.6592500000000001,0.011922336340591588,121.16487884521484,0.015145609855651856,0.04674674987792969,0.03228422164916992,0.038548782348632814,0.025776268005371094,REST,0,0,0,0,False,False,False,False,False,False,,,,,,,,,,6.0,3.0,20.0,0.25
emg,6426501415,5523964,1,,,13401,1.675125,0.026867406016868767,196.31072998046875,0.024538841247558594,0.04674674987792969,0.03228422164916992,0.038548782348632814,0.025776268005371094,REST,0,0,0,0,False,False,False,False,False,False,,,,,,,,,,6.0,3.0,20.0,0.25
emg,6426596712,5524045,1,,,13176,1.647,-0.002214720975219908,157.97129821777344,0.01974641227722168,0.04651920700073242,0.032182491302490235,0.038548782348632814,0.025776268005371094,REST,0,0,0,0,False,False,False,False,False,False,,,,,,,,,,6.0,3.0,20.0,0.25
imu,6426680426,,,642254,1,,,,,,,,,,,,,,,,,,,,,-0.17236328125,-0.076171875,0.9100341796875,-0.07633587786259542,0.08396946564885496,0.007633587786259542,,,,6.0,3.0,20.0,0.25
emg,6426816581,5524235,1,,,13197,1.6496250000000001,-0.0013988678021892298,94.80594635009766,0.011850743293762208,0.04651920700073242,0.032182491302490235,0.038548782348632814,0.025776268005371094,REST,0,0,0,0,False,False,False,False,False,False,,,,,,,,,,6.0,3.0,20.0,0.25
emg,6426921258,5524325,1,,,13413,1.676625,0.02488287792379218,142.38104248046875,0.017797630310058595,0.04651920700073242,0.032182491302490235,0.038548782348632814,0.025776268005371094,REST,0,0,0,0,False,False,False,False,False,False,,,,,,,,,,6.0,3.0,20.0,0.25
emg,6427014304,5524405,1,,,13133,1.6416250000000001,-0.010384456334592063,144.78533935546875,0.018098167419433594,0.04651920700073242,0.032182491302490235,0.038548782348632814,0.025776268005371094,REST,0,0,0,0,False,False,False,False,False,False,,,,,,,,,,6.0,3.0,20.0,0.25
emg,6427119545,5524495,1,,,13397,1.674625,0.021898916995146678,153.94595336914062,0.01924324417114258,0.04651920700073242,0.032182491302490235,0.038548782348632814,0.025776268005371094,REST,0,0,0,0,False,False,False,False,False,False,,,,,,,,,,6.0,3.0,20.0,0.25
imu,6427200431,,,642306,1,,,,,,,,,,,,,,,,,,,,,-0.1746826171875,-0.075927734375,0.9124755859375,-0.09923664122137404,0.03816793893129771,0.11450381679389313,,,,6.0,3.0,20.0,0.25
emg,6427328308,5524675,1,,,13297,1.662125,0.007982662881825364,159.03497314453125,0.019879371643066406,0.04651920700073242,0.032182491302490235,0.038548782348632814,0.025776268005371094,REST,0,0,0,0,False,False,False,False,False,False,,,,,,,,,,6.0,3.0,20.0,0.25
emg,6427432982,5524765,1,,,13152,1.6440000000000001,-0.010768318767951479,127.32723236083984,0.01591590404510498,0.04651920700073242,0.032182491302490235,0.038548782348632814,0.025776268005371094,REST,0,0,0,0,False,False,False,False,False,False,,,,,,,,,,6.0,3.0,20.0,0.25
emg,6427538264,5524855,1,,,13186,1.64825,-0.006671815373042511,153.64825439453125,0.019206031799316407,0.04579808807373047,0.03181089401245117,0.038548782348632814,0.025776268005371094,REST,0,0,0,0,False,False,False,False,False,False,,,,,,,,,,6.0,3.0,20.0,0.25
emg,6427642341,5524945,1,,,13301,1.662625,0.007945853843838835,113.85283660888672,0.01423160457611084,0.04579808807373047,0.03181089401245117,0.038548782348632814,0.025776268005371094,REST,0,0,0,0,False,False,False,False,False,False,,,,,,,,,,6.0,3.0,20.0,0.25
emg,6427746983,5525035,1,,,13241,1.655125,0.0010064616968974427,90.61783599853516,0.011327229499816896,0.04579808807373047,0.03181089401245117,0.038548782348632814,0.025776268005371094,REST,0,0,0,0,False,False,False,False,False,False,,,,,,,,,,6.0,3.0,20.0,0.25
emg,6427851658,5525125,1,,,13080,1.635,-0.019168762593545274,122.20295715332031,0.01527536964416504,0.04579808807373047,0.03181089401245117,0.038548782348632814,0.025776268005371094,REST,0,0,0,0,False,False,False,False,False,False,,,,,,,,,,6.0,3.0,20.0,0.25
emg,6427956334,5525215,1,,,13180,1.6475,-0.00635248399969246,149.27418518066406,0.01865927314758301,0.04579808807373047,0.03181089401245117,0.038548782348632814,0.025776268005371094,REST,0,0,0,0,False,False,False,False,False,False,,,,,,,,,,6.0,3.0,20.0,0.25
emg,6428061178,5525305,1,,,13424,1.678,0.024510018367980058,130.790771484375,0.016348846435546877,0.04579808807373047,0.03181089401245117,0.038548782348632814,0.025776268005371094,REST,0,0,0,0,False,False,False,False,False,False,,,,,,,,,,6.0,3.0,20.0,0.25
emg,6428165675,5525395,1,,,13384,1.673,0.01982768895129272,155.79852294921875,0.019474815368652344,0.04579808807373047,0.03181089401245117,0.038548782348632814,0.025776268005371094,REST,0,0,0,0,False,False,False,False,False,False,,,,,,,,,,6.0,3.0,20.0,0.25
emg,6428270338,5525485,1,,,13088,1.6360000000000001,-0.01689673447457052,130.88519287109375,0.01636064910888672,0.04579808807373047,0.03181089401245117,0.038548782348632814,0.025776268005371094,REST,0,0,0,0,False,False,False,False,False,False,,,,,,,,,,6.0,3.0,20.0,0.25
emg,6428375014,5525575,1,,,13138,1.64225,-0.010725027830827738,82.86570739746094,0.010358213424682617,0.04579808807373047,0.03181089401245117,0.038548782348632814,0.025776268005371094,REST,0,0,0,0,False,False,False,False,False,False,,,,,,,,,,6.0,3.0,20.0,0.25
emg,6428480239,5525665,1,,,13285,1.660625,0.007956797989663977,131.13211059570312,0.01639151382446289,0.04579808807373047,0.03181089401245117,0.038548782348632814,0.025776268005371094,REST,0,0,0,0,False,False,False,False,False,False,,,,,,,,,,6.0,3.0,20.0,0.25
emg,6428584355,5525755,1,,,13353,1.669125,0.016417296798730607,113.24732208251953,0.014155915260314941,0.04500976181030274,0.031392732620239255,0.038548782348632814,0.025776268005371094,REST,0,0,0,0,False,False,False,False,False,False,,,,,,,,,,6.0,3.0,20.0,0.25
emg,6428689018,5525845,1,,,13120,1.6400000000000001,-0.012493356422461854,107.33094024658203,0.013416367530822754,0.04500976181030274,0.031392732620239255,0.038548782348632814,0.025776268005371094,REST,0,0,0,0,False,False,False,False,False,False,,,,,,,,,,6.0,3.0,20.0,0.25
emg,6428793688,5525935,1,,,13100,1.6375,-0.015005677888749291,129.0424041748047,0.016130300521850587,0.04500976181030274,0.031392732620239255,0.038548782348632814,0.025776268005371094,REST,0,0,0,0,False,False,False,False,False,False,,,,,,,,,,6.0,3.0,20.0,0.25
emg,6428899199,5526025,1,,,13190,1.64875,-0.003263698958992922,140.3076629638672,0.017538457870483398,0.04500976181030274,0.031392732620239255,0.038548782348632814,0.025776268005371094,REST,0,0,0,0,False,False,False,False,False,False,,,,,,,,,,6.0,3.0,20.0,0.25
emg,6429003046,5526115,1,,,13289,1.661125,0.009104802951964697,116.26331329345703,0.014532914161682129,0.04500976181030274,0.031392732620239255,0.038548782348632814,0.025776268005371094,REST,0,0,0,0,False,False,False,False,False,False,,,,,,,,,,6.0,3.0,20.0,0.25
emg,6429107705,5526205,1,,,13237,1.654625,0.0024526488842324667,171.14035034179688,0.021392543792724608,0.04500976181030274,0.031392732620239255,0.038548782348632814,0.025776268005371094,REST,0,0,0,0,False,False,False,False,False,False,,,,,,,,,,6.0,3.0,20.0,0.25
emg,6429201901,5526286,1,,,13308,1.6635,0.011781009774483264,104.90870666503906,0.013113588333129884,0.04500976181030274,0.031392732620239255,0.038548782348632814,0.025776268005371094,REST,0,0,0,0,False,False,False,False,False,False,,,,,,,,,,6.0,3.0,20.0,0.25
imu,6429280436,,,642514,1,,,,,,,,,,,,,,,,,,,,,-0.1754150390625,-0.07666015625,0.9078369140625,-0.05343511450381679,0.06870229007633588,0.03816793893129771,,,,6.0,3.0,20.0,0.25
emg,6429422876,5526476,1,,,13415,1.6768750000000001,0.025846203989549288,148.4940643310547,0.018561758041381837,0.04500976181030274,0.031392732620239255,0.038548782348632814,0.025776268005371094,REST,0,0,0,0,False,False,False,False,False,False,,,,,,,,,,6.0,3.0,20.0,0.25
emg,6429515921,5526556,1,,,13009,1.626125,-0.02470640261033763,136.07965087890625,0.01700995635986328,0.044229045867919925,0.030972965240478517,0.038548782348632814,0.025776268005371094,REST,0,0,0,0,False,False,False,False,False,False,,,,,,,,,,6.0,3.0,20.0,0.25
emg,6429620581,5526646,1,,,13360,1.67,0.019455814322279386,100.24008178710938,0.012530010223388672,0.044229045867919925,0.030972965240478517,0.038548782348632814,0.025776268005371094,REST,0,0,0,0,False,False,False,False,False,False,,,,,,,,,,6.0,3.0,20.0,0.25
emg,6429725251,5526736,1,,,13262,1.65775,0.007195887940583123,127.40454864501953,0.015925568580627443,0.044229045867919925,0.030972965240478517,0.038548782348632814,0.025776268005371094,REST,0,0,0,0,False,False,False,False,False,False,,,,,,,,,,6.0,3.0,20.0,0.25
emg,6429829969,5526826,1,,,13068,1.6335,-0.0166760420431753,136.17816162109375,0.01702227020263672,0.044229045867919925,0.030972965240478517,0.038548782348632814,0.025776268005371094,REST,0,0,0,0,False,False,False,False,False,False,,,,,,,,,,6.0,3.0,20.0,0.25
emg,6429934601,5526916,1,,,13067,1.633375,-0.016722571225525673,114.3829345703125,0.014297866821289062,0.044229045867919925,0.030972965240478517,0.038548782348632814,0.025776268005371094,REST,0,0,0,0,False,False,False,False,False,False,,,,,,,,,,6.0,3.0,20.0,0.25
emg,6430039261,5527006,1,,,13399,1.6748750000000001,0.0241283546640354,142.6359405517578,0.017829492568969728,0.044229045867919925,0.030972965240478517,0.038548782348632814,0.025776268005371094,REST,0,0,0,0,False,False,False,False,False,False,,,,,,,,,,6.0,3.0,20.0,0.25
emg,6430143928,5527096,1,,,13379,1.672375,0.021303520950248345,131.1789093017578,0.016397363662719728,0.044229045867919925,0.030972965240478517,0.038548782348632814,0.025776268005371094,REST,0,0,0,0,False,False,False,False,False,False,,,,,,,,,,6.0,3.0,20.0,0.25
emg,6430248596,5527186,1,,,13082,1.63525,-0.015793385614185862,110.32011413574219,0.013790014266967774,0.044229045867919925,0.030972965240478517,0.038548782348632814,0.025776268005371094,REST,0,0,0,0,False,False,False,False,False,False,,,,,,,,,,6.0,3.0,20.0,0.25
emg,6430353276,5527276,1,,,13049,1.631125,-0.019760773822150357,103.75955200195312,0.01296994400024414,0.044229045867919925,0.030972965240478517,0.038548782348632814,0.025776268005371094,REST,0,0,0,0,False,False,False,False,False,False,,,,,,,,,,6.0,3.0,20.0,0.25
emg,6430457943,5527366,1,,,13256,1.657,0.0062662359498908415,111.03304290771484,0.013879130363464356,0.044229045867919925,0.030972965240478517,0.038548782348632814,0.025776268005371094,REST,0,0,0,0,False,False,False,False,False,False,,,,,,,,,,6.0,3.0,20.0,0.25
emg,6430562604,5527456,1,,,13347,1.668375,0.01780423382881202,157.50054931640625,0.01968756866455078,0.043387081146240236,0.030511451721191407,0.038548782348632814,0.025776268005371094,REST,0,0,0,0,False,False,False,False,False,False,,,,,,,,,,6.0,3.0,20.0,0.25
emg,6430667283,5527546,1,,,13094,1.63675,-0.013737332622949072,85.52433013916016,0.010690541267395019,0.043387081146240236,0.030511451721191407,0.038548782348632814,0.025776268005371094,REST,0,0,0,0,False,False,False,False,False,False,,,,,,,,,,6.0,3.0,20.0,0.25
emg,6430773682,5527637,1,,,13062,1.63275,-0.01739366819985455,121.76799011230469,0.015220998764038086,0.043387081146240236,0.030511451721191407,0.038548782348632814,0.025776268005371094,REST,0,0,0,0,False,False,False,False,False,False,,,,,,,,,,6.0,3.0,20.0,0.25
emg,6430877813,5527727,1,,,13204,1.6505,0.0006043445502950107,135.6878662109375,0.01696098327636719,0.043387081146240236,0.030511451721191407,0.038548782348632814,0.025776268005371094,REST,0,0,0,0,False,False,False,False,False,False,,,,,,,,,,6.0,3.0,20.0,0.25
emg,6430982451,5527817,1,,,13422,1.67775,0.027674560351290012,119.52023315429688,0.01494002914428711,0.043387081146240236,0.030511451721191407,0.038548782348632814,0.025776268005371094,REST,0,0,0,0,False,False,False,False,False,False,,,,,,,,,,6.0,3.0,20.0,0.25
emg,6431087119,5527907,1,,,13181,1.6476250000000001,-0.0026967965204713895,149.40399169921875,0.018675498962402344,0.043387081146240236,0.030511451721191407,0.038548782348632814,0.025776268005371094,REST,0,0,0,0,False,False,False,False,False,False,,,,,,,,,,6.0,3.0,20.0,0.25
emg,6431191800,5527997,1,,,13820,1.7275,0.07594261847763284,284.83966064453125,0.03560495758056641,0.043387081146240236,0.030511451721191407,0.038548782348632814,0.025776268005371094,REST,0,0,0,0,False,False,False,False,False,False,,,,,,,,,,6.0,3.0,20.0,0.25
emg,6431296524,5528087,1,,,13728,1.716,0.06323618560417521,385.3304443359375,0.04816630554199219,0.043387081146240236,0.030511451721191407,0.038548782348632814,0.025776268005371094,CANDIDATE,0,0,0,0,False,False,False,False,False,False,,,,,,,,,,6.0,3.0,20.0,0.25
imu,6431360426,,,642722,1,,,,,,,,,,,,,,,,,,,,,-0.1763916015625,-0.073974609375,0.9130859375,0.2748091603053435,0.15267175572519084,0.0916030534351145,,,,6.0,3.0,20.0,0.25
emg,6431505804,5528267,1,,,11762,1.47025,-0.21831370874925216,3505.104248046875,0.4381380310058594,0.043387081146240236,0.030511451721191407,0.038548782348632814,0.025776268005371094,ACTIVE,0,0,0,0,True,True,False,False,False,False,,,,,,,,,,6.0,3.0,20.0,0.25
emg,6431610480,5528357,1,,,11638,1.45475,-0.21773564977601545,1429.932861328125,0.17874160766601563,0.043387081146240236,0.030511451721191407,0.038548782348632814,0.025776268005371094,ACTIVE,0,0,0,0,True,True,False,False,False,False,,,,,,,,,,6.0,3.0,20.0,0.25
emg,6431704725,5528438,1,,,12370,1.5462500000000001,-0.11498756894890327,930.3775024414062,0.11629718780517578,0.043387081146240236,0.030511451721191407,0.038548782348632814,0.025776268005371094,ACTIVE,0,0,0,0,True,True,False,False,False,False,,,,,,,,,,6.0,3.0,20.0,0.25
emg,6431810510,5528528,1,,,12887,1.610875,-0.042543957758839124,469.2682800292969,0.05865853500366211,0.043387081146240236,0.030511451721191407,0.038548782348632814,0.025776268005371094,ACTIVE,0,0,0,0,True,True,False,False,False,False,,,,,,,,,,6.0,3.0,20.0,0.25
imu,6431880431,,,642774,1,,,,,,,,,,,,,,,,,,,,,-0.1768798828125,-0.077880859375,0.9114990234375,0.07633587786259542,0.08396946564885496,0.05343511450381679,,,,6.0,3.0,20.0,0.25
emg,6432020420,5528709,1,,,13378,1.67225,0.025408598502063118,215.48397827148438,0.026935497283935548,0.043387081146240236,0.030511451721191407,0.038548782348632814,0.025776268005371094,REFRACTORY,0,0,0,0,True,True,False,False,False,False,,,,,,,,,,6.0,3.0,20.0,0.25
emg,6432124530,5528799,1,,,13141,1.642625,-0.0026412260068724436,171.25277709960938,0.02140659713745117,0.043387081146240236,0.030511451721191407,0.038548782348632814,0.025776268005371094,REFRACTORY,0,0,0,0,True,False,False,False,False,False,,,,,,,,,,6.0,3.0,20.0,0.25
emg,6432229190,5528889,1,,,13001,1.625125,-0.01903739093942103,166.11972045898438,0.020764965057373047,0.043387081146240236,0.030511451721191407,0.038548782348632814,0.025776268005371094,REFRACTORY,0,0,0,0,True,False,False,False,False,False,,,,,,,,,,6.0,3.0,20.0,0.25
emg,6432333853,5528979,1,,,12996,1.6245,-0.019164283787923786,111.2391128540039,0.013904889106750489,0.043387081146240236,0.030511451721191407,0.038548782348632814,0.025776268005371094,REFRACTORY,0,0,0,0,False,False,False,False,False,False,,,,,,,,,,6.0,3.0,20.0,0.25
emg,6432439209,5529069,1,,,13161,1.645125,0.0017342339959818265,123.8435287475586,0.015480441093444824,0.043387081146240236,0.030511451721191407,0.038548782348632814,0.025776268005371094,REST,0,0,0,0,False,False,False,False,False,False,,,,,,,,,,6.0,3.0,20.0,0.25
emg,6432543221,5529159,1,,,13295,1.661875,0.018384905551402264,172.144775390625,0.021518096923828126,0.043387081146240236,0.030511451721191407,0.038548782348632814,0.025776268005371094,REST,0,0,0,0,False,False,False,False,False,False,,,,,,,,,,6.0,3.0,20.0,0.25
emg,6432647867,5529249,1,,,13320,1.665,0.02055703956562316,178.6251220703125,0.022328140258789063,0.04251186752319336,0.03003424072265625,0.038548782348632814,0.025776268005371094,REST,0,0,0,0,False,False,False,False,False,False,,,,,,,,,,6.0,3.0,20.0,0.25
emg,6432752540,5529339,1,,,13071,1.633875,-0.012034832668985862,161.46006774902344,0.02018250846862793,0.04251186752319336,0.03003424072265625,0.038548782348632814,0.025776268005371094,REST,0,0,0,0,False,False,False,False,False,False,,,,,,,,,,6.0,3.0,20.0,0.25
emg,6432857210,5529429,1,,,13175,1.646875,-0.00039876210940215095,132.07615661621094,0.016509519577026368,0.04251186752319336,0.03003424072265625,0.038548782348632814,0.025776268005371094,REST,0,0,0,0,False,False,False,False,False,False,,,,,,,,,,6.0,3.0,20.0,0.25
emg,6432962120,5529519,1,,,13432,1.679,0.031116537742515327,178.278076171875,0.022284759521484374,0.04251186752319336,0.03003424072265625,0.038548782348632814,0.025776268005371094,REST,0,0,0,0,False,False,False,False,False,False,,,,,,,,,,6.0,3.0,20.0,0.25
emg,6433066556,5529609,1,,,13252,1.6565,0.007902780372846419,134.36611938476562,0.016795764923095702,0.04251186752319336,0.03003424072265625,0.038548782348632814,0.025776268005371094,REST,0,0,0,0,False,False,False,False,False,False,,,,,,,,,,6.0,3.0,20.0,0.25
emg,6433172380,5529700,1,,,13101,1.637625,-0.01152137699644551,149.47019958496094,0.018683774948120117,0.04251186752319336,0.03003424072265625,0.038548782348632814,0.025776268005371094,REST,0,0,0,0,False,False,False,False,False,False,,,,,,,,,,6.0,3.0,20.0,0.25
emg,6433278213,5529791,1,,,13226,1.65325,0.003936906964084219,146.48565673828125,0.018310707092285158,0.04251186752319336,0.03003424072265625,0.038548782348632814,0.025776268005371094,REST,0,0,0,0,False,False,False,False,False,False,,,,,,,,,,6.0,3.0,20.0,0.25
emg,6433383611,5529881,1,,,13384,1.673,0.023289969301683255,116.90937042236328,0.01461367130279541,0.04251186752319336,0.03003424072265625,0.038548782348632814,0.025776268005371094,REST,0,0,0,0,False,False,False,False,False,False,,,,,,,,,,6.0,3.0,20.0,0.25
emg,6433487576,5529971,1,,,13130,1.64125,-0.008668231256586445,107.52460479736328,0.01344057559967041,0.04251186752319336,0.03003424072265625,0.038548782348632814,0.025776268005371094,REST,0,0,0,0,False,False,False,False,False,False,,,,,,,,,,6.0,3.0,20.0,0.25
emg,6433592223,5530061,1,,,13054,1.63175,-0.018352497552869718,149.50653076171875,0.018688316345214843,0.04251186752319336,0.03003424072265625,0.038548782348632814,0.025776268005371094,REST,0,0,0,0,False,False,False,False,False,False,,,,,,,,,,6.0,3.0,20.0,0.25
emg,6433696896,5530151,1,,,13154,1.64425,-0.005363996403360938,162.06298828125,0.020257873535156252,0.04164390563964844,0.029566179275512697,0.038548782348632814,0.025776268005371094,REST,0,0,0,0,False,False,False,False,False,False,,,,,,,,,,6.0,3.0,20.0,0.25
emg,6433801572,5530241,1,,,13363,1.670375,0.020596693374070885,128.40664672851562,0.016050830841064453,0.04164390563964844,0.029566179275512697,0.038548782348632814,0.025776268005371094,REST,0,0,0,0,False,False,False,False,False,False,,,,,,,,,,6.0,3.0,20.0,0.25
imu,6433920426,,,642978,1,,,,,,,,,,,,,,,,,,,,,-0.175537109375,-0.0762939453125,0.9061279296875,-0.04580152671755725,0.11450381679389313,0.022900763358778626,,,,6.0,3.0,20.0,0.25
imu,6433960426,,,642982,1,,,,,,,,,,,,,,,,,,,,,-0.175048828125,-0.07373046875,0.9139404296875,-0.06870229007633588,0.061068702290076333,0.030534351145038167,,,,6.0,3.0,20.0,0.25
emg,6434115576,5530511,1,,,13136,1.6420000000000001,-0.007801033205520502,151.12347412109375,0.01889043426513672,0.04164390563964844,0.029566179275512697,0.038548782348632814,0.025776268005371094,REST,0,0,0,0,False,False,False,False,False,False,,,,,,,,,,6.0,3.0,20.0,0.25
emg,6434208622,5530591,1,,,13130,1.64125,-0.008745196792754317,150.82533264160156,0.018853166580200195,0.04164390563964844,0.029566179275512697,0.038548782348632814,0.025776268005371094,REST,0,0,0,0,False,False,False,False,False,False,,,,,,,,,,6.0,3.0,20.0,0.25
emg,6434313858,5530681,1,,,13024,1.6280000000000001,-0.021758606764173516,171.02554321289062,0.021378192901611328,0.04164390563964844,0.029566179275512697,0.038548782348632814,0.025776268005371094,REST,0,0,0,0,False,False,False,False,False,False,,,,,,,,,,6.0,3.0,20.0,0.25
emg,6434419123,5530772,1,,,13268,1.6585,0.00902243339732145,134.09690856933594,0.016762113571166994,0.04164390563964844,0.029566179275512697,0.038548782348632814,0.025776268005371094,REST,0,0,0,0,False,False,False,False,False,False,,,,,,,,,,6.0,3.0,20.0,0.25
imu,6434480426,,,643034,1,,,,,,,,,,,,,,,,,,,,,-0.1748046875,-0.0738525390625,0.9134521484375,0.0,0.05343511450381679,0.10687022900763359,,,,6.0,3.0,20.0,0.25
emg,6434628465,5530952,1,,,13178,1.64725,-0.0019071044521539182,200.51304626464844,0.025064130783081055,0.040921463012695315,0.029175846099853516,0.038548782348632814,0.025776268005371094,REST,0,0,0,0,False,False,False,False,False,False,,,,,,,,,,6.0,3.0,20.0,0.25
emg,6434733507,5531042,1,,,13148,1.6435,-0.0054215337625371784,148.3921661376953,0.018549020767211915,0.040921463012695315,0.029175846099853516,0.038548782348632814,0.025776268005371094,REST,0,0,0,0,False,False,False,False,False,False,,,,,,,,,,6.0,3.0,20.0,0.25
emg,6434837805,5531132,1,,,13311,1.663875,0.014759477031069501,56.353858947753906,0.007044232368469239,0.040921463012695315,0.029175846099853516,0.038548782348632814,0.025776268005371094,REST,0,0,0,0,False,False,False,False,False,False,,,,,,,,,,6.0,3.0,20.0,0.25
emg,6434942471,5531222,1,,,13499,1.687375,0.03819888856127007,174.11407470703125,0.021764259338378906,0.040921463012695315,0.029175846099853516,0.038548782348632814,0.025776268005371094,REST,0,0,0,0,False,False,False,False,False,False,,,,,,,,,,6.0,3.0,20.0,0.25
emg,6435047142,5531312,1,,,13127,1.640875,-0.008356741557383973,152.75271606445312,0.01909408950805664,0.040921463012695315,0.029175846099853516,0.038548782348632814,0.025776268005371094,REST,0,0,0,0,False,False,False,False,False,False,,,,,,,,,,6.0,3.0,20.0,0.25
emg,6435152367,5531402,1,,,13105,1.638125,-0.010594247769245335,176.57286071777344,0.02207160758972168,0.040921463012695315,0.029175846099853516,0.038548782348632814,0.025776268005371094,REST,0,0,0,0,False,False,False,False,False,False,,,,,,,,,,6.0,3.0,20.0,0.25
emg,6435256501,5531492,1,,,13097,1.637125,-0.01177886402793038,102.5404281616211,0.012817553520202637,0.040921463012695315,0.029175846099853516,0.038548782348632814,0.025776268005371094,REST,0,0,0,0,False,False,False,False,False,False,,,,,,,,,,6.0,3.0,20.0,0.25
emg,6435361146,5531582,1,,,13338,1.6672500000000001,0.01772902108599994,102.0797348022461,0.012759966850280762,0.040921463012695315,0.029175846099853516,0.038548782348632814,0.025776268005371094,REST,0,0,0,0,False,False,False,False,False,False,,,,,,,,,,6.0,3.0,20.0,0.25
emg,6435465819,5531672,1,,,13287,1.660875,0.011193999095161722,128.9857940673828,0.01612322425842285,0.040921463012695315,0.029175846099853516,0.038548782348632814,0.025776268005371094,REST,0,0,0,0,False,False,False,False,False,False,,,,,,,,,,6.0,3.0,20.0,0.25
emg,6435571598,5531762,1,,,13028,1.6285,-0.02135388642746383,150.9515838623047,0.018868947982788088,0.040921463012695315,0.029175846099853516,0.038548782348632814,0.025776268005371094,REST,0,0,0,0,False,False,False,False,False,False,,,,,,,,,,6.0,3.0,20.0,0.25
emg,6435675186,5531852,1,,,13113,1.639125,-0.010532237465931349,115.4425048828125,0.014430313110351563,0.04027438735961914,0.028827672958374025,0.038548782348632814,0.025776268005371094,REST,0,0,0,0,False,False,False,False,False,False,,,,,,,,,,6.0,3.0,20.0,0.25
emg,6435779837,5531942,1,,,13383,1.6728750000000001,0.023164168368523974,138.9293670654297,0.01736617088317871,0.04027438735961914,0.028827672958374025,0.038548782348632814,0.025776268005371094,REST,0,0,0,0,False,False,False,False,False,False,,,,,,,,,,6.0,3.0,20.0,0.25
emg,6435884501,5532032,1,,,13401,1.675125,0.02506939002282116,172.44879150390625,0.02155609893798828,0.04027438735961914,0.028827672958374025,0.038548782348632814,0.025776268005371094,REST,0,0,0,0,False,False,False,False,False,False,,,,,,,,,,6.0,3.0,20.0,0.25
emg,6435989169,5532122,1,,,12956,1.6195,-0.030511069279878456,144.2611846923828,0.01803264808654785,0.04027438735961914,0.028827672958374025,0.038548782348632814,0.025776268005371094,REST,0,0,0,0,False,False,False,False,False,False,,,,,,,,,,6.0,3.0,20.0,0.25
emg,6436093834,5532212,1,,,13086,1.63575,-0.014020879904623307,151.95986938476562,0.018994983673095704,0.04027438735961914,0.028827672958374025,0.038548782348632814,0.025776268005371094,REST,0,0,0,0,False,False,False,False,False,False,,,,,,,,,,6.0,3.0,20.0,0.25
emg,6436198516,5532302,1,,,13235,1.654375,0.004669677788296855,169.8176727294922,0.021227209091186524,0.04027438735961914,0.028827672958374025,0.038548782348632814,0.025776268005371094,REST,0,0,0,0,False,False,False,False,False,False,,,,,,,,,,6.0,3.0,20.0,0.25
emg,6436303179,5532392,1,,,13225,1.653125,0.00349043892761558,140.14886474609375,0.01751860809326172,0.04027438735961914,0.028827672958374025,0.038548782348632814,0.025776268005371094,REST,0,0,0,0,False,False,False,False,False,False,,,,,,,,,,6.0,3.0,20.0,0.25
emg,6436407842,5532482,1,,,13197,1.6496250000000001,3.797353264856085e-05,152.8681640625,0.0191085205078125,0.04027438735961914,0.028827672958374025,0.038548782348632814,0.025776268005371094,REST,0,0,0,0,False,False,False,False,False,False,,,,,,,,,,6.0,3.0,20.0,0.25
imu,6436520426,,,643238,1,,,,,,,,,,,,,,,,,,,,,-0.1744384765625,-0.07666015625,0.904296875,-0.061068702290076333,0.0916030534351145,0.04580152671755725,,,,6.0,3.0,20.0,0.25
imu,6436560426,,,643242,1,,,,,,,,,,,,,,,,,,,,,-0.1744384765625,-0.0758056640625,0.9151611328125,-0.03816793893129771,0.030534351145038167,0.07633587786259542,,,,6.0,3.0,20.0,0.25
emg,6436721856,5532752,1,,,13408,1.676,0.027290902782165283,159.17137145996094,0.019896421432495117,0.039664222717285154,0.028500415802001952,0.038548782348632814,0.025776268005371094,REST,0,0,0,0,False,False,False,False,False,False,,,,,,,,,,6.0,3.0,20.0,0.25
emg,6436814907,5532832,1,,,13080,1.635,-0.013887533873824465,134.74012756347656,0.01684251594543457,0.039664222717285154,0.028500415802001952,0.038548782348632814,0.025776268005371094,REST,0,0,0,0,False,False,False,False,False,False,,,,,,,,,,6.0,3.0,20.0,0.25
emg,6436919564,5532922,1,,,13248,1.6560000000000001,0.007283335319735906,110.43077087402344,0.01380384635925293,0.039664222717285154,0.028500415802001952,0.038548782348632814,0.025776268005371094,REST,0,0,0,0,False,False,False,False,False,False,,,,,,,,,,6.0,3.0,20.0,0.25
emg,6437025408,5533013,1,,,13181,1.6476250000000001,-0.0009649268836053881,102.95999908447266,0.012869999885559083,0.039664222717285154,0.028500415802001952,0.038548782348632814,0.025776268005371094,REST,0,0,0,0,False,False,False,False,False,False,,,,,,,,,,6.0,3.0,20.0,0.25
emg,6437130083,5533103,1,,,13026,1.62825,-0.02020821673501061,122.02071380615234,0.015252589225769043,0.039664222717285154,0.028500415802001952,0.038548782348632814,0.025776268005371094,REST,0,0,0,0,False,False,False,False,False,False,,,,,,,,,,6.0,3.0,20.0,0.25
emg,6437234739,5533193,1,,,13186,1.64825,-0.00018302974185124832,125.0407485961914,0.015630093574523926,0.039664222717285154,0.028500415802001952,0.038548782348632814,0.025776268005371094,REST,0,0,0,0,False,False,False,False,False,False,,,,,,,,,,6.0,3.0,20.0,0.25
emg,6437339412,5533283,1,,,13297,1.662125,0.013552666282021342,125.4402847290039,0.015680035591125487,0.039664222717285154,0.028500415802001952,0.038548782348632814,0.025776268005371094,REST,0,0,0,0,False,False,False,False,False,False,,,,,,,,,,6.0,3.0,20.0,0.25
emg,6437444088,5533373,1,,,13327,1.665875,0.017347503661452324,181.0858917236328,0.022635736465454102,0.039664222717285154,0.028500415802001952,0.038548782348632814,0.025776268005371094,REST,0,0,0,0,False,False,False,False,False,False,,,,,,,,,,6.0,3.0,20.0,0.25
emg,6437549313,5533463,1,,,12980,1.6225,-0.025537924412184276,126.96342468261719,0.015870428085327147,0.039664222717285154,0.028500415802001952,0.038548782348632814,0.025776268005371094,REST,0,0,0,0,False,False,False,False,False,False,,,,,,,,,,6.0,3.0,20.0,0.25
emg,6437653422,5533553,1,,,13044,1.6305,-0.01731626479093884,143.54354858398438,0.017942943572998048,0.03911507415771485,0.02820588493347168,0.038548782348632814,0.025776268005371094,REST,0,0,0,0,False,False,False,False,False,False,,,,,,,,,,6.0,3.0,20.0,0.25
emg,6437758092,5533643,1,,,13253,1.656625,0.008450028598353976,129.03076171875,0.01612884521484375,0.03911507415771485,0.02820588493347168,0.038548782348632814,0.025776268005371094,REST,0,0,0,0,False,False,False,False,False,False,,,,,,,,,,6.0,3.0,20.0,0.25
emg,6437862757,5533733,1,,,13388,1.6735,0.02481956225329185,116.64823913574219,0.014581029891967775,0.03911507415771485,0.02820588493347168,0.038548782348632814,0.025776268005371094,REST,0,0,0,0,False,False,False,False,False,False,,,,,,,,,,6.0,3.0,20.0,0.25
emg,6437968267,5533823,1,,,12945,1.618125,-0.030759601341928677,154.00680541992188,0.019250850677490234,0.03911507415771485,0.02820588493347168,0.038548782348632814,0.025776268005371094,REST,0,0,0,0,False,False,False,False,False,False,,,,,,,,,,6.0,3.0,20.0,0.25
emg,6438072124,5533913,1,,,13090,1.63625,-0.013715913337560393,127.49669647216797,0.015937087059020996,0.03911507415771485,0.02820588493347168,0.038548782348632814,0.025776268005371094,REST,0,0,0,0,False,False,False,False,False,False,,,,,,,,,,6.0,3.0,20.0,0.25
emg,6438176771,5534003,1,,,13319,1.664875,0.01426302543111646,166.65701293945312,0.02083212661743164,0.03911507415771485,0.02820588493347168,0.038548782348632814,0.025776268005371094,REST,0,0,0,0,False,False,False,False,False,False,,,,,,,,,,6.0,3.0,20.0,0.25
emg,6438283774,5534094,1,,,13327,1.665875,0.015160617356230643,153.09117126464844,0.019136396408081055,0.03911507415771485,0.02820588493347168,0.038548782348632814,0.025776268005371094,REST,0,0,0,0,False,False,False,False,False,False,,,,,,,,,,6.0,3.0,20.0,0.25
emg,6438387836,5534184,1,,,13200,1.6500000000000001,-0.0009189352420801988,159.33470153808594,0.01991683769226074,0.03911507415771485,0.02820588493347168,0.038548782348632814,0.025776268005371094,REST,0,0,0,0,False,False,False,False,False,False,,,,,,,,,,6.0,3.0,20.0,0.25
emg,6438491953,5534274,1,,,12906,1.61325,-0.03792320309820951,192.93560791015625,0.024116950988769533,0.03911507415771485,0.02820588493347168,0.038548782348632814,0.025776268005371094,REST,0,0,0,0,False,False,False,False,False,False,,,,,,,,,,6.0,3.0,20.0,0.25
emg,6438596615,5534364,1,,,13182,1.64775,-0.003583027364085556,140.51296997070312,0.01756412124633789,0.03911507415771485,0.02820588493347168,0.038548782348632814,0.025776268005371094,REST,0,0,0,0,False,False,False,False,False,False,,,,,,,,,,6.0,3.0,20.0,0.25
imu,6438640467,,,643450,1,,,,,,,,,,,,,,,,,,,,,-0.1729736328125,-0.0767822265625,0.9110107421875,-0.08396946564885496,0.09923664122137404,0.07633587786259542,,,,6.0,3.0,20.0,0.25
emg,6438806875,5534544,1,,,13072,1.6340000000000001,-0.0181250258423018,116.08299255371094,0.014510374069213867,0.0386208381652832,0.027940807342529298,0.038548782348632814,0.025776268005371094,REST,0,0,0,0,False,False,False,False,False,False,,,,,,,,,,6.0,3.0,20.0,0.25
emg,6438910644,5534634,1,,,13034,1.62925,-0.022569485034854564,127.09429168701172,0.015886786460876465,0.0386208381652832,0.027940807342529298,0.038548782348632814,0.025776268005371094,REST,0,0,0,0,False,False,False,False,False,False,,,,,,,,,,6.0,3.0,20.0,0.25
emg,6439003678,5534714,1,,,13224,1.653,0.0013930737376557367,153.17323303222656,0.019146654129028322,0.0386208381652832,0.027940807342529298,0.038548782348632814,0.025776268005371094,REST,0,0,0,0,False,False,False,False,False,False,,,,,,,,,,6.0,3.0,20.0,0.25
imu,6439120540,,,643498,1,,,,,,,,,,,,,,,,,,,,,-0.17578125,-0.076416015625,0.909912109375,-0.08396946564885496,0.007633587786259542,0.061068702290076333,,,,6.0,3.0,20.0,0.25
imu,6439160565,,,643502,1,,,,,,,,,,,,,,,,,,,,,-0.17236328125,-0.0767822265625,0.9100341796875,-0.08396946564885496,0.04580152671755725,0.05343511450381679,,,,6.0,3.0,20.0,0.25
emg,6439318256,5534984,1,,,13140,1.6425,-0.00914504246781167,155.98858642578125,0.019498573303222657,0.0386208381652832,0.027940807342529298,0.038548782348632814,0.025776268005371094,REST,0,0,0,0,False,False,False,False,False,False,,,,,,,,,,6.0,3.0,20.0,0.25
emg,6439423508,5535074,1,,,13478,1.68475,0.03242467984840425,214.729248046875,0.026841156005859377,0.0386208381652832,0.027940807342529298,0.038548782348632814,0.025776268005371094,REST,0,0,0,0,False,False,False,False,False,False,,,,,,,,,,6.0,3.0,20.0,0.25
emg,6439528175,5535165,1,,,15080,1.885,0.22805311945575069,852.417724609375,0.10655221557617188,0.0386208381652832,0.027940807342529298,0.038548782348632814,0.025776268005371094,ACTIVE,0,0,0,0,True,True,False,False,False,False,,,,,,,,,,6.0,3.0,20.0,0.25
emg,6439632848,5535255,1,,,7349,0.918625,-0.7864678949904225,9422.12109375,1.17776513671875,0.0386208381652832,0.027940807342529298,0.038548782348632814,0.025776268005371094,ACTIVE,0,0,0,0,True,True,False,False,False,False,,,,,,,,,,6.0,3.0,20.0,0.25
emg,6439737563,5535345,1,,,11684,1.4605000000000001,-0.218757607915826,1885.8773193359375,0.2357346649169922,0.0386208381652832,0.027940807342529298,0.038548782348632814,0.025776268005371094,ACTIVE,0,0,0,0,True,True,False,False,False,False,,,,,,,,,,6.0,3.0,20.0,0.25
emg,6439842193,5535435,1,,,12506,1.56325,-0.10026106841120352,1137.986328125,0.142248291015625,0.0386208381652832,0.027940807342529298,0.038548782348632814,0.025776268005371094,ACTIVE,0,0,0,0,True,True,False,False,False,False,,,,,,,,,,6.0,3.0,20.0,0.25
emg,6439946858,5535525,1,,,12380,1.5475,-0.10308233310915038,949.4768676757812,0.11868460845947267,0.0386208381652832,0.027940807342529298,0.038548782348632814,0.025776268005371094,ACTIVE,0,0,0,0,True,True,False,False,False,False,,,,,,,,,,6.0,3.0,20.0,0.25
emg,6440051525,5535615,1,,,12570,1.57125,-0.0709877686321112,546.2521362304688,0.0682815170288086,0.0386208381652832,0.027940807342529298,0.038548782348632814,0.025776268005371094,ACTIVE,0,0,0,0,True,True,False,False,False,False,,,,,,,,,,6.0,3.0,20.0,0.25
emg,6440156191,5535705,1,,,13026,1.62825,-0.010752365956886223,191.42738342285156,0.023928422927856446,0.0386208381652832,0.027940807342529298,0.038548782348632814,0.025776268005371094,ACTIVE,0,0,0,0,True,True,False,False,False,False,,,,,,,,,,6.0,3.0,20.0,0.25
emg,6440260878,5535795,1,,,13376,1.672,0.03229862484151935,142.96156311035156,0.017870195388793947,0.0386208381652832,0.027940807342529298,0.038548782348632814,0.025776268005371094,REFRACTORY,0,0,0,0,False,False,False,False,False,False,,,,,,,,,,6.0,3.0,20.0,0.25
emg,6440365538,5535885,1,,,13188,1.6485,0.008144060396581887,134.5676727294922,0.016820959091186524,0.0386208381652832,0.027940807342529298,0.038548782348632814,0.025776268005371094,REFRACTORY,0,0,0,0,False,False,False,False,False,False,,,,,,,,,,6.0,3.0,20.0,0.25
emg,6440470201,5535975,1,,,13124,1.6405,-0.0003148518193307748,122.67168426513672,0.01533396053314209,0.0386208381652832,0.027940807342529298,0.038548782348632814,0.025776268005371094,REFRACTORY,0,0,0,0,False,False,False,False,False,False,,,,,,,,,,6.0,3.0,20.0,0.25
emg,6440574878,5536065,1,,,12915,1.6143750000000001,-0.02641037046071726,136.05039978027344,0.01700629997253418,0.0386208381652832,0.027940807342529298,0.038548782348632814,0.025776268005371094,REST,0,0,0,0,False,False,False,False,False,False,,,,,,,,,,6.0,3.0,20.0,0.25
emg,6440679556,5536155,1,,,13333,1.666625,0.025037774184372585,139.58848571777344,0.01744856071472168,0.0386208381652832,0.027940807342529298,0.038548782348632814,0.025776268005371094,REST,0,0,0,0,False,False,False,False,False,False,,,,,,,,,,6.0,3.0,20.0,0.25
emg,6440784213,5536245,1,,,13368,1.671,0.02839535262011328,148.18222045898438,0.018522777557373048,0.03828754806518555,0.02777206039428711,0.038548782348632814,0.025776268005371094,REST,0,0,0,0,False,False,False,False,False,False,,,,,,,,,,6.0,3.0,20.0,0.25
emg,6440888888,5536335,1,,,13011,1.6263750000000001,-0.01691787732732486,177.1210174560547,0.022140127182006836,0.03828754806518555,0.02777206039428711,0.038548782348632814,0.025776268005371094,REST,0,0,0,0,False,False,False,False,False,False,,,,,,,,,,6.0,3.0,20.0,0.25
emg,6440994716,5536426,1,,,13084,1.6355,-0.008441197424796876,152.4993133544922,0.019062414169311523,0.03828754806518555,0.02777206039428711,0.038548782348632814,0.025776268005371094,REST,0,0,0,0,False,False,False,False,False,False,,,,,,,,,,6.0,3.0,20.0,0.25
emg,6441099397,5536516,1,,,13370,1.6712500000000001,0.025918720119527894,183.82579040527344,0.02297822380065918,0.03828754806518555,0.02777206039428711,0.038548782348632814,0.025776268005371094,REST,0,0,0,0,False,False,False,False,False,False,,,,,,,,,,6.0,3.0,20.0,0.25
imu,6441200426,,,643706,1,,,,,,,,,,,,,,,,,,,,,-0.17626953125,-0.0750732421875,0.91064453125,-0.05343511450381679,0.0916030534351145,0.05343511450381679,,,,6.0,3.0,20.0,0.25
imu,6441240426,,,643710,1,,,,,,,,,,,,,,,,,,,,,-0.1748046875,-0.0732421875,0.909423828125,-0.09923664122137404,0.0916030534351145,0.04580152671755725,,,,6.0,3.0,20.0,0.25
emg,6441413401,5536786,1,,,12976,1.622,-0.024686307634419036,122.75962829589844,0.015344953536987305,0.03828754806518555,0.02777206039428711,0.038548782348632814,0.025776268005371094,REST,0,0,0,0,False,False,False,False,False,False,,,,,,,,,,6.0,3.0,20.0,0.25
emg,6441506447,5536866,1,,,13193,1.649125,0.0023017452073450517,127.90216827392578,0.015987771034240723,0.03828754806518555,0.02777206039428711,0.038548782348632814,0.025776268005371094,REST,0,0,0,0,False,False,False,False,False,False,,,,,,,,,,6.0,3.0,20.0,0.25
emg,6441611689,5536956,1,,,12990,1.62375,-0.022492187964355814,127.46341705322266,0.015932927131652834,0.03828754806518555,0.02777206039428711,0.038548782348632814,0.025776268005371094,REST,0,0,0,0,False,False,False,False,False,False,,,,,,,,,,6.0,3.0,20.0,0.25
imu,6441720429,,,643758,1,,,,,,,,,,,,,,,,,,,,,-0.177001953125,-0.0755615234375,0.90869140625,-0.08396946564885496,0.04580152671755725,0.015267175572519083,,,,6.0,3.0,20.0,0.25
imu,6441760463,,,643762,1,,,,,,,,,,,,,,,,,,,,,-0.17333984375,-0.0755615234375,0.9111328125,-0.007633587786259542,0.07633587786259542,0.08396946564885496,,,,6.0,3.0,20.0,0.25
emg,6441925121,5537226,1,,,13215,1.651875,0.006064758503378176,93.08964538574219,0.011636205673217773,0.03805880737304688,0.027663612365722658,0.038548782348632814,0.025776268005371094,REST,0,0,0,0,False,False,False,False,False,False,,,,,,,,,,6.0,3.0,20.0,0.25
emg,6442032349,5537317,1,,,12885,1.610625,-0.034723625032747174,161.78244018554688,0.02022280502319336,0.03805880737304688,0.027663612365722658,0.038548782348632814,0.025776268005371094,REST,0,0,0,0,False,False,False,False,False,False,,,,,,,,,,6.0,3.0,20.0,0.25
emg,6442135630,5537407,1,,,13186,1.64825,0.002960335527375735,166.92425537109375,0.02086553192138672,0.03805880737304688,0.027663612365722658,0.038548782348632814,0.025776268005371094,REST,0,0,0,0,False,False,False,False,False,False,,,,,,,,,,6.0,3.0,20.0,0.25
emg,6442241454,5537498,1,,,13213,1.6516250000000001,0.0059523953680917785,135.37977600097656,0.01692247200012207,0.03805880737304688,0.027663612365722658,0.038548782348632814,0.025776268005371094,REST,0,0,0,0,False,False,False,False,False,False,,,,,,,,,,6.0,3.0,20.0,0.25
emg,6442346873,5537588,1,,,13127,1.640875,-0.005028448819329956,122.71814727783203,0.015339768409729004,0.03805880737304688,0.027663612365722658,0.038548782348632814,0.025776268005371094,REST,0,0,0,0,False,False,False,False,False,False,,,,,,,,,,6.0,3.0,20.0,0.25
emg,6442450821,5537678,1,,,13004,1.6255,-0.020751639950168377,142.8602294921875,0.017857528686523436,0.03805880737304688,0.027663612365722658,0.038548782348632814,0.025776268005371094,REST,0,0,0,0,False,False,False,False,False,False,,,,,,,,,,6.0,3.0,20.0,0.25
emg,6442555466,5537768,1,,,13017,1.627125,-0.01917426248585663,112.4654312133789,0.014058178901672363,0.03805880737304688,0.027663612365722658,0.038548782348632814,0.025776268005371094,REST,0,0,0,0,False,False,False,False,False,False,,,,,,,,,,6.0,3.0,20.0,0.25
emg,6442660137,5537858,1,,,13244,1.6555,0.008865842539267366,102.99688720703125,0.012874610900878906,0.03805880737304688,0.027663612365722658,0.038548782348632814,0.025776268005371094,REST,0,0,0,0,False,False,False,False,False,False,,,,,,,,,,6.0,3.0,20.0,0.25
emg,6442764807,5537948,1,,,13276,1.6595,0.01305502625396504,124.59201049804688,0.015574001312255859,0.03790886688232422,0.027608034133911132,0.038548782348632814,0.025776268005371094,REST,0,0,0,0,False,False,False,False,False,False,,,,,,,,,,6.0,3.0,20.0,0.25
emg,6442869785,5538038,1,,,12928,1.616,-0.02998731640375185,99.74150085449219,0.012467687606811525,0.03790886688232422,0.027608034133911132,0.038548782348632814,0.025776268005371094,REST,0,0,0,0,False,False,False,False,False,False,,,,,,,,,,6.0,3.0,20.0,0.25
emg,6442974153,5538128,1,,,12914,1.61425,-0.031259366254970944,173.92617797851562,0.021740772247314452,0.03790886688232422,0.027608034133911132,0.038548782348632814,0.025776268005371094,REST,0,0,0,0,False,False,False,False,False,False,,,,,,,,,,6.0,3.0,20.0,0.25
emg,6443078819,5538218,1,,,13137,1.642125,-0.0030945000209638973,132.4950714111328,0.016561883926391602,0.03790886688232422,0.027608034133911132,0.038548782348632814,0.025776268005371094,REST,0,0,0,0,False,False,False,False,False,False,,,,,,,,,,6.0,3.0,20.0,0.25
emg,6443183482,5538308,1,,,13280,1.6600000000000001,0.015275052455200111,164.54922485351562,0.020568653106689455,0.03790886688232422,0.027608034133911132,0.038548782348632814,0.025776268005371094,REST,0,0,0,0,False,False,False,False,False,False,,,,,,,,,,6.0,3.0,20.0,0.25
emg,6443288157,5538398,1,,,13055,1.631875,-0.012537242938969628,132.1494598388672,0.0165186824798584,0.03790886688232422,0.027608034133911132,0.038548782348632814,0.025776268005371094,REST,0,0,0,0,False,False,False,False,False,False,,,,,,,,,,6.0,3.0,20.0,0.25
emg,6443392845,5538488,1,,,13034,1.62925,-0.01480157928432213,125.33003234863281,0.015666254043579103,0.03790886688232422,0.027608034133911132,0.038548782348632814,0.025776268005371094,REST,0,0,0,0,False,False,False,False,False,False,,,,,,,,,,6.0,3.0,20.0,0.25
emg,6443498658,5538579,1,,,13171,1.6463750000000001,0.0025632251845033593,121.8363265991211,0.015229540824890137,0.03790886688232422,0.027608034133911132,0.038548782348632814,0.025776268005371094,REST,0,0,0,0,False,False,False,False,False,False,,,,,,,,,,6.0,3.0,20.0,0.25
emg,6443603330,5538669,1,,,13368,1.671,0.026481718082046246,147.22166442871094,0.018402708053588866,0.03790886688232422,0.027608034133911132,0.038548782348632814,0.025776268005371094,REST,0,0,0,0,False,False,False,False,False,False,,,,,,,,,,6.0,3.0,20.0,0.25
emg,6443707995,5538759,1,,,13193,1.649125,0.0038983262221918835,135.20733642578125,0.016900917053222657,0.03790886688232422,0.027608034133911132,0.038548782348632814,0.025776268005371094,REST,0,0,0,0,False,False,False,False,False,False,,,,,,,,,,6.0,3.0,20.0,0.25
imu,6443800426,,,643966,1,,,,,,,,,,,,,,,,,,,,,-0.1766357421875,-0.0745849609375,0.9105224609375,-0.0916030534351145,0.10687022900763359,0.030534351145038167,,,,6.0,3.0,20.0,0.25
imu,6443840429,,,643970,1,,,,,,,,,,,,,,,,,,,,,-0.17724609375,-0.073486328125,0.9085693359375,-0.03816793893129771,0.061068702290076333,0.06870229007633588,,,,6.0,3.0,20.0,0.25
emg,6444022003,5539029,1,,,13564,1.6955,0.04593344576976244,207.08348083496094,0.02588543510437012,0.037807968139648436,0.027578163146972656,0.038548782348632814,0.025776268005371094,REST,0,0,0,0,False,False,False,False,False,False,,,,,,,,,,6.0,3.0,20.0,0.25
emg,6444115050,5539109,1,,,13215,1.651875,0.0010117199230699203,190.7040252685547,0.023838003158569335,0.037807968139648436,0.027578163146972656,0.038548782348632814,0.025776268005371094,REST,0,0,0,0,False,False,False,False,False,False,,,,,,,,,,6.0,3.0,20.0,0.25
emg,6444219726,5539199,1,,,13344,1.668,0.016593237270843497,144.73680114746094,0.018092100143432616,0.037807968139648436,0.027578163146972656,0.038548782348632814,0.025776268005371094,REST,0,0,0,0,False,False,False,False,False,False,,,,,,,,,,6.0,3.0,20.0,0.25
imu,6444320431,,,644018,1,,,,,,,,,,,,,,,,,,,,,-0.174072265625,-0.0758056640625,0.913330078125,-0.0916030534351145,0.061068702290076333,0.022900763358778626,,,,6.0,3.0,20.0,0.25
emg,6444429066,5539379,1,,,13110,1.63875,-0.013449696826071555,128.15415954589844,0.016019269943237303,0.037807968139648436,0.027578163146972656,0.038548782348632814,0.025776268005371094,REST,0,0,0,0,False,False,False,False,False,False,,,,,,,,,,6.0,3.0,20.0,0.25
emg,6444533730,5539469,1,,,13180,1.6475,-0.004462083542064343,111.55286407470703,0.01394410800933838,0.037807968139648436,0.027578163146972656,0.038548782348632814,0.025776268005371094,REST,0,0,0,0,False,False,False,False,False,False,,,,,,,,,,6.0,3.0,20.0,0.25
emg,6444638404,5539559,1,,,13217,1.652125,0.00048554786802079697,162.7386016845703,0.02034232521057129,0.037807968139648436,0.027578163146972656,0.038548782348632814,0.025776268005371094,REST,0,0,0,0,False,False,False,False,False,False,,,,,,,,,,6.0,3.0,20.0,0.25
emg,6444743651,5539649,1,,,13275,1.659375,0.008135349072892373,141.82630920410156,0.017728288650512694,0.03780993270874024,0.027602352142333985,0.038548782348632814,0.025776268005371094,REST,0,0,0,0,False,False,False,False,False,False,,,,,,,,,,6.0,3.0,20.0,0.25
emg,6444848902,5539740,1,,,13075,1.6343750000000001,-0.01612161980080451,136.03854370117188,0.017004817962646485,0.03780993270874024,0.027602352142333985,0.038548782348632814,0.025776268005371094,REST,0,0,0,0,False,False,False,False,False,False,,,,,,,,,,6.0,3.0,20.0,0.25
emg,6444953573,5539830,1,,,12980,1.6225,-0.02689031581234147,175.72634887695312,0.02196579360961914,0.03780993270874024,0.027602352142333985,0.038548782348632814,0.025776268005371094,REST,0,0,0,0,False,False,False,False,False,False,,,,,,,,,,6.0,3.0,20.0,0.25
emg,6445058249,5539920,1,,,13198,1.64975,0.0009549151300813907,169.8102264404297,0.021226278305053713,0.03780993270874024,0.027602352142333985,0.038548782348632814,0.025776268005371094,REST,0,0,0,0,False,False,False,False,False,False,,,,,,,,,,6.0,3.0,20.0,0.25
emg,6445163490,5540010,1,,,13276,1.6595,0.011664786629903778,138.76351928710938,0.01734543991088867,0.03780993270874024,0.027602352142333985,0.038548782348632814,0.025776268005371094,REST,0,0,0,0,False,False,False,False,False,False,,,,,,,,,,6.0,3.0,20.0,0.25
emg,6445267590,5540100,1,,,13030,1.6287500000000001,-0.018335528863516526,147.6086883544922,0.018451086044311525,0.03780993270874024,0.027602352142333985,0.038548782348632814,0.025776268005371094,REST,0,0,0,0,False,False,False,False,False,False,,,,,,,,,,6.0,3.0,20.0,0.25
emg,6445372253,5540190,1,,,13031,1.628875,-0.01707835134502389,215.93133544921875,0.026991416931152343,0.03780993270874024,0.027602352142333985,0.038548782348632814,0.025776268005371094,REST,0,0,0,0,False,False,False,False,False,False,,,,,,,,,,6.0,3.0,20.0,0.25
emg,6445476930,5540280,1,,,13265,1.658125,0.01253066909594902,165.0119171142578,0.020626489639282226,0.03780993270874024,0.027602352142333985,0.038548782348632814,0.025776268005371094,REST,0,0,0,0,False,False,False,False,False,False,,,,,,,,,,6.0,3.0,20.0,0.25
emg,6445582221,5540370,1,,,13292,1.6615,0.015855398411164456,128.45997619628906,0.016057497024536134,0.03780993270874024,0.027602352142333985,0.038548782348632814,0.025776268005371094,REST,0,0,0,0,False,False,False,False,False,False,,,,,,,,,,6.0,3.0,20.0,0.25
emg,6445686283,5540460,1,,,13346,1.66825,0.022513831954980024,168.90406799316406,0.02111300849914551,0.03780993270874024,0.027602352142333985,0.038548782348632814,0.025776268005371094,REST,0,0,0,0,False,False,False,False,False,False,,,,,,,,,,6.0,3.0,20.0,0.25
emg,6445790928,5540550,1,,,13016,1.627,-0.018992463745778787,132.43344116210938,0.01655418014526367,0.037731430053710935,0.027585548400878908,0.038548782348632814,0.025776268005371094,REST,0,0,0,0,False,False,False,False,False,False,,,,,,,,,,6.0,3.0,20.0,0.25
emg,6445895603,5540640,1,,,13058,1.63225,-0.013788013240695118,148.40383911132812,0.018550479888916015,0.037731430053710935,0.027585548400878908,0.038548782348632814,0.025776268005371094,REST,0,0,0,0,False,False,False,False,False,False,,,,,,,,,,6.0,3.0,20.0,0.25
emg,6446002006,5540731,1,,,13311,1.663875,0.017856279172825174,115.1435546875,0.0143929443359375,0.037731430053710935,0.027585548400878908,0.038548782348632814,0.025776268005371094,REST,0,0,0,0,False,False,False,False,False,False,,,,,,,,,,6.0,3.0,20.0,0.25
emg,6446106113,5540821,1,,,13129,1.641125,-0.005421547657423531,134.95289611816406,0.01686911201477051,0.037731430053710935,0.027585548400878908,0.038548782348632814,0.025776268005371094,REST,0,0,0,0,False,False,False,False,False,False,,,,,,,,,,6.0,3.0,20.0,0.25
emg,6446210773,5540911,1,,,13087,1.635875,-0.011667989988089378,166.01634216308594,0.020752042770385743,0.037731430053710935,0.027585548400878908,0.038548782348632814,0.025776268005371094,REST,0,0,0,0,False,False,False,False,False,False,,,,,,,,,,6.0,3.0,20.0,0.25
emg,6446303813,5540991,1,,,13342,1.66775,0.019567688048538034,168.70098876953125,0.021087623596191405,0.037731430053710935,0.027585548400878908,0.038548782348632814,0.025776268005371094,REST,0,0,0,0,False,False,False,False,False,False,,,,,,,,,,6.0,3.0,20.0,0.25
imu,6446400426,,,644226,1,,,,,,,,,,,,,,,,,,,,,-0.173828125,-0.075927734375,0.90966796875,-0.06870229007633588,0.08396946564885496,0.022900763358778626,,,,6.0,3.0,20.0,0.25
imu,6446440431,,,644230,1,,,,,,,,,,,,,,,,,,,,,-0.1768798828125,-0.0770263671875,0.91015625,-0.061068702290076333,0.030534351145038167,0.0916030534351145,,,,6.0,3.0,20.0,0.25
emg,6446617835,5541261,1,,,13349,1.668625,0.018201146971630555,115.56812286376953,0.014446015357971192,0.037731430053710935,0.027585548400878908,0.038548782348632814,0.025776268005371094,REST,0,0,0,0,False,False,False,False,False,False,,,,,,,,,,6.0,3.0,20.0,0.25
emg,6446722496,5541351,1,,,13405,1.6756250000000001,0.024681775457969124,148.40750122070312,0.01855093765258789,0.037731430053710935,0.027585548400878908,0.038548782348632814,0.025776268005371094,REST,0,0,0,0,False,False,False,False,False,False,,,,,,,,,,6.0,3.0,20.0,0.25
emg,6446827166,5541441,1,,,13297,1.662125,0.010932002167514332,182.474609375,0.022809326171875,0.037490859985351566,0.027483903884887695,0.038548782348632814,0.025776268005371094,REST,0,0,0,0,False,False,False,False,False,False,,,,,,,,,,6.0,3.0,20.0,0.25
emg,6446932140,5541531,1,,,13191,1.648875,-0.002673564476623813,133.13780212402344,0.01664222526550293,0.037490859985351566,0.027483903884887695,0.038548782348632814,0.025776268005371094,REST,0,0,0,0,False,False,False,False,False,False,,,,,,,,,,6.0,3.0,20.0,0.25
emg,6447036513,5541621,1,,,13280,1.6600000000000001,0.008294958809972108,113.03551483154297,0.014129439353942872,0.037490859985351566,0.027483903884887695,0.038548782348632814,0.025776268005371094,REST,0,0,0,0,False,False,False,False,False,False,,,,,,,,,,6.0,3.0,20.0,0.25
emg,6447141173,5541711,1,,,13246,1.65575,0.004188356761229084,123.24634552001953,0.015405793190002442,0.037490859985351566,0.027483903884887695,0.038548782348632814,0.025776268005371094,REST,0,0,0,0,False,False,False,False,False,False,,,,,,,,,,6.0,3.0,20.0,0.25
emg,6447247011,5541802,1,,,13132,1.6415,-0.009752520195006165,90.48365783691406,0.011310457229614258,0.037490859985351566,0.027483903884887695,0.038548782348632814,0.025776268005371094,REST,0,0,0,0,False,False,False,False,False,False,,,,,,,,,,6.0,3.0,20.0,0.25
emg,6447354776,5541893,2,,,13054,1.63175,-0.019044032289233348,139.878662109375,0.017484832763671875,0.037490859985351566,0.027483903884887695,0.038548782348632814,0.025776268005371094,REST,0,0,0,0,False,False,False,False,False,False,,,,,,,,,,6.0,3.0,20.0,0.25
emg,6447457530,5541983,1,,,13333,1.666625,0.016015305991268436,103.03026580810547,0.012878783226013183,0.037490859985351566,0.027483903884887695,0.038548782348632814,0.025776268005371094,REST,0,0,0,0,False,False,False,False,False,False,,,,,,,,,,6.0,3.0,20.0,0.25
emg,6447562184,5542073,1,,,13382,1.67275,0.02242828589507151,166.35882568359375,0.02079485321044922,0.037490859985351566,0.027483903884887695,0.038548782348632814,0.025776268005371094,REST,0,0,0,0,False,False,False,False,False,False,,,,,,,,,,6.0,3.0,20.0,0.25
emg,6447666852,5542163,1,,,13107,1.6383750000000001,-0.011853270194721155,109.57059478759766,0.013696324348449708,0.037490859985351566,0.027483903884887695,0.038548782348632814,0.025776268005371094,REST,0,0,0,0,False,False,False,False,False,False,,,,,,,,,,6.0,3.0,20.0,0.25
emg,6447771528,5542253,1,,,13246,1.65575,0.005037362484590746,182.95745849609375,0.02286968231201172,0.03728964233398437,0.027393823623657228,0.038548782348632814,0.025776268005371094,CANDIDATE,0,0,0,0,False,False,False,False,False,False,,,,,,,,,,6.0,3.0,20.0,0.25
emg,6447876524,5542343,1,,,9533,1.191625,-0.4899867063579104,2827.828125,0.353478515625,0.03728964233398437,0.027393823623657228,0.038548782348632814,0.025776268005371094,ACTIVE,0,0,0,0,True,True,False,False,False,False,,,,,,,,,,6.0,3.0,20.0,0.25
emg,6447980867,5542433,1,,,11815,1.476875,-0.18838443605174082,1444.9788818359375,0.18062236022949218,0.03728964233398437,0.027393823623657228,0.038548782348632814,0.025776268005371094,ACTIVE,0,0,0,0,True,True,False,False,False,False,,,,,,,,,,6.0,3.0,20.0,0.25
emg,6448085532,5542523,1,,,12514,1.5642500000000001,-0.08852489343315395,772.5366821289062,0.09656708526611328,0.03728964233398437,0.027393823623657228,0.038548782348632814,0.025776268005371094,ACTIVE,0,0,0,0,True,True,False,False,False,False,,,,,,,,,,6.0,3.0,20.0,0.25
emg,6448190208,5542613,1,,,12659,1.582375,-0.06481256484512854,344.96868896484375,0.04312108612060547,0.03728964233398437,0.027393823623657228,0.038548782348632814,0.025776268005371094,ACTIVE,0,0,0,0,True,True,False,False,False,False,,,,,,,,,,6.0,3.0,20.0,0.25
emg,6448295433,5542703,1,,,13007,1.625875,-0.019379606826462004,219.19822692871094,0.027399778366088867,0.03728964233398437,0.027393823623657228,0.038548782348632814,0.025776268005371094,ACTIVE,0,0,0,0,True,True,False,False,False,False,,,,,,,,,,6.0,3.0,20.0,0.25
emg,6448399557,5542793,1,,,13380,1.6725,0.02745026192801081,138.15618896484375,0.017269523620605468,0.03728964233398437,0.027393823623657228,0.038548782348632814,0.025776268005371094,REFRACTORY,0,0,0,0,False,False,False,False,False,False,,,,,,,,,,6.0,3.0,20.0,0.25
imu,6448480426,,,644434,1,,,,,,,,,,,,,,,,,,,,,-0.17822265625,-0.076416015625,0.9100341796875,-0.08396946564885496,0.12213740458015267,0.05343511450381679,,,,6.0,3.0,20.0,0.25
emg,6448610051,5542974,1,,,13080,1.635,-0.011572239914322324,158.7709197998047,0.019846364974975585,0.03728964233398437,0.027393823623657228,0.038548782348632814,0.025776268005371094,REFRACTORY,0,0,0,0,False,False,False,False,False,False,,,,,,,,,,6.0,3.0,20.0,0.25
emg,6448715249,5543064,1,,,12998,1.6247500000000001,-0.02176097331847937,138.0656280517578,0.017258203506469727,0.03728964233398437,0.027393823623657228,0.038548782348632814,0.025776268005371094,REFRACTORY,0,0,0,0,False,False,False,False,False,False,,,,,,,,,,6.0,3.0,20.0,0.25
emg,6448807769,5543144,1,,,13021,1.627625,-0.018730770896031812,123.0834732055664,0.015385434150695801,0.03728964233398437,0.027393823623657228,0.038548782348632814,0.025776268005371094,REST,0,0,0,0,False,False,False,False,False,False,,,,,,,,,,6.0,3.0,20.0,0.25
emg,6448912427,5543234,1,,,13059,1.6323750000000001,-0.013952792842252482,131.893310546875,0.016486663818359375,0.03728964233398437,0.027393823623657228,0.038548782348632814,0.025776268005371094,REST,0,0,0,0,False,False,False,False,False,False,,,,,,,,,,6.0,3.0,20.0,0.25
imu,6449000431,,,644486,1,,,,,,,,,,,,,,,,,,,,,-0.1744384765625,-0.0750732421875,0.9100341796875,-0.03816793893129771,0.12213740458015267,0.06870229007633588,,,,6.0,3.0,20.0,0.25
emg,6449122339,5543414,1,,,13357,1.6696250000000001,0.02318548182659952,118.5604248046875,0.014820053100585939,0.03728964233398437,0.027393823623657228,0.038548782348632814,0.025776268005371094,REST,0,0,0,0,False,False,False,False,False,False,,,,,,,,,,6.0,3.0,20.0,0.25
emg,6449226465,5543504,1,,,13156,1.6445,-0.0027227009104304756,134.70928955078125,0.016838661193847658,0.03728964233398437,0.027393823623657228,0.038548782348632814,0.025776268005371094,REST,0,0,0,0,False,False,False,False,False,False,,,,,,,,,,6.0,3.0,20.0,0.25
emg,6449331100,5543594,1,,,13022,1.62775,-0.019664517963667638,127.79727172851562,0.015974658966064453,0.03728964233398437,0.027393823623657228,0.038548782348632814,0.025776268005371094,REST,0,0,0,0,False,False,False,False,False,False,,,,,,,,,,6.0,3.0,20.0,0.25
emg,6449435775,5543684,1,,,13097,1.637125,-0.010398495460854473,141.9313507080078,0.017741418838500975,0.03728964233398437,0.027393823623657228,0.038548782348632814,0.025776268005371094,REST,0,0,0,0,False,False,False,False,False,False,,,,,,,,,,6.0,3.0,20.0,0.25
emg,6449540456,5543774,1,,,13293,1.6616250000000001,0.014091412335902609,136.88404846191406,0.01711050605773926,0.03728964233398437,0.027393823623657228,0.038548782348632814,0.025776268005371094,REST,0,0,0,0,False,False,False,False,False,False,,,,,,,,,,6.0,3.0,20.0,0.25
emg,6449645150,5543864,1,,,13233,1.654125,0.006314541731271772,123.50157928466797,0.015437697410583496,0.03728964233398437,0.027393823623657228,0.038548782348632814,0.025776268005371094,REST,0,0,0,0,False,False,False,False,False,False,,,,,,,,,,6.0,3.0,20.0,0.25
emg,6449749791,5543954,1,,,13093,1.636625,-0.01086470611086332,140.7136993408203,0.01758921241760254,0.03703732681274414,0.02726932716369629,0.038548782348632814,0.025776268005371094,REST,0,0,0,0,False,False,False,False,False,False,,,,,,,,,,6.0,3.0,20.0,0.25
emg,6449856776,5544045,1,,,13234,1.65425,0.007548014861071373,142.8309326171875,0.017853866577148436,0.03703732681274414,0.02726932716369629,0.038548782348632814,0.025776268005371094,REST,0,0,0,0,False,False,False,False,False,False,,,,,,,,,,6.0,3.0,20.0,0.25
emg,6449960288,5544135,1,,,13080,1.635,-0.011334150541848498,114.02843475341797,0.014253554344177246,0.03703732681274414,0.02726932716369629,0.038548782348632814,0.025776268005371094,REST,0,0,0,0,False,False,False,False,False,False,,,,,,,,,,6.0,3.0,20.0,0.25
emg,6450066693,5544226,1,,,13276,1.6595,0.012893896801764004,136.13516235351562,0.017016895294189455,0.03703732681274414,0.02726932716369629,0.038548782348632814,0.025776268005371094,REST,0,0,0,0,False,False,False,False,False,False,,,,,,,,,,6.0,3.0,20.0,0.25
emg,6450170791,5544316,1,,,13022,1.62775,-0.019600186586329338,136.20616149902344,0.01702577018737793,0.03703732681274414,0.02726932716369629,0.038548782348632814,0.025776268005371094,REST,0,0,0,0,False,False,False,False,False,False,,,,,,,,,,6.0,3.0,20.0,0.25
emg,6450275461,5544406,1,,,13169,1.646125,-0.0016830760160364555,123.96260070800781,0.015495325088500976,0.03703732681274414,0.02726932716369629,0.038548782348632814,0.025776268005371094,REST,0,0,0,0,False,False,False,False,False,False,,,,,,,,,,6.0,3.0,20.0,0.25
emg,6450380128,5544496,1,,,13389,1.6736250000000001,0.025353698224803933,148.0492706298828,0.018506158828735353,0.03703732681274414,0.02726932716369629,0.038548782348632814,0.025776268005371094,REST,0,0,0,0,False,False,False,False,False,False,,,,,,,,,,6.0,3.0,20.0,0.25
emg,6450484801,5544586,1,,,13280,1.6600000000000001,0.011351262251702687,90.62831115722656,0.011328538894653321,0.03703732681274414,0.02726932716369629,0.038548782348632814,0.025776268005371094,REST,0,0,0,0,False,False,False,False,False,False,,,,,,,,,,6.0,3.0,20.0,0.25
emg,6450589547,5544676,1,,,13076,1.6345,-0.01449251079012659,127.38067626953125,0.015922584533691407,0.03703732681274414,0.02726932716369629,0.038548782348632814,0.025776268005371094,REST,0,0,0,0,False,False,False,False,False,False,,,,,,,,,,6.0,3.0,20.0,0.25
emg,6450694134,5544766,1,,,13019,1.627375,-0.021811462310980634,164.29795837402344,0.02053724479675293,0.03703732681274414,0.02726932716369629,0.038548782348632814,0.025776268005371094,REST,0,0,0,0,False,False,False,False,False,False,,,,,,,,,,6.0,3.0,20.0,0.25
emg,6450798811,5544856,1,,,13379,1.672375,0.022753178860973167,147.149169921875,0.018393646240234374,0.03673276901245117,0.027107606887817385,0.038548782348632814,0.025776268005371094,REST,0,0,0,0,False,False,False,False,False,False,,,,,,,,,,6.0,3.0,20.0,0.25
emg,6450903487,5544946,1,,,13356,1.6695,0.019499580126169924,112.09941864013672,0.014012427330017091,0.03673276901245117,0.027107606887817385,0.038548782348632814,0.025776268005371094,REST,0,0,0,0,False,False,False,False,False,False,,,,,,,,,,6.0,3.0,20.0,0.25
emg,6450997098,5545026,1,,,13269,1.658625,0.008436551997776265,125.51375579833984,0.01568921947479248,0.03673276901245117,0.027107606887817385,0.038548782348632814,0.025776268005371094,REST,0,0,0,0,False,False,False,False,False,False,,,,,,,,,,6.0,3.0,20.0,0.25
imu,6451080426,,,644694,1,,,,,,,,,,,,,,,,,,,,,-0.17529296875,-0.0750732421875,0.907958984375,-0.04580152671755725,0.07633587786259542,0.07633587786259542,,,,6.0,3.0,20.0,0.25
emg,6451218654,5545217,1,,,13207,1.650875,0.0008973806822838437,162.5122833251953,0.020314035415649415,0.03673276901245117,0.027107606887817385,0.038548782348632814,0.025776268005371094,REST,0,0,0,0,False,False,False,False,False,False,,,,,,,,,,6.0,3.0,20.0,0.25
emg,6451311700,5545297,1,,,12992,1.624,-0.025659921405294606,110.40254211425781,0.013800317764282227,0.03673276901245117,0.027107606887817385,0.038548782348632814,0.025776268005371094,REST,0,0,0,0,False,False,False,False,False,False,,,,,,,,,,6.0,3.0,20.0,0.25
emg,6451416534,5545387,1,,,13173,1.646625,-0.002545328247473444,129.94305419921875,0.016242881774902344,0.03673276901245117,0.027107606887817385,0.038548782348632814,0.025776268005371094,REST,0,0,0,0,False,False,False,False,False,False,,,,,,,,,,6.0,3.0,20.0,0.25
emg,6451521042,5545477,1,,,13322,1.6652500000000001,0.016082436585912685,145.3771514892578,0.018172143936157226,0.03673276901245117,0.027107606887817385,0.038548782348632814,0.025776268005371094,REST,0,0,0,0,False,False,False,False,False,False,,,,,,,,,,6.0,3.0,20.0,0.25
imu,6451600530,,,644746,1,,,,,,,,,,,,,,,,,,,,,-0.17236328125,-0.072021484375,0.9091796875,-0.030534351145038167,0.061068702290076333,0.09923664122137404,,,,6.0,3.0,20.0,0.25
emg,6451730383,5545657,1,,,12948,1.6185,-0.02976050514669981,141.61871337890625,0.01770233917236328,0.036412117004394534,0.02692940902709961,0.038548782348632814,0.025776268005371094,REST,0,0,0,0,False,False,False,False,False,False,,,,,,,,,,6.0,3.0,20.0,0.25
emg,6451835606,5545747,1,,,13175,1.646875,-0.0012613482279699717,94.11719512939453,0.011764649391174317,0.036412117004394534,0.02692940902709961,0.038548782348632814,0.025776268005371094,REST,0,0,0,0,False,False,False,False,False,False,,,,,,,,,,6.0,3.0,20.0,0.25
emg,6451939722,5545837,1,,,13273,1.659125,0.011446827201567311,118.27252960205078,0.014784066200256348,0.036412117004394534,0.02692940902709961,0.038548782348632814,0.025776268005371094,REST,0,0,0,0,False,False,False,False,False,False,,,,,,,,,,6.0,3.0,20.0,0.25
emg,6452044384,5545927,1,,,13198,1.64975,0.002051182556839226,102.05827331542969,0.012757284164428711,0.036412117004394534,0.02692940902709961,0.038548782348632814,0.025776268005371094,REST,0,0,0,0,False,False,False,False,False,False,,,,,,,,,,6.0,3.0,20.0,0.25
emg,6452149049,5546017,1,,,13053,1.631625,-0.016504509527,169.37107849121094,0.021171384811401368,0.036412117004394534,0.02692940902709961,0.038548782348632814,0.025776268005371094,REST,0,0,0,0,False,False,False,False,False,False,,,,,,,,,,6.0,3.0,20.0,0.25
emg,6452254547,5546107,1,,,13121,1.640125,-0.008545029304625418,161.0283660888672,0.0201285457611084,0.036412117004394534,0.02692940902709961,0.038548782348632814,0.025776268005371094,REST,0,0,0,0,False,False,False,False,False,False,,,,,,,,,,6.0,3.0,20.0,0.25
emg,6452358412,5546197,1,,,13219,1.652375,0.0034121907520467953,101.26026916503906,0.012657533645629883,0.036412117004394534,0.02692940902709961,0.038548782348632814,0.025776268005371094,REST,0,0,0,0,False,False,False,False,False,False,,,,,,,,,,6.0,3.0,20.0,0.25
emg,6452464224,5546288,1,,,13268,1.6585,0.009840587640867371,113.23753356933594,0.014154691696166993,0.036412117004394534,0.02692940902709961,0.038548782348632814,0.025776268005371094,REST,0,0,0,0,False,False,False,False,False,False,,,,,,,,,,6.0,3.0,20.0,0.25
emg,6452570060,5546379,1,,,13013,1.626625,-0.02164156194876643,138.9283447265625,0.017366043090820314,0.036412117004394534,0.02692940902709961,0.038548782348632814,0.025776268005371094,REST,0,0,0,0,False,False,False,False,False,False,,,,,,,,,,6.0,3.0,20.0,0.25
emg,6452674733,5546469,1,,,13133,1.6416250000000001,-0.006478515394253703,82.76860809326172,0.010346076011657716,0.036412117004394534,0.02692940902709961,0.038548782348632814,0.025776268005371094,REST,0,0,0,0,False,False,False,False,False,False,,,,,,,,,,6.0,3.0,20.0,0.25
emg,6452779395,5546559,1,,,13320,1.665,0.01701016118082377,133.10745239257812,0.016638431549072265,0.03609852981567383,0.02674403190612793,0.038548782348632814,0.025776268005371094,REST,0,0,0,0,False,False,False,False,False,False,,,,,,,,,,6.0,3.0,20.0,0.25
emg,6452884067,5546649,1,,,13224,1.653,0.004700807818754482,115.30789947509766,0.014413487434387208,0.03609852981567383,0.02674403190612793,0.038548782348632814,0.025776268005371094,REST,0,0,0,0,False,False,False,False,False,False,,,,,,,,,,6.0,3.0,20.0,0.25
emg,6452988740,5546739,1,,,13039,1.629875,-0.019094364770958716,134.87428283691406,0.01685928535461426,0.03609852981567383,0.02674403190612793,0.038548782348632814,0.025776268005371094,REST,0,0,0,0,False,False,False,False,False,False,,,,,,,,,,6.0,3.0,20.0,0.25
emg,6453093405,5546829,1,,,13000,1.625,-0.024108552638987035,143.91201782226562,0.017989002227783202,0.03609852981567383,0.02674403190612793,0.038548782348632814,0.025776268005371094,REST,0,0,0,0,False,False,False,False,False,False,,,,,,,,,,6.0,3.0,20.0,0.25
imu,6453160426,,,644902,1,,,,,,,,,,,,,,,,,,,,,-0.175537109375,-0.076416015625,0.90966796875,-0.06870229007633588,0.11450381679389313,0.030534351145038167,,,,6.0,3.0,20.0,0.25
emg,6453302750,5547009,1,,,13246,1.65575,0.006251358369012694,127.2361831665039,0.015904522895812987,0.03609852981567383,0.02674403190612793,0.038548782348632814,0.025776268005371094,REST,0,0,0,0,False,False,False,False,False,False,,,,,,,,,,6.0,3.0,20.0,0.25
emg,6453407413,5547099,1,,,13148,1.6435,-0.006165618553626073,100.0685043334961,0.012508563041687012,0.03609852981567383,0.02674403190612793,0.038548782348632814,0.025776268005371094,REST,0,0,0,0,False,False,False,False,False,False,,,,,,,,,,6.0,3.0,20.0,0.25
emg,6453512090,5547189,1,,,13068,1.6335,-0.01643306738480721,148.99070739746094,0.01862383842468262,0.03609852981567383,0.02674403190612793,0.038548782348632814,0.025776268005371094,REST,0,0,0,0,False,False,False,False,False,False,,,,,,,,,,6.0,3.0,20.0,0.25
emg,6453605136,5547269,1,,,13240,1.655,0.004924101422900895,108.81180572509766,0.013601475715637208,0.03609852981567383,0.02674403190612793,0.038548782348632814,0.025776268005371094,REST,0,0,0,0,False,False,False,False,False,False,,,,,,,,,,6.0,3.0,20.0,0.25
imu,6453680429,,,644954,1,,,,,,,,,,,,,,,,,,,,,-0.1729736328125,-0.07470703125,0.9068603515625,-0.04580152671755725,0.09923664122137404,0.07633587786259542,,,,6.0,3.0,20.0,0.25
emg,6453829589,5547461,1,,,13065,1.633125,-0.0167789382024377,125.92115020751953,0.015740143775939942,0.0357357063293457,0.02652439308166504,0.038548782348632814,0.025776268005371094,REST,0,0,0,0,False,False,False,False,False,False,,,,,,,,,,6.0,3.0,20.0,0.25
emg,6453921476,5547541,1,,,13356,1.6695,0.019345154188523672,128.07656860351562,0.016009571075439454,0.0357357063293457,0.02652439308166504,0.038548782348632814,0.025776268005371094,REST,0,0,0,0,False,False,False,False,False,False,,,,,,,,,,6.0,3.0,20.0,0.25
emg,6454026525,5547631,1,,,13233,1.654125,0.003959531766331681,124.75626373291016,0.01559453296661377,0.0357357063293457,0.02652439308166504,0.038548782348632814,0.025776268005371094,REST,0,0,0,0,False,False,False,False,False,False,,,,,,,,,,6.0,3.0,20.0,0.25
emg,6454130811,5547721,1,,,13006,1.62575,-0.02395290365267222,111.96393585205078,0.013995491981506347,0.0357357063293457,0.02652439308166504,0.038548782348632814,0.025776268005371094,REST,0,0,0,0,False,False,False,False,False,False,,,,,,,,,,6.0,3.0,20.0,0.25
emg,6454235476,5547811,1,,,13208,1.651,0.0011955820798763561,112.8243637084961,0.014103045463562012,0.0357357063293457,0.02652439308166504,0.038548782348632814,0.025776268005371094,REST,0,0,0,0,False,False,False,False,False,False,,,,,,,,,,6.0,3.0,20.0,0.25
emg,6454340149,5547901,1,,,13395,1.674375,0.024677515962539198,135.39990234375,0.01692498779296875,0.0357357063293457,0.02652439308166504,0.038548782348632814,0.025776268005371094,REST,0,0,0,0,False,False,False,False,False,False,,,,,,,,,,6.0,3.0,20.0,0.25
emg,6454445374,5547991,1,,,13322,1.6652500000000001,0.015142532148849863,162.80276489257812,0.020350345611572267,0.0357357063293457,0.02652439308166504,0.038548782348632814,0.025776268005371094,REST,0,0,0,0,False,False,False,False,False,False,,,,,,,,,,6.0,3.0,20.0,0.25
emg,6454549510,5548081,1,,,13007,1.625875,-0.02417820047696484,126.12030792236328,0.01576503849029541,0.0357357063293457,0.02652439308166504,0.038548782348632814,0.025776268005371094,REST,0,0,0,0,False,False,False,False,False,False,,,,,,,,,,6.0,3.0,20.0,0.25
emg,6454654158,5548171,1,,,13175,1.646875,-0.0036058694388436674,125.427734375,0.015678466796875002,0.0357357063293457,0.02652439308166504,0.038548782348632814,0.025776268005371094,REST,0,0,0,0,False,False,False,False,False,False,,,,,,,,,,6.0,3.0,20.0,0.25
emg,6454758821,5548261,1,,,13331,1.666375,0.015754507359163394,112.49302673339844,0.014061628341674804,0.03539041519165039,0.02630796813964844,0.038548782348632814,0.025776268005371094,REST,0,0,0,0,False,False,False,False,False,False,,,,,,,,,,6.0,3.0,20.0,0.25
emg,6454863496,5548351,1,,,13170,1.64625,-0.004516059711528575,107.68568420410156,0.013460710525512695,0.03539041519165039,0.02630796813964844,0.038548782348632814,0.025776268005371094,REST,0,0,0,0,False,False,False,False,False,False,,,,,,,,,,6.0,3.0,20.0,0.25
emg,6454969333,5548442,1,,,13069,1.633625,-0.017002198514109557,105.39166259765625,0.013173957824707032,0.03539041519165039,0.02630796813964844,0.038548782348632814,0.025776268005371094,REST,0,0,0,0,False,False,False,False,False,False,,,,,,,,,,6.0,3.0,20.0,0.25
emg,6455074003,5548532,1,,,13173,1.646625,-0.004275270480821991,118.22209930419922,0.014777762413024902,0.03539041519165039,0.02630796813964844,0.038548782348632814,0.025776268005371094,REST,0,0,0,0,False,False,False,False,False,False,,,,,,,,,,6.0,3.0,20.0,0.25
emg,6455178666,5548622,1,,,13434,1.6792500000000001,0.028671586867767385,131.1468048095703,0.016393350601196288,0.03539041519165039,0.02630796813964844,0.038548782348632814,0.025776268005371094,REST,0,0,0,0,False,False,False,False,False,False,,,,,,,,,,6.0,3.0,20.0,0.25
emg,6455283336,5548712,1,,,13421,1.6776250000000001,0.02638079968308893,142.41563415527344,0.01780195426940918,0.03539041519165039,0.02630796813964844,0.038548782348632814,0.025776268005371094,REST,0,0,0,0,False,False,False,False,False,False,,,,,,,,,,6.0,3.0,20.0,0.25
emg,6455388030,5548802,1,,,13133,1.6416250000000001,-0.010659530214276458,140.46185302734375,0.01755773162841797,0.03539041519165039,0.02630796813964844,0.038548782348632814,0.025776268005371094,REST,0,0,0,0,False,False,False,False,False,False,,,,,,,,,,6.0,3.0,20.0,0.25
emg,6455492676,5548892,1,,,13107,1.6383750000000001,-0.014164543580347688,114.8165054321289,0.014352063179016114,0.03539041519165039,0.02630796813964844,0.038548782348632814,0.025776268005371094,REST,0,0,0,0,False,False,False,False,False,False,,,,,,,,,,6.0,3.0,20.0,0.25
emg,6455597346,5548982,1,,,13341,1.6676250000000001,0.015229159200736975,134.127197265625,0.016765899658203125,0.03539041519165039,0.02630796813964844,0.038548782348632814,0.025776268005371094,REST,0,0,0,0,False,False,False,False,False,False,,,,,,,,,,6.0,3.0,20.0,0.25
emg,6455702019,5549072,1,,,13355,1.669375,0.017061890647850353,152.6766357421875,0.01908457946777344,0.03539041519165039,0.02630796813964844,0.038548782348632814,0.025776268005371094,REST,0,0,0,0,False,False,False,False,False,False,,,,,,,,,,6.0,3.0,20.0,0.25
imu,6455760426,,,645162,1,,,,,,,,,,,,,,,,,,,,,-0.1728515625,-0.074951171875,0.91455078125,-0.030534351145038167,0.07633587786259542,0.07633587786259542,,,,6.0,3.0,20.0,0.25
emg,6455911365,5549252,1,,,14518,1.81475,0.12711454593535976,7502.23095703125,0.9377788696289062,0.03497750473022461,0.026052738189697267,0.038548782348632814,0.025776268005371094,ACTIVE,0,0,0,0,True,True,False,False,False,False,,,,,,,,,,6.0,3.0,20.0,0.25
emg,6456016029,5549342,1,,,13992,1.749,0.07517565566878526,740.833251953125,0.09260415649414062,0.03497750473022461,0.026052738189697267,0.038548782348632814,0.025776268005371094,ACTIVE,0,0,0,0,True,True,False,False,False,False,,,,,,,,,,6.0,3.0,20.0,0.25
emg,6456109069,5549422,1,,,12360,1.545,-0.11876571116514811,891.1393432617188,0.11139241790771484,0.03497750473022461,0.026052738189697267,0.038548782348632814,0.025776268005371094,ACTIVE,0,0,0,0,True,True,False,False,False,False,,,,,,,,,,6.0,3.0,20.0,0.25
emg,6456213739,5549512,1,,,12640,1.58,-0.07528603152724944,736.1119384765625,0.09201399230957032,0.03497750473022461,0.026052738189697267,0.038548782348632814,0.025776268005371094,ACTIVE,0,0,0,0,True,True,False,False,False,False,,,,,,,,,,6.0,3.0,20.0,0.25
imu,6456280431,,,645214,1,,,,,,,,,,,,,,,,,,,,,-0.17578125,-0.072509765625,0.90869140625,-0.061068702290076333,0.061068702290076333,-0.03816793893129771,,,,6.0,3.0,20.0,0.25
emg,6456423083,5549692,1,,,13069,1.633625,-0.013348438852908595,194.99432373046875,0.024374290466308596,0.03497750473022461,0.026052738189697267,0.038548782348632814,0.025776268005371094,ACTIVE,0,0,0,0,True,True,False,False,False,False,,,,,,,,,,6.0,3.0,20.0,0.25
emg,6456527746,5549782,1,,,12983,1.622875,-0.02315149849560849,111.71895599365234,0.013964869499206544,0.03497750473022461,0.026052738189697267,0.038548782348632814,0.025776268005371094,REFRACTORY,0,0,0,0,True,True,False,False,False,False,,,,,,,,,,6.0,3.0,20.0,0.25
emg,6456632421,5549872,1,,,13249,1.656125,0.010266607113587733,141.96717834472656,0.01774589729309082,0.03497750473022461,0.026052738189697267,0.038548782348632814,0.025776268005371094,REFRACTORY,0,0,0,0,False,False,False,False,False,False,,,,,,,,,,6.0,3.0,20.0,0.25
emg,6456737092,5549962,1,,,13292,1.6615,0.015144055344530116,164.46717834472656,0.02055839729309082,0.03497750473022461,0.026052738189697267,0.038548782348632814,0.025776268005371094,REFRACTORY,0,0,0,0,False,False,False,False,False,False,,,,,,,,,,6.0,3.0,20.0,0.25
emg,6456841754,5550052,1,,,13170,1.64625,-9.999563279539103e-05,103.32020568847656,0.01291502571105957,0.03497750473022461,0.026052738189697267,0.038548782348632814,0.025776268005371094,REFRACTORY,0,0,0,0,False,False,False,False,False,False,,,,,,,,,,6.0,3.0,20.0,0.25
emg,6456946429,5550142,1,,,13112,1.639,-0.007338942811358384,98.64956665039062,0.012331195831298828,0.03497750473022461,0.026052738189697267,0.038548782348632814,0.025776268005371094,REST,0,0,0,0,False,False,False,False,False,False,,,,,,,,,,6.0,3.0,20.0,0.25
emg,6457051099,5550232,1,,,13020,1.6275,-0.018254886411691817,131.78750610351562,0.016473438262939455,0.03497750473022461,0.026052738189697267,0.038548782348632814,0.025776268005371094,REST,0,0,0,0,False,False,False,False,False,False,,,,,,,,,,6.0,3.0,20.0,0.25
emg,6457155764,5550322,1,,,13187,1.648375,0.002640548373981977,132.95252990722656,0.01661906623840332,0.03497750473022461,0.026052738189697267,0.038548782348632814,0.025776268005371094,REST,0,0,0,0,False,False,False,False,False,False,,,,,,,,,,6.0,3.0,20.0,0.25
emg,6457261292,5550412,1,,,13337,1.667125,0.02126911215989158,133.48348999023438,0.016685436248779297,0.03497750473022461,0.026052738189697267,0.038548782348632814,0.025776268005371094,REST,0,0,0,0,False,False,False,False,False,False,,,,,,,,,,6.0,3.0,20.0,0.25
emg,6457365111,5550502,1,,,13234,1.65425,0.008113026012412039,140.63568115234375,0.01757946014404297,0.03497750473022461,0.026052738189697267,0.038548782348632814,0.025776268005371094,REST,0,0,0,0,False,False,False,False,False,False,,,,,,,,,,6.0,3.0,20.0,0.25
emg,6457469774,5550592,1,,,13069,1.633625,-0.012759254140395138,134.78140258789062,0.016847675323486327,0.03497750473022461,0.026052738189697267,0.038548782348632814,0.025776268005371094,REST,0,0,0,0,False,False,False,False,False,False,,,,,,,,,,6.0,3.0,20.0,0.25
emg,6457576778,5550683,1,,,13333,1.666625,0.019523241414962866,120.3994140625,0.0150499267578125,0.03497750473022461,0.026052738189697267,0.038548782348632814,0.025776268005371094,REST,0,0,0,0,False,False,False,False,False,False,,,,,,,,,,6.0,3.0,20.0,0.25
emg,6457680840,5550773,1,,,13391,1.673875,0.0261551963668869,127.97252655029297,0.015996565818786623,0.03497750473022461,0.026052738189697267,0.038548782348632814,0.025776268005371094,REST,0,0,0,0,False,False,False,False,False,False,,,,,,,,,,6.0,3.0,20.0,0.25
emg,6457784959,5550863,1,,,13067,1.633375,-0.014339082126625158,127.75674438476562,0.015969593048095705,0.03497750473022461,0.026052738189697267,0.038548782348632814,0.025776268005371094,REST,0,0,0,0,False,False,False,False,False,False,,,,,,,,,,6.0,3.0,20.0,0.25
emg,6457889626,5550953,1,,,13031,1.628875,-0.018370104222371175,137.97418212890625,0.01724677276611328,0.03450061416625977,0.025759456634521484,0.038548782348632814,0.025776268005371094,REST,0,0,0,0,False,False,False,False,False,False,,,,,,,,,,6.0,3.0,20.0,0.25
emg,6457994285,5551043,1,,,13184,1.6480000000000001,0.0007787039364590687,114.5335464477539,0.014316693305969238,0.03450061416625977,0.025759456634521484,0.038548782348632814,0.025776268005371094,REST,0,0,0,0,False,False,False,False,False,False,,,,,,,,,,6.0,3.0,20.0,0.25
emg,6458099897,5551133,1,,,13289,1.661125,0.014014415873943253,102.92225646972656,0.01286528205871582,0.03450061416625977,0.025759456634521484,0.038548782348632814,0.025776268005371094,REST,0,0,0,0,False,False,False,False,False,False,,,,,,,,,,6.0,3.0,20.0,0.25
emg,6458203650,5551223,1,,,13124,1.6405,-0.00663484424443106,96.89380645751953,0.012111725807189942,0.03450061416625977,0.025759456634521484,0.038548782348632814,0.025776268005371094,REST,0,0,0,0,False,False,False,False,False,False,,,,,,,,,,6.0,3.0,20.0,0.25
imu,6458320496,,,645418,1,,,,,,,,,,,,,,,,,,,,,-0.17578125,-0.07568359375,0.9068603515625,-0.022900763358778626,0.061068702290076333,0.03816793893129771,,,,6.0,3.0,20.0,0.25
imu,6458360522,,,645422,1,,,,,,,,,,,,,,,,,,,,,-0.17529296875,-0.0753173828125,0.909423828125,-0.061068702290076333,0.061068702290076333,0.061068702290076333,,,,6.0,3.0,20.0,0.25
emg,6458517648,5551493,1,,,13278,1.65975,0.01076172137057041,134.45970153808594,0.016807462692260744,0.03450061416625977,0.025759456634521484,0.038548782348632814,0.025776268005371094,REST,0,0,0,0,False,False,False,False,False,False,,,,,,,,,,6.0,3.0,20.0,0.25
emg,6458611271,5551573,1,,,13037,1.629625,-0.019312323919068675,126.7002944946289,0.015837536811828614,0.03450061416625977,0.025759456634521484,0.038548782348632814,0.025776268005371094,REST,0,0,0,0,False,False,False,False,False,False,,,,,,,,,,6.0,3.0,20.0,0.25
emg,6458715359,5551663,1,,,13213,1.6516250000000001,0.0027908595840488992,124.44871520996094,0.015556089401245117,0.03450061416625977,0.025759456634521484,0.038548782348632814,0.025776268005371094,REST,0,0,0,0,False,False,False,False,False,False,,,,,,,,,,6.0,3.0,20.0,0.25
emg,6458821185,5551753,1,,,13322,1.6652500000000001,0.016219874588788263,151.82662963867188,0.018978328704833985,0.03450061416625977,0.025759456634521484,0.038548782348632814,0.025776268005371094,REST,0,0,0,0,False,False,False,False,False,False,,,,,,,,,,6.0,3.0,20.0,0.25
emg,6458926954,5551844,1,,,13117,1.639625,-0.009655107883604686,149.74691772460938,0.018718364715576172,0.03399081802368164,0.025442705154418946,0.038548782348632814,0.025776268005371094,REST,0,0,0,0,False,False,False,False,False,False,,,,,,,,,,6.0,3.0,20.0,0.25
emg,6459030555,5551934,1,,,12999,1.624875,-0.024681833364361028,169.6415557861328,0.021205194473266603,0.03399081802368164,0.025442705154418946,0.038548782348632814,0.025776268005371094,REST,0,0,0,0,False,False,False,False,False,False,,,,,,,,,,6.0,3.0,20.0,0.25
emg,6459135201,5552024,1,,,13173,1.646625,-0.0028150953054264516,132.27197265625,0.016533996582031252,0.03399081802368164,0.025442705154418946,0.038548782348632814,0.025776268005371094,REST,0,0,0,0,False,False,False,False,False,False,,,,,,,,,,6.0,3.0,20.0,0.25
emg,6459239865,5552114,1,,,13309,1.6636250000000001,0.013917504421134375,162.31239318847656,0.02028904914855957,0.03399081802368164,0.025442705154418946,0.038548782348632814,0.025776268005371094,REST,0,0,0,0,False,False,False,False,False,False,,,,,,,,,,6.0,3.0,20.0,0.25
emg,6459344535,5552204,1,,,13197,1.6496250000000001,-0.000316075145954553,124.27815246582031,0.01553476905822754,0.03399081802368164,0.025442705154418946,0.038548782348632814,0.025776268005371094,REST,0,0,0,0,False,False,False,False,False,False,,,,,,,,,,6.0,3.0,20.0,0.25
emg,6459449781,5552294,1,,,13041,1.630125,-0.019848565921884553,136.72793579101562,0.017090991973876955,0.03399081802368164,0.025442705154418946,0.038548782348632814,0.025776268005371094,REST,0,0,0,0,False,False,False,False,False,False,,,,,,,,,,6.0,3.0,20.0,0.25
emg,6459553881,5552384,1,,,13174,1.64675,-0.0033492685741827177,118.89276885986328,0.014861596107482911,0.03399081802368164,0.025442705154418946,0.038548782348632814,0.025776268005371094,REST,0,0,0,0,False,False,False,False,False,False,,,,,,,,,,6.0,3.0,20.0,0.25
emg,6459658545,5552474,1,,,13344,1.668,0.017825153304759533,110.5681381225586,0.013821017265319825,0.03399081802368164,0.025442705154418946,0.038548782348632814,0.025776268005371094,REST,0,0,0,0,False,False,False,False,False,False,,,,,,,,,,6.0,3.0,20.0,0.25
emg,6459763208,5552564,1,,,13194,1.64925,-0.0005061506560581908,93.59994506835938,0.011699993133544922,0.03399081802368164,0.025442705154418946,0.038548782348632814,0.025776268005371094,REST,0,0,0,0,False,False,False,False,False,False,,,,,,,,,,6.0,3.0,20.0,0.25
emg,6459867885,5552654,1,,,12932,1.6165,-0.032399942285965544,159.2176513671875,0.019902206420898436,0.03355042266845703,0.025162153244018555,0.038548782348632814,0.025776268005371094,REST,0,0,0,0,False,False,False,False,False,False,,,,,,,,,,6.0,3.0,20.0,0.25
emg,6459972568,5552744,1,,,13048,1.631,-0.016884014249539447,150.9365997314453,0.018867074966430666,0.03355042266845703,0.025162153244018555,0.038548782348632814,0.025776268005371094,REST,0,0,0,0,False,False,False,False,False,False,,,,,,,,,,6.0,3.0,20.0,0.25
emg,6460077220,5552834,1,,,13321,1.665125,0.01724237886539215,120.08963775634766,0.015011204719543458,0.03355042266845703,0.025162153244018555,0.038548782348632814,0.025776268005371094,REST,0,0,0,0,False,False,False,False,False,False,,,,,,,,,,6.0,3.0,20.0,0.25
emg,6460181893,5552924,1,,,13397,1.674625,0.026275093595024668,160.4128875732422,0.020051610946655272,0.03355042266845703,0.025162153244018555,0.038548782348632814,0.025776268005371094,REST,0,0,0,0,False,False,False,False,False,False,,,,,,,,,,6.0,3.0,20.0,0.25
emg,6460287728,5553015,1,,,13156,1.6445,-0.004174465516327164,139.63604736328125,0.017454505920410156,0.03355042266845703,0.025162153244018555,0.038548782348632814,0.025776268005371094,REST,0,0,0,0,False,False,False,False,False,False,,,,,,,,,,6.0,3.0,20.0,0.25
emg,6460392404,5553105,1,,,13142,1.64275,-0.0060977007453244525,129.07510375976562,0.016134387969970704,0.03355042266845703,0.025162153244018555,0.038548782348632814,0.025776268005371094,REST,0,0,0,0,False,False,False,False,False,False,,,,,,,,,,6.0,3.0,20.0,0.25
imu,6460440426,,,645630,1,,,,,,,,,,,,,,,,,,,,,-0.1766357421875,-0.0758056640625,0.91015625,-0.05343511450381679,0.06870229007633588,0.04580152671755725,,,,6.0,3.0,20.0,0.25
emg,6460601733,5553285,1,,,13285,1.660625,0.010569329049708642,160.13865661621094,0.020017332077026367,0.03355042266845703,0.025162153244018555,0.038548782348632814,0.025776268005371094,REST,0,0,0,0,False,False,False,False,False,False,,,,,,,,,,6.0,3.0,20.0,0.25
emg,6460706408,5553375,1,,,13167,1.645875,-0.004501445867820308,134.06741333007812,0.016758426666259766,0.03355042266845703,0.025162153244018555,0.038548782348632814,0.025776268005371094,REST,0,0,0,0,False,False,False,False,False,False,,,,,,,,,,6.0,3.0,20.0,0.25
emg,6460799454,5553455,1,,,13373,1.6716250000000001,0.020864117877755328,139.53836059570312,0.01744229507446289,0.03355042266845703,0.025162153244018555,0.038548782348632814,0.025776268005371094,REST,0,0,0,0,False,False,False,False,False,False,,,,,,,,,,6.0,3.0,20.0,0.25
imu,6460920426,,,645678,1,,,,,,,,,,,,,,,,,,,,,-0.1734619140625,-0.0771484375,0.90478515625,-0.11450381679389313,0.06870229007633588,0.09923664122137404,,,,6.0,3.0,20.0,0.25
imu,6460960426,,,645682,1,,,,,,,,,,,,,,,,,,,,,-0.1729736328125,-0.07958984375,0.9085693359375,-0.061068702290076333,0.05343511450381679,0.06870229007633588,,,,6.0,3.0,20.0,0.25
emg,6461125088,5553735,1,,,13250,1.65625,0.0053229165062287365,149.790283203125,0.018723785400390627,0.033215915679931644,0.024943704605102538,0.038548782348632814,0.025776268005371094,REST,0,0,0,0,False,False,False,False,False,False,,,,,,,,,,6.0,3.0,20.0,0.25
emg,6461218128,5553815,1,,,13407,1.675875,0.025486284608188026,118.7428207397461,0.014842852592468262,0.033215915679931644,0.024943704605102538,0.038548782348632814,0.025776268005371094,REST,0,0,0,0,False,False,False,False,False,False,,,,,,,,,,6.0,3.0,20.0,0.25
emg,6461323613,5553905,1,,,13206,1.65075,0.0003029233093616579,107.16301727294922,0.013395377159118652,0.033215915679931644,0.024943704605102538,0.038548782348632814,0.025776268005371094,REST,0,0,0,0,False,False,False,False,False,False,,,,,,,,,,6.0,3.0,20.0,0.25
emg,6461427492,5553995,1,,,13091,1.6363750000000001,-0.01369271221468571,117.10116577148438,0.014637645721435548,0.033215915679931644,0.024943704605102538,0.038548782348632814,0.025776268005371094,REST,0,0,0,0,False,False,False,False,False,False,,,,,,,,,,6.0,3.0,20.0,0.25
emg,6461533298,5554086,1,,,13222,1.65275,0.0031468855990743894,93.10147857666016,0.011637684822082519,0.033215915679931644,0.024943704605102538,0.038548782348632814,0.025776268005371094,REST,0,0,0,0,False,False,False,False,False,False,,,,,,,,,,6.0,3.0,20.0,0.25
emg,6461637977,5554176,1,,,13401,1.675125,0.025688843863557187,128.15345764160156,0.016019182205200197,0.033215915679931644,0.024943704605102538,0.038548782348632814,0.025776268005371094,REST,0,0,0,0,False,False,False,False,False,False,,,,,,,,,,6.0,3.0,20.0,0.25
emg,6461743199,5554266,1,,,13094,1.63675,-0.012270981873025777,112.48509216308594,0.014060636520385743,0.033215915679931644,0.024943704605102538,0.038548782348632814,0.025776268005371094,REST,0,0,0,0,False,False,False,False,False,False,,,,,,,,,,6.0,3.0,20.0,0.25
emg,6461847318,5554356,1,,,13012,1.6265,-0.021869535583390665,145.35467529296875,0.018169334411621094,0.03281583786010742,0.02468977928161621,0.038548782348632814,0.025776268005371094,REST,0,0,0,0,False,False,False,False,False,False,,,,,,,,,,6.0,3.0,20.0,0.25
emg,6461951981,5554446,1,,,13066,1.63325,-0.014704776592630031,132.3926239013672,0.0165490779876709,0.03281583786010742,0.02468977928161621,0.038548782348632814,0.025776268005371094,REST,0,0,0,0,False,False,False,False,False,False,,,,,,,,,,6.0,3.0,20.0,0.25
emg,6462056646,5554536,1,,,13250,1.65625,0.008573269650006488,120.26242065429688,0.01503280258178711,0.03281583786010742,0.02468977928161621,0.038548782348632814,0.025776268005371094,REST,0,0,0,0,False,False,False,False,False,False,,,,,,,,,,6.0,3.0,20.0,0.25
emg,6462162223,5554626,1,,,13087,1.635875,-0.011496464022554553,107.22013092041016,0.01340251636505127,0.03281583786010742,0.02468977928161621,0.038548782348632814,0.025776268005371094,REST,0,0,0,0,False,False,False,False,False,False,,,,,,,,,,6.0,3.0,20.0,0.25
emg,6462266011,5554716,1,,,13051,1.631375,-0.015674777432017173,87.45843505859375,0.01093230438232422,0.03281583786010742,0.02468977928161621,0.038548782348632814,0.025776268005371094,REST,0,0,0,0,False,False,False,False,False,False,,,,,,,,,,6.0,3.0,20.0,0.25
emg,6462370662,5554806,1,,,13039,1.629875,-0.017332479848984894,141.1887969970703,0.01764859962463379,0.03281583786010742,0.02468977928161621,0.038548782348632814,0.025776268005371094,REST,0,0,0,0,False,False,False,False,False,False,,,,,,,,,,6.0,3.0,20.0,0.25
emg,6462475331,5554896,1,,,13249,1.656125,0.008253614414284183,159.2223663330078,0.019902795791625977,0.03281583786010742,0.02468977928161621,0.038548782348632814,0.025776268005371094,REST,0,0,0,0,False,False,False,False,False,False,,,,,,,,,,6.0,3.0,20.0,0.25
emg,6462580007,5554986,1,,,13402,1.6752500000000001,0.026762248861014415,119.18833923339844,0.014898542404174805,0.03281583786010742,0.02468977928161621,0.038548782348632814,0.025776268005371094,REST,0,0,0,0,False,False,False,False,False,False,,,,,,,,,,6.0,3.0,20.0,0.25
emg,6462685240,5555076,1,,,13140,1.6425,-0.00636694595332421,145.8145751953125,0.01822682189941406,0.03281583786010742,0.02468977928161621,0.038548782348632814,0.025776268005371094,REST,0,0,0,0,False,False,False,False,False,False,,,,,,,,,,6.0,3.0,20.0,0.25
emg,6462790499,5555167,1,,,13154,1.64425,-0.0047410982062612295,134.33847045898438,0.016792308807373046,0.03281583786010742,0.02468977928161621,0.038548782348632814,0.025776268005371094,REST,0,0,0,0,False,False,False,False,False,False,,,,,,,,,,6.0,3.0,20.0,0.25
emg,6462895174,5555257,1,,,13174,1.64675,-0.0024061013233001027,143.5954132080078,0.017949426651000976,0.03244639205932617,0.02445186996459961,0.038548782348632814,0.025776268005371094,REST,0,0,0,0,False,False,False,False,False,False,,,,,,,,,,6.0,3.0,20.0,0.25
emg,6462999844,5555347,1,,,13331,1.666375,0.017365522313459225,115.18563079833984,0.014398203849792481,0.03244639205932617,0.02445186996459961,0.038548782348632814,0.025776268005371094,REST,0,0,0,0,False,False,False,False,False,False,,,,,,,,,,6.0,3.0,20.0,0.25
imu,6463040426,,,645890,1,,,,,,,,,,,,,,,,,,,,,-0.175537109375,-0.0750732421875,0.9083251953125,-0.04580152671755725,0.04580152671755725,0.08396946564885496,,,,6.0,3.0,20.0,0.25
emg,6463209189,5555527,1,,,13025,1.628125,-0.01998526757555985,166.80911254882812,0.020851139068603516,0.03244639205932617,0.02445186996459961,0.038548782348632814,0.025776268005371094,REST,0,0,0,0,False,False,False,False,False,False,,,,,,,,,,6.0,3.0,20.0,0.25
emg,6463313854,5555617,1,,,13074,1.63425,-0.013116546664921902,150.81961059570312,0.01885245132446289,0.03244639205932617,0.02445186996459961,0.038548782348632814,0.025776268005371094,REST,0,0,0,0,False,False,False,False,False,False,,,,,,,,,,6.0,3.0,20.0,0.25
emg,6463406894,5555697,1,,,12963,1.6203750000000001,-0.02666230383380941,141.265380859375,0.017658172607421876,0.03244639205932617,0.02445186996459961,0.038548782348632814,0.025776268005371094,REST,0,0,0,0,False,False,False,False,False,False,,,,,,,,,,6.0,3.0,20.0,0.25
imu,6463520426,,,645938,1,,,,,,,,,,,,,,,,,,,,,-0.1748046875,-0.079345703125,0.914306640625,-0.022900763358778626,0.03816793893129771,0.061068702290076333,,,,6.0,3.0,20.0,0.25
imu,6463560431,,,645942,1,,,,,,,,,,,,,,,,,,,,,-0.1768798828125,-0.0753173828125,0.908203125,-0.022900763358778626,0.06870229007633588,0.007633587786259542,,,,6.0,3.0,20.0,0.25
emg,6463720906,5555967,1,,,13246,1.65575,0.008297278702945832,152.88963317871094,0.019111204147338866,0.03244639205932617,0.02445186996459961,0.038548782348632814,0.025776268005371094,REST,0,0,0,0,False,False,False,False,False,False,,,,,,,,,,6.0,3.0,20.0,0.25
emg,6463825567,5556057,1,,,13005,1.625625,-0.021697822090034125,135.27735900878906,0.016909669876098633,0.03244639205932617,0.02445186996459961,0.038548782348632814,0.025776268005371094,REST,0,0,0,0,False,False,False,False,False,False,,,,,,,,,,6.0,3.0,20.0,0.25
emg,6463930244,5556147,1,,,14447,1.8058750000000001,0.13437672551298885,5535.318359375,0.691914794921875,0.03244639205932617,0.02445186996459961,0.038548782348632814,0.025776268005371094,ACTIVE,0,0,0,0,True,True,False,False,False,False,,,,,,,,,,6.0,3.0,20.0,0.25
emg,6464036657,5556238,1,,,11541,1.442625,-0.2229048455149003,1252.602783203125,0.15657534790039063,0.03244639205932617,0.02445186996459961,0.038548782348632814,0.025776268005371094,ACTIVE,0,0,0,0,True,True,False,False,False,False,,,,,,,,,,6.0,3.0,20.0,0.25
emg,6464143070,5556329,1,,,12918,1.6147500000000001,-0.04111351572139843,691.7080688476562,0.08646350860595703,0.03244639205932617,0.02445186996459961,0.038548782348632814,0.025776268005371094,ACTIVE,0,0,0,0,True,True,False,False,False,False,,,,,,,,,,6.0,3.0,20.0,0.25
emg,6464246577,5556419,1,,,12290,1.5362500000000001,-0.11131256031000558,664.427978515625,0.08305349731445312,0.03244639205932617,0.02445186996459961,0.038548782348632814,0.025776268005371094,ACTIVE,0,0,0,0,True,True,False,False,False,False,,,,,,,,,,6.0,3.0,20.0,0.25
emg,6464351250,5556509,1,,,12823,1.602875,-0.03685608490228898,696.3441772460938,0.08704302215576172,0.03244639205932617,0.02445186996459961,0.038548782348632814,0.025776268005371094,ACTIVE,0,0,0,0,True,True,False,False,False,False,,,,,,,,,,6.0,3.0,20.0,0.25
emg,6464456486,5556599,1,,,12372,1.5465,-0.08418735668785926,868.6198120117188,0.10857747650146485,0.03244639205932617,0.02445186996459961,0.038548782348632814,0.025776268005371094,ACTIVE,0,0,0,0,True,True,False,False,False,False,,,,,,,,,,6.0,3.0,20.0,0.25
emg,6464560593,5556689,1,,,12750,1.59375,-0.029665729331555868,415.74200439453125,0.051967750549316405,0.03244639205932617,0.02445186996459961,0.038548782348632814,0.025776268005371094,ACTIVE,0,0,0,0,True,True,False,False,False,False,,,,,,,,,,6.0,3.0,20.0,0.25
emg,6464665260,5556779,1,,,12936,1.617,-0.004895614344279986,123.52979278564453,0.015441224098205567,0.03244639205932617,0.02445186996459961,0.038548782348632814,0.025776268005371094,ACTIVE,0,0,0,0,True,True,False,False,False,False,,,,,,,,,,6.0,3.0,20.0,0.25
emg,6464769930,5556869,1,,,13044,1.6305,0.006769962516365746,234.28855895996094,0.02928606986999512,0.03244639205932617,0.02445186996459961,0.038548782348632814,0.025776268005371094,ACTIVE,0,0,0,0,True,True,False,False,False,False,,,,,,,,,,6.0,3.0,20.0,0.25
emg,6464875243,5556959,1,,,13350,1.66875,0.04216756408098177,264.59619140625,0.03307452392578125,0.03244639205932617,0.02445186996459961,0.038548782348632814,0.025776268005371094,ACTIVE,0,0,0,0,True,True,False,False,False,False,,,,,,,,,,6.0,3.0,20.0,0.25
emg,6464979291,5557049,1,,,13592,1.699,0.0681231662262336,363.8044128417969,0.04547555160522461,0.03244639205932617,0.02445186996459961,0.038548782348632814,0.025776268005371094,ACTIVE,0,0,0,0,True,True,False,False,False,False,,,,,,,,,,6.0,3.0,20.0,0.25
emg,6465083935,5557139,1,,,13402,1.6752500000000001,0.04013729472321059,366.6298522949219,0.04582873153686524,0.03244639205932617,0.02445186996459961,0.038548782348632814,0.025776268005371094,ACTIVE,0,0,0,0,True,True,False,False,False,False,,,,,,,,,,6.0,3.0,20.0,0.25
emg,6465188610,5557229,1,,,13245,1.6556250000000001,0.016569447212119393,310.4157409667969,0.03880196762084961,0.03244639205932617,0.02445186996459961,0.038548782348632814,0.025776268005371094,ACTIVE,0,0,0,0,True,True,False,False,False,False,,,,,,,,,,6.0,3.0,20.0,0.25
emg,6465293286,5557319,1,,,13451,1.681375,0.03913947879997437,224.03717041015625,0.02800464630126953,0.03244639205932617,0.02445186996459961,0.038548782348632814,0.025776268005371094,ACTIVE,0,0,0,0,True,True,False,False,False,False,,,,,,,,,,6.0,3.0,20.0,0.25
emg,6465400286,5557410,1,,,13537,1.692125,0.046823482942862205,267.1127014160156,0.03338908767700195,0.03244639205932617,0.02445186996459961,0.038548782348632814,0.025776268005371094,ACTIVE,0,0,0,0,True,True,False,False,False,False,,,,,,,,,,6.0,3.0,20.0,0.25
emg,6465503785,5557500,1,,,13360,1.67,0.022096384506153477,240.79653930664062,0.03009956741333008,0.03244639205932617,0.02445186996459961,0.038548782348632814,0.025776268005371094,ACTIVE,0,0,0,0,True,True,False,False,False,False,,,,,,,,,,6.0,3.0,20.0,0.25
imu,6465600426,,,646146,1,,,,,,,,,,,,,,,,,,,,,-0.1756591796875,-0.078857421875,0.9114990234375,-0.08396946564885496,0.0916030534351145,0.007633587786259542,,,,6.0,3.0,20.0,0.25
imu,6465640426,,,646150,1,,,,,,,,,,,,,,,,,,,,,-0.172607421875,-0.0736083984375,0.908935546875,-0.030534351145038167,0.10687022900763359,0.05343511450381679,,,,6.0,3.0,20.0,0.25
emg,6465818964,5557771,1,,,13583,1.697875,0.047356760924819774,263.47198486328125,0.03293399810791016,0.03244639205932617,0.02445186996459961,0.038548782348632814,0.025776268005371094,REFRACTORY,0,0,0,0,False,False,False,False,False,False,,,,,,,,,,6.0,3.0,20.0,0.25
emg,6465912003,5557851,1,,,13372,1.6715,0.019002861436250074,192.7480010986328,0.024093500137329103,0.03244639205932617,0.02445186996459961,0.038548782348632814,0.025776268005371094,REFRACTORY,0,0,0,0,False,False,False,False,False,False,,,,,,,,,,6.0,3.0,20.0,0.25
emg,6466016666,5557941,1,,,13422,1.67775,0.023850346440902115,145.38510131835938,0.018173137664794923,0.03244639205932617,0.02445186996459961,0.038548782348632814,0.025776268005371094,REST,0,0,0,0,False,False,False,False,False,False,,,,,,,,,,6.0,3.0,20.0,0.25
imu,6466120431,,,646198,1,,,,,,,,,,,,,,,,,,,,,-0.1728515625,-0.074462890625,0.9111328125,-0.04580152671755725,0.08396946564885496,0.03816793893129771,,,,6.0,3.0,20.0,0.25
emg,6466226024,5558121,1,,,13161,1.645125,-0.010469673893533704,179.76815795898438,0.022471019744873047,0.032064544677734376,0.024216203689575194,0.038548782348632814,0.025776268005371094,REST,0,0,0,0,False,False,False,False,False,False,,,,,,,,,,6.0,3.0,20.0,0.25
emg,6466330676,5558211,1,,,13172,1.6465,-0.009491757370039045,126.69527435302734,0.01583690929412842,0.032064544677734376,0.024216203689575194,0.038548782348632814,0.025776268005371094,REST,0,0,0,0,False,False,False,False,False,False,,,,,,,,,,6.0,3.0,20.0,0.25
emg,6466435346,5558301,1,,,13345,1.668125,0.012091083512563605,85.99124908447266,0.010748906135559082,0.032064544677734376,0.024216203689575194,0.038548782348632814,0.025776268005371094,REST,0,0,0,0,False,False,False,False,False,False,,,,,,,,,,6.0,3.0,20.0,0.25
emg,6466540016,5558391,1,,,13352,1.669,0.013662682153197547,110.86407470703125,0.013858009338378906,0.032064544677734376,0.024216203689575194,0.038548782348632814,0.025776268005371094,REST,0,0,0,0,False,False,False,False,False,False,,,,,,,,,,6.0,3.0,20.0,0.25
emg,6466644692,5558481,1,,,13113,1.639125,-0.015527239264921278,141.46510314941406,0.01768313789367676,0.032064544677734376,0.024216203689575194,0.038548782348632814,0.025776268005371094,REST,0,0,0,0,False,False,False,False,False,False,,,,,,,,,,6.0,3.0,20.0,0.25
emg,6466749364,5558571,1,,,13085,1.635625,-0.018039354480221315,122.50894165039062,0.015313617706298828,0.032064544677734376,0.024216203689575194,0.038548782348632814,0.025776268005371094,REST,0,0,0,0,False,False,False,False,False,False,,,,,,,,,,6.0,3.0,20.0,0.25
emg,6466855186,5558662,1,,,13320,1.665,0.011899512560165748,118.88127136230469,0.014860158920288087,0.032064544677734376,0.024216203689575194,0.038548782348632814,0.025776268005371094,REST,0,0,0,0,False,False,False,False,False,False,,,,,,,,,,6.0,3.0,20.0,0.25
emg,6466959856,5558752,1,,,13288,1.661,0.00882090496434973,128.22662353515625,0.016028327941894533,0.032064544677734376,0.024216203689575194,0.038548782348632814,0.025776268005371094,REST,0,0,0,0,False,False,False,False,False,False,,,,,,,,,,6.0,3.0,20.0,0.25
emg,6467064535,5558842,1,,,12986,1.62325,-0.02832013683407153,99.301025390625,0.012412628173828126,0.03178272819519043,0.02403815269470215,0.038548782348632814,0.025776268005371094,REST,0,0,0,0,False,False,False,False,False,False,,,,,,,,,,6.0,3.0,20.0,0.25
emg,6467169548,5558932,1,,,12980,1.6225,-0.028469863029196407,145.86660766601562,0.018233325958251955,0.03178272819519043,0.02403815269470215,0.038548782348632814,0.025776268005371094,REST,0,0,0,0,False,False,False,False,False,False,,,,,,,,,,6.0,3.0,20.0,0.25
emg,6467273869,5559022,1,,,13242,1.65525,0.0047352225480767896,169.30201721191406,0.02116275215148926,0.03178272819519043,0.02403815269470215,0.038548782348632814,0.025776268005371094,REST,0,0,0,0,False,False,False,False,False,False,,,,,,,,,,6.0,3.0,20.0,0.25
emg,6467378539,5559112,1,,,13237,1.654625,0.004127624797598317,139.66493225097656,0.01745811653137207,0.03178272819519043,0.02403815269470215,0.038548782348632814,0.025776268005371094,REST,0,0,0,0,False,False,False,False,False,False,,,,,,,,,,6.0,3.0,20.0,0.25
emg,6467483212,5559202,1,,,13107,1.6383750000000001,-0.011969170250995864,97.01048278808594,0.012126310348510742,0.03178272819519043,0.02403815269470215,0.038548782348632814,0.025776268005371094,REST,0,0,0,0,False,False,False,False,False,False,,,,,,,,,,6.0,3.0,20.0,0.25
emg,6467588435,5559292,1,,,12897,1.612125,-0.038305894051198885,171.6402587890625,0.021455032348632812,0.03178272819519043,0.02403815269470215,0.038548782348632814,0.025776268005371094,REST,0,0,0,0,False,False,False,False,False,False,,,,,,,,,,6.0,3.0,20.0,0.25
emg,6467692571,5559382,1,,,13330,1.66625,0.015758267406559723,150.28671264648438,0.018785839080810548,0.03178272819519043,0.02403815269470215,0.038548782348632814,0.025776268005371094,REST,0,0,0,0,False,False,False,False,False,False,,,,,,,,,,6.0,3.0,20.0,0.25
emg,6467797216,5559472,1,,,13437,1.6796250000000001,0.028844422761790334,133.05526733398438,0.016631908416748047,0.03178272819519043,0.02403815269470215,0.038548782348632814,0.025776268005371094,REST,0,0,0,0,False,False,False,False,False,False,,,,,,,,,,6.0,3.0,20.0,0.25
emg,6467901882,5559562,1,,,13293,1.6616250000000001,0.010700216476013491,142.52687072753906,0.017815858840942382,0.03178272819519043,0.02403815269470215,0.038548782348632814,0.025776268005371094,REST,0,0,0,0,False,False,False,False,False,False,,,,,,,,,,6.0,3.0,20.0,0.25
emg,6468007642,5559652,1,,,13110,1.63875,-0.012469010422097693,151.73606872558594,0.018967008590698244,0.03178272819519043,0.02403815269470215,0.038548782348632814,0.025776268005371094,REST,0,0,0,0,False,False,False,False,False,False,,,,,,,,,,6.0,3.0,20.0,0.25
emg,6468099647,5559732,1,,,13353,1.669125,0.017579159436142744,116.10118103027344,0.01451264762878418,0.0316065673828125,0.023927579879760744,0.038548782348632814,0.025776268005371094,REST,0,0,0,0,False,False,False,False,False,False,,,,,,,,,,6.0,3.0,20.0,0.25
imu,6468200461,,,646406,1,,,,,,,,,,,,,,,,,,,,,-0.174072265625,-0.077880859375,0.9049072265625,0.007633587786259542,0.015267175572519083,0.022900763358778626,,,,6.0,3.0,20.0,0.25
imu,6468240429,,,646410,1,,,,,,,,,,,,,,,,,,,,,-0.1708984375,-0.0753173828125,0.9124755859375,-0.015267175572519083,0.09923664122137404,0.04580152671755725,,,,6.0,3.0,20.0,0.25
emg,6468413615,5560002,1,,,13375,1.671875,0.013571762611858329,128.1363525390625,0.016017044067382812,0.0316065673828125,0.023927579879760744,0.038548782348632814,0.025776268005371094,ACTIVE,0,0,0,0,False,True,False,False,False,False,,,,,,,,,,6.0,3.0,20.0,0.25
emg,6468518867,5560092,1,,,13334,1.66675,0.008698052392489108,157.0430450439453,0.019630380630493164,0.0316065673828125,0.023927579879760744,0.038548782348632814,0.025776268005371094,REFRACTORY,0,0,0,0,False,False,False,False,False,False,,,,,,,,,,6.0,3.0,20.0,0.25
emg,6468622956,5560182,1,,,13125,1.640625,-0.016499524915702057,161.8805389404297,0.020235067367553712,0.0316065673828125,0.023927579879760744,0.038548782348632814,0.025776268005371094,REFRACTORY,0,0,0,0,False,False,False,False,False,False,,,,,,,,,,6.0,3.0,20.0,0.25
imu,6468720426,,,646458,1,,,,,,,,,,,,,,,,,,,,,-0.17138671875,-0.0751953125,0.9119873046875,-0.061068702290076333,0.061068702290076333,0.061068702290076333,,,,6.0,3.0,20.0,0.25
emg,6468832302,5560362,1,,,13170,1.64625,-0.007323075102781518,201.06056213378906,0.025132570266723633,0.0316065673828125,0.023927579879760744,0.038548782348632814,0.025776268005371094,REST,0,0,0,0,False,False,False,False,False,False,,,,,,,,,,6.0,3.0,20.0,0.25
emg,6468937572,5560452,1,,,13237,1.654625,0.0027989629091131896,193.60902404785156,0.024201128005981447,0.0316065673828125,0.023927579879760744,0.038548782348632814,0.025776268005371094,REST,0,0,0,0,False,False,False,False,False,False,,,,,,,,,,6.0,3.0,20.0,0.25
emg,6469041651,5560542,1,,,12986,1.62325,-0.02703809622888076,153.5238494873047,0.019190481185913086,0.0316065673828125,0.023927579879760744,0.038548782348632814,0.025776268005371094,REST,0,0,0,0,False,False,False,False,False,False,,,,,,,,,,6.0,3.0,20.0,0.25
emg,6469146296,5560632,1,,,13111,1.638875,-0.010391259567379407,229.01437377929688,0.02862679672241211,0.0316065673828125,0.023927579879760744,0.038548782348632814,0.025776268005371094,REST,0,0,0,0,False,False,False,False,False,False,,,,,,,,,,6.0,3.0,20.0,0.25
emg,6469250971,5560722,1,,,13407,1.675875,0.026975826144496562,549.0289306640625,0.06862861633300782,0.0316065673828125,0.023927579879760744,0.038548782348632814,0.025776268005371094,ACTIVE,0,0,0,0,False,False,False,False,False,False,,,,,,,,,,6.0,3.0,20.0,0.25
emg,6469355647,5560812,1,,,12860,1.6075,-0.041561348256562214,132.62234497070312,0.01657779312133789,0.0316065673828125,0.023927579879760744,0.038548782348632814,0.025776268005371094,ACTIVE,0,0,0,0,True,True,False,False,False,False,,,,,,,,,,6.0,3.0,20.0,0.25
emg,6469460480,5560902,1,,,13620,1.7025000000000001,0.05305590776071156,248.865234375,0.031108154296875,0.0316065673828125,0.023927579879760744,0.038548782348632814,0.025776268005371094,ACTIVE,0,0,0,0,True,True,False,False,False,False,,,,,,,,,,6.0,3.0,20.0,0.25
emg,6469564986,5560992,1,,,13392,1.674,0.023528230399756156,278.54632568359375,0.03481829071044922,0.0316065673828125,0.023927579879760744,0.038548782348632814,0.025776268005371094,ACTIVE,0,0,0,0,True,True,False,False,False,False,,,,,,,,,,6.0,3.0,20.0,0.25
emg,6469669649,5561082,1,,,13407,1.675875,0.02326520096708684,371.072021484375,0.04638400268554688,0.0316065673828125,0.023927579879760744,0.038548782348632814,0.025776268005371094,ACTIVE,0,0,0,0,True,True,False,False,False,False,,,,,,,,,,6.0,3.0,20.0,0.25
emg,6469774319,5561172,1,,,13634,1.70425,0.048500738400807375,264.6796569824219,0.03308495712280274,0.0316065673828125,0.023927579879760744,0.038548782348632814,0.025776268005371094,ACTIVE,0,0,0,0,True,True,False,False,False,False,,,,,,,,,,6.0,3.0,20.0,0.25
emg,6469879550,5561262,1,,,13508,1.6885000000000001,0.031557589656160845,149.38430786132812,0.018673038482666018,0.0316065673828125,0.023927579879760744,0.038548782348632814,0.025776268005371094,ACTIVE,0,0,0,0,True,True,False,False,False,False,,,,,,,,,,6.0,3.0,20.0,0.25
emg,6469983671,5561352,1,,,13230,1.65375,-0.002718416353981956,245.33309936523438,0.030666637420654296,0.0316065673828125,0.023927579879760744,0.038548782348632814,0.025776268005371094,ACTIVE,0,0,0,0,True,True,False,False,False,False,,,,,,,,,,6.0,3.0,20.0,0.25
emg,6470088326,5561442,1,,,12962,1.62025,-0.034458330220495714,216.00991821289062,0.027001239776611327,0.0316065673828125,0.023927579879760744,0.038548782348632814,0.025776268005371094,ACTIVE,0,0,0,0,True,True,False,False,False,False,,,,,,,,,,6.0,3.0,20.0,0.25
emg,6470192999,5561532,1,,,13050,1.63125,-0.021951562615026177,195.29104614257812,0.024411380767822267,0.0316065673828125,0.023927579879760744,0.038548782348632814,0.025776268005371094,ACTIVE,0,0,0,0,True,True,False,False,False,False,,,,,,,,,,6.0,3.0,20.0,0.25
emg,6470297669,5561622,1,,,13311,1.663875,0.011942718989345291,260.82122802734375,0.03260265350341797,0.0316065673828125,0.023927579879760744,0.038548782348632814,0.025776268005371094,ACTIVE,0,0,0,0,True,True,False,False,False,False,,,,,,,,,,6.0,3.0,20.0,0.25
emg,6470402357,5561712,1,,,13220,1.6525,0.0017042902853856567,173.87881469726562,0.021734851837158203,0.0316065673828125,0.023927579879760744,0.038548782348632814,0.025776268005371094,ACTIVE,0,0,0,0,True,True,False,False,False,False,,,,,,,,,,6.0,3.0,20.0,0.25
emg,6470507017,5561802,1,,,12655,1.5818750000000001,-0.06752508446294381,266.5126647949219,0.03331408309936523,0.0316065673828125,0.023927579879760744,0.038548782348632814,0.025776268005371094,ACTIVE,0,0,0,0,True,True,False,False,False,False,,,,,,,,,,6.0,3.0,20.0,0.25
emg,6470612837,5561893,1,,,12995,1.6243750000000001,-0.023587295547927267,237.31884765625,0.02966485595703125,0.0316065673828125,0.023927579879760744,0.038548782348632814,0.025776268005371094,ACTIVE,0,0,0,0,True,True,False,False,False,False,,,,,,,,,,6.0,3.0,20.0,0.25
emg,6470705882,5561973,1,,,12738,1.59225,-0.054230396228845956,242.57984924316406,0.030322481155395507,0.0316065673828125,0.023927579879760744,0.038548782348632814,0.025776268005371094,ACTIVE,0,0,0,0,True,True,False,False,False,False,,,,,,,,,,6.0,3.0,20.0,0.25
imu,6470800428,,,646666,1,,,,,,,,,,,,,,,,,,,,,-0.17041015625,-0.0755615234375,0.904052734375,-0.8854961832061069,-0.12213740458015267,-0.12213740458015267,,,,6.0,3.0,20.0,0.25
imu,6470840464,,,646670,1,,,,,,,,,,,,,,,,,,,,,-0.175537109375,-0.0767822265625,0.91455078125,0.08396946564885496,0.07633587786259542,-0.007633587786259542,,,,6.0,3.0,20.0,0.25
emg,6471019892,5562243,1,,,13314,1.66425,0.02041496655590125,175.6658477783203,0.02195823097229004,0.0316065673828125,0.023927579879760744,0.038548782348632814,0.025776268005371094,ACTIVE,0,0,0,0,True,True,False,False,False,False,,,,,,,,,,6.0,3.0,20.0,0.25
emg,6471124562,5562333,1,,,15972,1.9965,0.3152729629661508,3335.744384765625,0.41696804809570315,0.0316065673828125,0.023927579879760744,0.038548782348632814,0.025776268005371094,ACTIVE,0,0,0,0,True,True,False,False,False,False,,,,,,,,,,6.0,3.0,20.0,0.25
emg,6471229235,5562423,1,,,13600,1.7,0.0038678604744484257,695.4991455078125,0.08693739318847657,0.0316065673828125,0.023927579879760744,0.038548782348632814,0.025776268005371094,ACTIVE,0,0,0,0,True,True,False,False,False,False,,,,,,,,,,6.0,3.0,20.0,0.25
emg,6471333913,5562513,1,,,11431,1.4288750000000001,-0.25941678194967643,1264.5126953125,0.1580640869140625,0.0316065673828125,0.023927579879760744,0.038548782348632814,0.025776268005371094,ACTIVE,0,0,0,0,True,True,False,False,False,False,,,,,,,,,,6.0,3.0,20.0,0.25
emg,6471438572,5562603,1,,,11934,1.4917500000000001,-0.17305078899173898,1631.143798828125,0.20389297485351562,0.0316065673828125,0.023927579879760744,0.038548782348632814,0.025776268005371094,ACTIVE,0,0,0,0,True,True,False,False,False,False,,,,,,,,,,6.0,3.0,20.0,0.25
emg,6471543239,5562693,1,,,12153,1.519125,-0.130790204375679,965.4716796875,0.1206839599609375,0.0316065673828125,0.023927579879760744,0.038548782348632814,0.025776268005371094,ACTIVE,0,0,0,0,True,True,False,False,False,False,,,,,,,,,,6.0,3.0,20.0,0.25
emg,6471647905,5562783,1,,,11607,1.4508750000000001,-0.18410492714885773,1350.463623046875,0.16880795288085937,0.0316065673828125,0.023927579879760744,0.038548782348632814,0.025776268005371094,ACTIVE,0,0,0,0,True,True,False,False,False,False,,,,,,,,,,6.0,3.0,20.0,0.25
emg,6471753685,5562873,1,,,11929,1.491125,-0.12823801046718142,1299.0653076171875,0.16238316345214845,0.0316065673828125,0.023927579879760744,0.038548782348632814,0.025776268005371094,ACTIVE,0,0,0,0,True,True,False,False,False,False,,,,,,,,,,6.0,3.0,20.0,0.25
emg,6471857284,5562963,1,,,11833,1.479125,-0.12853389452714992,859.77294921875,0.10747161865234375,0.0316065673828125,0.023927579879760744,0.038548782348632814,0.025776268005371094,ACTIVE,0,0,0,0,True,True,False,False,False,False,,,,,,,,,,6.0,3.0,20.0,0.25
emg,6471961915,5563053,1,,,17175,2.146875,0.5442750030138261,1282.9921875,0.1603740234375,0.0316065673828125,0.023927579879760744,0.038548782348632814,0.025776268005371094,ACTIVE,0,0,0,0,True,True,False,False,False,False,,,,,,,,,,6.0,3.0,20.0,0.25
emg,6472066592,5563143,1,,,10295,1.286875,-0.3529054890810459,2130.888427734375,0.2663610534667969,0.0316065673828125,0.023927579879760744,0.038548782348632814,0.025776268005371094,ACTIVE,0,0,0,0,True,True,False,False,False,False,,,,,,,,,,6.0,3.0,20.0,0.25
emg,6472171268,5563233,1,,,12941,1.617625,-0.010421929829874665,1049.0645751953125,0.13113307189941406,0.0316065673828125,0.023927579879760744,0.038548782348632814,0.025776268005371094,ACTIVE,0,0,0,0,True,True,False,False,False,False,,,,,,,,,,6.0,3.0,20.0,0.25
emg,6472276502,5563323,1,,,13286,1.66075,0.03691508187338166,267.5064697265625,0.03343830871582031,0.0316065673828125,0.023927579879760744,0.038548782348632814,0.025776268005371094,ACTIVE,0,0,0,0,True,True,False,False,False,False,,,,,,,,,,6.0,3.0,20.0,0.25
emg,6472380609,5563413,1,,,13132,1.6415,0.012178131849843954,579.6907958984375,0.07246134948730469,0.0316065673828125,0.023927579879760744,0.038548782348632814,0.025776268005371094,ACTIVE,0,0,0,0,True,True,False,False,False,False,,,,,,,,,,6.0,3.0,20.0,0.25
emg,6472485272,5563503,1,,,12809,1.6011250000000001,-0.031034257804608556,195.9068145751953,0.024488351821899415,0.0316065673828125,0.023927579879760744,0.038548782348632814,0.025776268005371094,ACTIVE,0,0,0,0,True,True,False,False,False,False,,,,,,,,,,6.0,3.0,20.0,0.25
emg,6472589939,5563593,1,,,11891,1.486375,-0.13761500863985376,837.3641967773438,0.10467052459716797,0.0316065673828125,0.023927579879760744,0.038548782348632814,0.025776268005371094,ACTIVE,0,0,0,0,True,True,False,False,False,False,,,,,,,,,,6.0,3.0,20.0,0.25
emg,6472695243,5563683,1,,,12459,1.557375,-0.05734145006370173,681.9952392578125,0.08524940490722656,0.0316065673828125,0.023927579879760744,0.038548782348632814,0.025776268005371094,ACTIVE,0,0,0,0,True,True,False,False,False,False,,,,,,,,,,6.0,3.0,20.0,0.25
emg,6472799302,5563773,1,,,12729,1.5911250000000001,-0.018529249511650914,327.7954406738281,0.04097443008422852,0.0316065673828125,0.023927579879760744,0.038548782348632814,0.025776268005371094,ACTIVE,0,0,0,0,True,True,False,False,False,False,,,,,,,,,,6.0,3.0,20.0,0.25
imu,6472880426,,,646874,1,,,,,,,,,,,,,,,,,,,,,-0.1734619140625,-0.07470703125,0.908203125,-0.09923664122137404,0.030534351145038167,0.030534351145038167,,,,6.0,3.0,20.0,0.25
emg,6473008622,5563953,1,,,12734,1.59175,-0.016275078266242637,168.62484741210938,0.02107810592651367,0.0316065673828125,0.023927579879760744,0.038548782348632814,0.025776268005371094,ACTIVE,0,0,0,0,True,True,False,False,False,False,,,,,,,,,,6.0,3.0,20.0,0.25
emg,6473113298,5564043,1,,,13129,1.641125,0.032095256253588555,152.1211395263672,0.0190151424407959,0.0316065673828125,0.023927579879760744,0.038548782348632814,0.025776268005371094,REFRACTORY,0,0,0,0,False,False,False,False,False,False,,,,,,,,,,6.0,3.0,20.0,0.25
emg,6473208673,5564124,1,,,13055,1.631875,0.02175704922297661,180.27745056152344,0.02253468132019043,0.0316065673828125,0.023927579879760744,0.038548782348632814,0.025776268005371094,REFRACTORY,0,0,0,0,False,False,False,False,False,False,,,,,,,,,,6.0,3.0,20.0,0.25
emg,6473312162,5564214,1,,,12595,1.574375,-0.038370814923743835,276.3662414550781,0.03454578018188477,0.0316065673828125,0.023927579879760744,0.038548782348632814,0.025776268005371094,REFRACTORY,0,0,0,0,False,False,False,False,False,False,,,,,,,,,,6.0,3.0,20.0,0.25
imu,6473400429,,,646926,1,,,,,,,,,,,,,,,,,,,,,-0.175048828125,-0.0772705078125,0.906982421875,-0.06870229007633588,-0.015267175572519083,0.07633587786259542,,,,6.0,3.0,20.0,0.25
emg,6473522229,5564394,1,,,13100,1.6375,0.01903789540869827,257.4510803222656,0.03218138504028321,0.0316065673828125,0.023927579879760744,0.038548782348632814,0.025776268005371094,ACTIVE,0,0,0,0,False,True,False,False,False,False,,,,,,,,,,6.0,3.0,20.0,0.25
emg,6473626197,5564484,1,,,13092,1.6365,0.014949116008192709,279.06207275390625,0.03488275909423828,0.0316065673828125,0.023927579879760744,0.038548782348632814,0.025776268005371094,ACTIVE,0,0,0,0,False,True,False,False,False,False,,,,,,,,,,6.0,3.0,20.0,0.25
emg,6473730842,5564574,1,,,13029,1.628625,0.004526054397048673,234.9087677001953,0.029363595962524414,0.0316065673828125,0.023927579879760744,0.038548782348632814,0.025776268005371094,ACTIVE,0,0,0,0,False,True,False,False,False,False,,,,,,,,,,6.0,3.0,20.0,0.25
emg,6473835510,5564664,1,,,13436,1.6795,0.05308910349305185,198.96278381347656,0.02487034797668457,0.0316065673828125,0.023927579879760744,0.038548782348632814,0.025776268005371094,ACTIVE,0,0,0,0,False,True,False,False,False,False,,,,,,,,,,6.0,3.0,20.0,0.25
emg,6473940195,5564754,1,,,12974,1.62175,-0.006669126160284922,247.31983947753906,0.030914979934692385,0.0316065673828125,0.023927579879760744,0.038548782348632814,0.025776268005371094,ACTIVE,0,0,0,0,False,True,False,False,False,False,,,,,,,,,,6.0,3.0,20.0,0.25
emg,6474045132,5564844,1,,,13232,1.6540000000000001,0.02361710031772546,219.037841796875,0.027379730224609374,0.0316065673828125,0.023927579879760744,0.038548782348632814,0.025776268005371094,ACTIVE,0,0,0,0,False,True,False,False,False,False,,,,,,,,,,6.0,3.0,20.0,0.25
emg,6474149531,5564934,1,,,13279,1.659875,0.027130372380485435,225.7701873779297,0.028221273422241212,0.0316065673828125,0.023927579879760744,0.038548782348632814,0.025776268005371094,ACTIVE,0,0,0,0,False,True,False,False,False,False,,,,,,,,,,6.0,3.0,20.0,0.25
emg,6474254192,5565024,1,,,13355,1.669375,0.03444517580744755,235.39369201660156,0.029424211502075196,0.0316065673828125,0.023927579879760744,0.038548782348632814,0.025776268005371094,ACTIVE,0,0,0,0,False,True,False,False,False,False,,,,,,,,,,6.0,3.0,20.0,0.25
emg,6474360028,5565115,1,,,13338,1.6672500000000001,0.030850359312948994,179.96771240234375,0.022495964050292968,0.0316065673828125,0.023927579879760744,0.038548782348632814,0.025776268005371094,ACTIVE,0,0,0,0,False,True,False,False,False,False,,,,,,,,,,6.0,3.0,20.0,0.25
emg,6474466633,5565205,1,,,13099,1.637375,-0.0007320362260656577,190.02005004882812,0.023752506256103516,0.0316065673828125,0.023927579879760744,0.038548782348632814,0.025776268005371094,ACTIVE,0,0,0,0,False,True,False,False,False,False,,,,,,,,,,6.0,3.0,20.0,0.25
emg,6474570529,5565296,1,,,13381,1.672625,0.032602694834260815,219.14561462402344,0.02739320182800293,0.0316065673828125,0.023927579879760744,0.038548782348632814,0.025776268005371094,ACTIVE,0,0,0,0,False,True,False,False,False,False,,,,,,,,,,6.0,3.0,20.0,0.25
emg,6474675198,5565386,1,,,13368,1.671,0.029488546863707832,149.0103302001953,0.018626291275024416,0.0316065673828125,0.023927579879760744,0.038548782348632814,0.025776268005371094,ACTIVE,0,0,0,0,False,True,False,False,False,False,,,,,,,,,,6.0,3.0,20.0,0.25
emg,6474779871,5565476,1,,,13222,1.65275,0.010311919021178229,156.08592224121094,0.019510740280151366,0.0316065673828125,0.023927579879760744,0.038548782348632814,0.025776268005371094,REFRACTORY,0,0,0,0,False,False,False,False,False,False,,,,,,,,,,6.0,3.0,20.0,0.25
emg,6474884547,5565566,1,,,13177,1.647125,0.00327153460120444,178.12782287597656,0.02226597785949707,0.0316065673828125,0.023927579879760744,0.038548782348632814,0.025776268005371094,REFRACTORY,0,0,0,0,False,False,False,False,False,False,,,,,,,,,,6.0,3.0,20.0,0.25
emg,6474989547,5565656,1,,,13040,1.6300000000000001,-0.014620829054949436,152.9468231201172,0.01911835289001465,0.0316065673828125,0.023927579879760744,0.038548782348632814,0.025776268005371094,REFRACTORY,0,0,0,0,False,False,False,False,False,False,,,,,,,,,,6.0,3.0,20.0,0.25
emg,6475093881,5565746,1,,,13332,1.6665,0.02064594027170563,163.66329956054688,0.02045791244506836,0.0316065673828125,0.023927579879760744,0.038548782348632814,0.025776268005371094,REST,0,0,0,0,False,False,False,False,False,False,,,,,,,,,,6.0,3.0,20.0,0.25
emg,6475198551,5565836,1,,,13360,1.67,0.02301096928057067,141.50831604003906,0.017688539505004885,0.0316065673828125,0.023927579879760744,0.038548782348632814,0.025776268005371094,REST,0,0,0,0,False,False,False,False,False,False,,,,,,,,,,6.0,3.0,20.0,0.25
emg,6475303224,5565926,1,,,13096,1.637,-0.010456144773629106,143.21875,0.01790234375,0.0316065673828125,0.023927579879760744,0.038548782348632814,0.025776268005371094,REST,0,0,0,0,False,False,False,False,False,False,,,,,,,,,,6.0,3.0,20.0,0.25
emg,6475396840,5566006,1,,,13282,1.66025,0.012456048782645723,132.57301330566406,0.01657162666320801,0.0316065673828125,0.023927579879760744,0.038548782348632814,0.025776268005371094,REST,0,0,0,0,False,False,False,False,False,False,,,,,,,,,,6.0,3.0,20.0,0.25
imu,6475480426,,,647134,1,,,,,,,,,,,,,,,,,,,,,-0.174560546875,-0.0745849609375,0.9105224609375,-0.10687022900763359,0.030534351145038167,0.04580152671755725,,,,6.0,3.0,20.0,0.25
emg,6475617231,5566196,1,,,13416,1.677,0.02872573087256658,135.74484252929688,0.01696810531616211,0.031593591690063476,0.023918037414550782,0.038548782348632814,0.025776268005371094,REST,0,0,0,0,False,False,False,False,False,False,,,,,,,,,,6.0,3.0,20.0,0.25
emg,6475721896,5566286,1,,,13134,1.64175,-0.006369950187647078,151.72122192382812,0.018965152740478514,0.031593591690063476,0.023918037414550782,0.038548782348632814,0.025776268005371094,REST,0,0,0,0,False,False,False,False,False,False,,,,,,,,,,6.0,3.0,20.0,0.25
emg,6475816662,5566367,1,,,13248,1.6560000000000001,0.008145998553525935,151.07447814941406,0.01888430976867676,0.031593591690063476,0.023918037414550782,0.038548782348632814,0.025776268005371094,REST,0,0,0,0,False,False,False,False,False,False,,,,,,,,,,6.0,3.0,20.0,0.25
emg,6475920780,5566457,1,,,13219,1.652375,0.004449158582856105,137.90933227539062,0.017238666534423828,0.031593591690063476,0.023918037414550782,0.038548782348632814,0.025776268005371094,REST,0,0,0,0,False,False,False,False,False,False,,,,,,,,,,6.0,3.0,20.0,0.25
imu,6476000428,,,647186,1,,,,,,,,,,,,,,,,,,,,,-0.175537109375,-0.07666015625,0.9075927734375,-0.05343511450381679,0.061068702290076333,0.09923664122137404,,,,6.0,3.0,20.0,0.25
emg,6476130122,5566637,1,,,13046,1.6307500000000001,-0.017779445981934483,176.9678497314453,0.022120981216430663,0.031593591690063476,0.023918037414550782,0.038548782348632814,0.025776268005371094,REST,0,0,0,0,False,False,False,False,False,False,,,,,,,,,,6.0,3.0,20.0,0.25
emg,6476235342,5566727,1,,,13334,1.66675,0.018494965933263385,159.32273864746094,0.019915342330932617,0.031593591690063476,0.023918037414550782,0.038548782348632814,0.025776268005371094,REST,0,0,0,0,False,False,False,False,False,False,,,,,,,,,,6.0,3.0,20.0,0.25
emg,6476339483,5566817,1,,,13375,1.671875,0.024133165842590065,141.4439697265625,0.017680496215820313,0.031593591690063476,0.023918037414550782,0.038548782348632814,0.025776268005371094,REST,0,0,0,0,False,False,False,False,False,False,,,,,,,,,,6.0,3.0,20.0,0.25
emg,6476444121,5566907,1,,,13089,1.636125,-0.011521239734871402,155.17779541015625,0.01939722442626953,0.031593591690063476,0.023918037414550782,0.038548782348632814,0.025776268005371094,REST,0,0,0,0,False,False,False,False,False,False,,,,,,,,,,6.0,3.0,20.0,0.25
